Cloud_Provider,Service,Region,Usage_Hours,Data_Transfer_GB,Storage_GB,Actual_Monthly_Cost,Predicted_Monthly_Cost,Prediction_Error,Absolute_Error,Best_Model
AWS,EC2,eu-west-1,710,102.76,154.79,974.46,449.9960730718311,524.4639269281689,524.4639269281689,Gradient Boosting
Azure,Azure SQL,westeurope,707,437.04,375.64,964.55,442.0344270078931,522.5155729921069,522.5155729921069,Gradient Boosting
AWS,RDS,us-east-1,674,178.17,422.07,911.94,379.4198897078929,532.5201102921071,532.5201102921071,Gradient Boosting
Azure,Azure SQL,centralindia,32,628.02,1259.31,829.9,270.903420203116,558.9965797968839,558.9965797968839,Gradient Boosting
Azure,Azure SQL,westus,620,110.26,792.09,795.98,391.64098889479544,404.3390111052046,404.3390111052046,Gradient Boosting
Azure,Virtual Machines,eastus,692,110.03,264.86,791.37,432.440398095514,358.929601904486,358.929601904486,Gradient Boosting
Azure,Azure SQL,centralindia,188,283.63,637.34,789.43,194.94307497126294,594.486925028737,594.486925028737,Gradient Boosting
Azure,Virtual Machines,eastus,74,138.89,1008.66,788.52,171.07347822924729,617.4465217707527,617.4465217707527,Gradient Boosting
AWS,EC2,eu-west-1,678,268.49,150.61,784.35,426.50249712925176,357.84750287074826,357.84750287074826,Gradient Boosting
Azure,Virtual Machines,eastus,242,270.34,654.91,735.22,181.56992147354032,553.6500785264598,553.6500785264598,Gradient Boosting
Azure,Azure SQL,centralindia,58,94.39,697.09,733.92,170.1417331418944,563.7782668581056,563.7782668581056,Gradient Boosting
AWS,EC2,ap-south-1,625,215.52,276.93,673.92,414.1691157292075,259.7508842707925,259.7508842707925,Gradient Boosting
Azure,Virtual Machines,centralindia,623,210.62,808.38,669.98,361.7580414389435,308.2219585610565,308.2219585610565,Gradient Boosting
AWS,RDS,us-east-1,605,204.84,629.11,668.47,390.7901328669013,277.67986713309875,277.67986713309875,Gradient Boosting
Azure,Azure SQL,westus,704,295.55,491.03,661.14,436.7347586108358,224.4052413891642,224.4052413891642,Gradient Boosting
GCP,Compute Engine,asia-south1,604,317.76,458.79,653.86,301.92049760071836,351.93950239928165,351.93950239928165,Gradient Boosting
AWS,EC2,eu-west-1,600,111.23,112.1,636.92,418.18257856090094,218.73742143909902,218.73742143909902,Gradient Boosting
AWS,EC2,us-east-1,452,59.97,2600.44,599.88,350.3046555122135,249.57534448778648,249.57534448778648,Gradient Boosting
GCP,Compute Engine,europe-west1,607,101.9,1179.06,593.94,314.13331104369865,279.8066889563014,279.8066889563014,Gradient Boosting
Azure,Virtual Machines,eastus,566,102.18,209.55,592.3,335.7182994234894,256.58170057651057,256.58170057651057,Gradient Boosting
AWS,RDS,ap-south-1,509,224.94,654.98,591.47,318.75123504629084,272.7187649537092,272.7187649537092,Gradient Boosting
AWS,EC2,us-west-2,491,237.07,756.47,580.34,328.63890960886073,251.7010903911393,251.7010903911393,Gradient Boosting
GCP,Compute Engine,asia-south1,630,125.66,217.75,579.79,302.484991385479,277.30500861452094,277.30500861452094,Gradient Boosting
GCP,Compute Engine,asia-south1,665,207.17,391.56,552.35,314.40450362568515,237.94549637431487,237.94549637431487,Gradient Boosting
AWS,RDS,us-west-2,614,348.79,184.14,546.39,366.35803459177265,180.03196540822734,180.03196540822734,Gradient Boosting
Azure,Virtual Machines,westeurope,184,454.06,341.71,545.63,171.7888914711933,373.84110852880667,373.84110852880667,Gradient Boosting
AWS,RDS,us-west-2,660,212.34,171.19,545.45,373.1313419813531,172.31865801864694,172.31865801864694,Gradient Boosting
Azure,Azure SQL,eastus,441,232.27,1123.43,542.38,347.0823330323387,195.2976669676613,195.2976669676613,Gradient Boosting
AWS,EC2,us-east-1,710,143.37,829.46,540.36,443.2245379884867,97.13546201151331,97.13546201151331,Gradient Boosting
GCP,Cloud SQL,us-west1,100,372.0,601.08,539.8,136.64522063433552,403.15477936566447,403.15477936566447,Gradient Boosting
AWS,EC2,us-west-2,640,221.92,4060.9,520.72,455.63969548112783,65.0803045188722,65.0803045188722,Gradient Boosting
Azure,Virtual Machines,centralindia,146,131.06,1493.15,520.51,178.29352454308312,342.2164754569169,342.2164754569169,Gradient Boosting
AWS,EC2,ap-south-1,76,405.19,1317.85,510.47,185.75772504723332,324.71227495276673,324.71227495276673,Gradient Boosting
GCP,Compute Engine,asia-south1,43,332.15,542.69,506.8,129.45439137675328,377.34560862324673,377.34560862324673,Gradient Boosting
AWS,RDS,us-west-2,697,633.06,564.08,506.64,379.98073961970226,126.65926038029772,126.65926038029772,Gradient Boosting
AWS,EC2,ap-south-1,433,171.96,1936.72,499.32,317.0421413407867,182.27785865921328,182.27785865921328,Gradient Boosting
GCP,Cloud SQL,us-west1,444,532.05,257.64,497.47,222.22739399934568,275.24260600065435,275.24260600065435,Gradient Boosting
AWS,RDS,eu-west-1,714,65.15,1815.88,496.29,438.78752856483834,57.50247143516168,57.50247143516168,Gradient Boosting
AWS,EC2,us-east-1,75,219.22,316.99,495.86,160.8889138992121,334.97108610078794,334.97108610078794,Gradient Boosting
AWS,EC2,eu-west-1,58,114.86,311.54,494.88,159.30508998919515,335.57491001080484,335.57491001080484,Gradient Boosting
Azure,Azure SQL,centralindia,684,298.08,305.5,491.83,423.2863061535692,68.54369384643076,68.54369384643076,Gradient Boosting
Azure,Virtual Machines,centralindia,537,313.24,312.17,490.72,334.83757095573134,155.8824290442687,155.8824290442687,Gradient Boosting
Azure,Azure SQL,westeurope,464,159.6,619.88,489.3,323.80132739550163,165.49867260449838,165.49867260449838,Gradient Boosting
Azure,Virtual Machines,westus,521,126.11,535.39,485.4,307.8245416511888,177.5754583488112,177.5754583488112,Gradient Boosting
GCP,Cloud SQL,asia-south1,716,183.76,672.81,482.86,311.6990723779269,171.16092762207313,171.16092762207313,Gradient Boosting
Azure,Azure SQL,eastus,710,207.74,279.02,482.6,439.19454982231133,43.40545017768869,43.40545017768869,Gradient Boosting
AWS,RDS,ap-south-1,229,524.64,721.08,482.41,209.20066519059168,273.20933480940835,273.20933480940835,Gradient Boosting
AWS,EC2,eu-west-1,558,323.32,876.94,481.18,369.8117684915014,111.36823150849858,111.36823150849858,Gradient Boosting
AWS,EC2,ap-south-1,716,166.15,403.95,478.56,432.8295955913663,45.73040440863372,45.73040440863372,Gradient Boosting
Azure,Virtual Machines,eastus,707,135.14,2216.49,478.31,430.1364091460389,48.173590853961116,48.173590853961116,Gradient Boosting
Azure,Azure SQL,westus,674,149.17,394.68,478.03,432.0405986543658,45.98940134563418,45.98940134563418,Gradient Boosting
AWS,EC2,ap-south-1,169,305.47,1922.59,477.63,197.90842187947035,279.72157812052967,279.72157812052967,Gradient Boosting
AWS,RDS,eu-west-1,641,86.25,780.47,472.56,394.9811101914193,77.5788898085807,77.5788898085807,Gradient Boosting
AWS,RDS,us-east-1,720,221.39,272.21,470.32,418.50760786365726,51.81239213634274,51.81239213634274,Gradient Boosting
GCP,Cloud SQL,asia-south1,108,403.99,460.93,469.17,125.81684449064166,343.3531555093584,343.3531555093584,Gradient Boosting
AWS,EC2,ap-south-1,699,223.37,323.13,467.83,432.4241752058955,35.40582479410449,35.40582479410449,Gradient Boosting
Azure,Azure SQL,centralindia,671,290.5,577.2,467.76,436.298634806482,31.461365193517963,31.461365193517963,Gradient Boosting
Azure,Azure SQL,eastus,543,344.03,982.93,463.18,379.06816478732986,84.11183521267014,84.11183521267014,Gradient Boosting
GCP,Cloud SQL,asia-south1,675,625.68,318.25,461.02,311.5250126817301,149.49498731826986,149.49498731826986,Gradient Boosting
Azure,Azure SQL,westeurope,142,84.85,315.36,459.51,181.1391521649528,278.3708478350472,278.3708478350472,Gradient Boosting
Azure,Azure SQL,eastus,170,343.35,141.17,455.5,179.5667840465554,275.9332159534446,275.9332159534446,Gradient Boosting
Azure,Azure SQL,centralindia,65,400.83,209.02,454.88,144.4561065982828,310.42389340171724,310.42389340171724,Gradient Boosting
Azure,Virtual Machines,centralindia,527,121.41,513.61,454.46,317.62627949121617,136.8337205087838,136.8337205087838,Gradient Boosting
AWS,EC2,us-west-2,528,144.04,432.16,453.03,363.00612362022474,90.02387637977523,90.02387637977523,Gradient Boosting
GCP,Cloud SQL,us-central1,553,57.3,271.99,452.26,263.0534823949471,189.2065176050529,189.2065176050529,Gradient Boosting
Azure,Azure SQL,eastus,112,249.55,285.68,451.93,174.12229604772847,277.80770395227154,277.80770395227154,Gradient Boosting
Azure,Azure SQL,eastus,152,253.11,233.4,451.92,179.83308399353695,272.08691600646307,272.08691600646307,Gradient Boosting
AWS,EC2,us-west-2,177,578.4,253.89,450.87,184.9054267286284,265.9645732713716,265.9645732713716,Gradient Boosting
GCP,Cloud SQL,us-central1,653,164.35,314.14,449.79,310.73307543184967,139.05692456815035,139.05692456815035,Gradient Boosting
GCP,Compute Engine,us-central1,518,644.68,427.71,449.41,246.47068689541783,202.9393131045822,202.9393131045822,Gradient Boosting
Azure,Azure SQL,centralindia,680,472.14,459.79,447.94,438.4000410712741,9.539958928725923,9.539958928725923,Gradient Boosting
AWS,EC2,us-east-1,41,384.2,418.68,447.93,163.55500105491913,284.37499894508085,284.37499894508085,Gradient Boosting
Azure,Azure SQL,westus,690,191.11,580.24,447.61,439.12152438852917,8.488475611470847,8.488475611470847,Gradient Boosting
AWS,EC2,ap-south-1,573,66.39,2187.36,445.94,400.596267956772,45.34373204322799,45.34373204322799,Gradient Boosting
AWS,EC2,us-east-1,570,144.06,269.84,444.21,369.9491061212383,74.26089387876169,74.26089387876169,Gradient Boosting
Azure,Virtual Machines,westeurope,555,165.68,303.97,443.88,336.8424468679527,107.03755313204732,107.03755313204732,Gradient Boosting
AWS,EC2,eu-west-1,583,215.88,273.42,442.5,366.5870989930142,75.9129010069858,75.9129010069858,Gradient Boosting
Azure,Virtual Machines,eastus,720,133.66,308.29,442.08,470.2321578733728,-28.1521578733728,28.1521578733728,Gradient Boosting
Azure,Azure SQL,eastus,624,50.6,569.99,441.47,393.5615893030053,47.908410696994736,47.908410696994736,Gradient Boosting
AWS,EC2,eu-west-1,666,278.17,339.79,441.09,439.462537972981,1.6274620270189644,1.6274620270189644,Gradient Boosting
AWS,RDS,us-west-2,717,176.77,408.66,440.59,380.8836556877908,59.70634431220918,59.70634431220918,Gradient Boosting
AWS,RDS,us-east-1,233,131.25,258.03,440.27,190.92276831760933,249.34723168239066,249.34723168239066,Gradient Boosting
AWS,RDS,us-west-2,360,89.75,518.99,439.58,218.69187102078175,220.88812897921824,220.88812897921824,Gradient Boosting
Azure,Azure SQL,eastus,675,203.58,476.45,438.88,447.9488423231079,-9.068842323107901,9.068842323107901,Gradient Boosting
GCP,Compute Engine,us-central1,633,578.23,356.36,436.47,308.4243979067396,128.0456020932604,128.0456020932604,Gradient Boosting
GCP,Compute Engine,asia-south1,667,146.15,254.89,435.6,313.86497774251507,121.73502225748496,121.73502225748496,Gradient Boosting
AWS,RDS,ap-south-1,479,124.85,267.7,435.46,286.127069884801,149.33293011519896,149.33293011519896,Gradient Boosting
Azure,Azure SQL,westeurope,182,265.38,500.88,435.26,190.21861202700597,245.04138797299402,245.04138797299402,Gradient Boosting
Azure,Virtual Machines,westus,244,221.35,1596.91,434.06,185.78184677253194,248.27815322746807,248.27815322746807,Gradient Boosting
Azure,Virtual Machines,centralindia,537,1805.78,3625.45,433.32,359.48326121205105,73.83673878794895,73.83673878794895,Gradient Boosting
AWS,EC2,us-east-1,647,262.27,911.22,433.04,430.4988138547373,2.5411861452627136,2.5411861452627136,Gradient Boosting
Azure,Azure SQL,centralindia,645,27.95,233.6,432.21,390.53166744425795,41.67833255574203,41.67833255574203,Gradient Boosting
Azure,Virtual Machines,westus,641,80.79,428.39,431.36,365.8085105812986,65.55148941870141,65.55148941870141,Gradient Boosting
Azure,Virtual Machines,eastus,686,147.93,767.72,430.22,432.07913977958293,-1.8591397795829039,1.8591397795829039,Gradient Boosting
AWS,RDS,ap-south-1,78,110.48,304.41,428.11,135.74653352481374,292.36346647518627,292.36346647518627,Gradient Boosting
Azure,Virtual Machines,westeurope,705,114.59,446.26,427.08,432.8458184809848,-5.765818480984819,5.765818480984819,Gradient Boosting
Azure,Azure SQL,westus,142,234.08,442.44,426.74,187.60723069776776,239.13276930223225,239.13276930223225,Gradient Boosting
GCP,Cloud SQL,europe-west1,711,122.0,801.48,426.45,311.6990723779269,114.7509276220731,114.7509276220731,Gradient Boosting
Azure,Azure SQL,westeurope,534,116.41,889.35,425.75,344.35263359744926,81.39736640255074,81.39736640255074,Gradient Boosting
AWS,EC2,us-east-1,693,193.66,481.62,424.88,432.8295955913663,-7.94959559136629,7.94959559136629,Gradient Boosting
GCP,Cloud SQL,us-central1,555,48.58,180.7,423.64,263.70054861870125,159.93945138129874,159.93945138129874,Gradient Boosting
Azure,Virtual Machines,eastus,710,421.26,380.11,423.56,432.09400662660056,-8.534006626600558,8.534006626600558,Gradient Boosting
AWS,EC2,eu-west-1,225,277.68,62.02,423.47,194.97390603226967,228.49609396773036,228.49609396773036,Gradient Boosting
Azure,Virtual Machines,centralindia,689,65.36,690.21,423.25,432.3032501165501,-9.053250116550089,9.053250116550089,Gradient Boosting
Azure,Azure SQL,westus,152,617.65,231.35,422.51,179.83308399353695,242.67691600646305,242.67691600646305,Gradient Boosting
AWS,EC2,eu-west-1,681,131.09,512.77,421.26,439.1002540769893,-17.84025407698931,17.84025407698931,Gradient Boosting
Azure,Virtual Machines,centralindia,673,111.09,533.62,421.09,385.58763353373143,35.50236646626854,35.50236646626854,Gradient Boosting
AWS,RDS,eu-west-1,64,245.88,278.95,420.89,133.33824013039296,287.55175986960705,287.55175986960705,Gradient Boosting
Azure,Azure SQL,centralindia,250,304.41,339.77,420.75,212.55133057510622,208.19866942489378,208.19866942489378,Gradient Boosting
AWS,EC2,us-west-2,24,280.82,212.22,417.62,202.83790714148319,214.78209285851682,214.78209285851682,Gradient Boosting
AWS,RDS,ap-south-1,240,109.0,685.59,417.1,208.9906591442346,208.10934085576542,208.10934085576542,Gradient Boosting
AWS,RDS,eu-west-1,121,232.98,1090.14,416.29,164.0779918360409,252.21200816395913,252.21200816395913,Gradient Boosting
Azure,Azure SQL,westus,672,227.8,91.5,415.56,417.69256510811476,-2.132565108114761,2.132565108114761,Gradient Boosting
AWS,RDS,us-east-1,676,613.33,436.32,414.55,379.8540060912171,34.695993908782896,34.695993908782896,Gradient Boosting
AWS,EC2,us-east-1,331,120.56,1013.98,412.82,253.29572937681272,159.52427062318728,159.52427062318728,Gradient Boosting
AWS,RDS,eu-west-1,497,124.77,313.61,412.26,300.90745455663273,111.35254544336726,111.35254544336726,Gradient Boosting
AWS,RDS,us-east-1,411,214.67,338.13,411.26,243.84332887823103,167.41667112176896,167.41667112176896,Gradient Boosting
AWS,RDS,us-west-2,38,84.27,386.93,410.26,175.72025457114438,234.5397454288556,234.5397454288556,Gradient Boosting
AWS,EC2,us-east-1,525,300.37,262.35,410.24,356.5541550860981,53.68584491390192,53.68584491390192,Gradient Boosting
GCP,Cloud SQL,europe-west1,717,206.09,299.22,409.1,312.1968414117476,96.90315858825244,96.90315858825244,Gradient Boosting
AWS,EC2,ap-south-1,612,68.24,487.99,408.9,430.2785211927917,-21.37852119279171,21.37852119279171,Gradient Boosting
Azure,Azure SQL,centralindia,548,138.19,327.41,408.84,357.11546557761665,51.72453442238333,51.72453442238333,Gradient Boosting
Azure,Virtual Machines,westus,720,116.06,575.37,408.81,490.01152518653123,-81.20152518653123,81.20152518653123,Gradient Boosting
Azure,Azure SQL,centralindia,66,129.34,683.62,406.85,170.1417331418944,236.70826685810562,236.70826685810562,Gradient Boosting
AWS,RDS,ap-south-1,647,472.1,464.18,406.59,377.25676841105224,29.33323158894774,29.33323158894774,Gradient Boosting
Azure,Azure SQL,eastus,597,83.35,285.7,405.78,377.2478573014616,28.532142698538394,28.532142698538394,Gradient Boosting
Azure,Azure SQL,westus,348,158.3,976.27,404.65,240.0577929024098,164.59220709759018,164.59220709759018,Gradient Boosting
AWS,EC2,eu-west-1,205,277.67,160.35,404.49,182.42834625831543,222.06165374168458,222.06165374168458,Gradient Boosting
Azure,Virtual Machines,eastus,689,200.51,299.25,404.04,432.21628775854686,-28.176287758546835,28.176287758546835,Gradient Boosting
Azure,Virtual Machines,westeurope,644,189.25,308.72,403.85,365.17897985886066,38.671020141139365,38.671020141139365,Gradient Boosting
GCP,Compute Engine,asia-south1,684,326.77,425.89,402.75,315.86826960558307,86.88173039441693,86.88173039441693,Gradient Boosting
AWS,EC2,us-west-2,645,61.43,1104.44,402.66,454.03545030449715,-51.37545030449712,51.37545030449712,Gradient Boosting
Azure,Virtual Machines,westus,164,258.32,401.36,402.31,169.8850157954021,232.4249842045979,232.4249842045979,Gradient Boosting
Azure,Virtual Machines,westeurope,180,198.57,790.99,402.25,177.0193227595486,225.2306772404514,225.2306772404514,Gradient Boosting
GCP,Cloud SQL,asia-south1,549,306.68,260.25,401.77,261.04860648272586,140.72139351727412,140.72139351727412,Gradient Boosting
Azure,Azure SQL,eastus,384,322.89,778.24,401.3,251.48468715118992,149.8153128488101,149.8153128488101,Gradient Boosting
Azure,Azure SQL,westus,573,233.0,464.46,400.98,375.8609715391987,25.119028460801303,25.119028460801303,Gradient Boosting
Azure,Virtual Machines,westeurope,685,151.49,178.31,399.76,431.3167066695624,-31.556706669562402,31.556706669562402,Gradient Boosting
AWS,EC2,ap-south-1,120,185.52,1823.69,399.44,186.93476170607693,212.50523829392307,212.50523829392307,Gradient Boosting
AWS,RDS,ap-south-1,687,86.21,430.78,399.39,381.10776602475795,18.282233975242036,18.282233975242036,Gradient Boosting
Azure,Azure SQL,westeurope,543,152.1,126.77,398.74,355.7672077961862,42.97279220381381,42.97279220381381,Gradient Boosting
Azure,Virtual Machines,westeurope,161,116.36,190.33,397.24,165.24787220231332,231.9921277976867,231.9921277976867,Gradient Boosting
AWS,EC2,us-east-1,81,231.51,635.76,397.02,179.50224405793523,217.51775594206475,217.51775594206475,Gradient Boosting
Azure,Virtual Machines,centralindia,374,198.69,492.88,394.68,222.4085292181308,172.2714707818692,172.2714707818692,Gradient Boosting
AWS,EC2,us-east-1,213,195.45,459.84,394.29,187.74035543297782,206.5496445670222,206.5496445670222,Gradient Boosting
GCP,Compute Engine,asia-south1,703,391.22,166.75,393.9,346.6984575301278,47.20154246987215,47.20154246987215,Gradient Boosting
Azure,Azure SQL,westus,632,127.18,556.07,393.48,400.26020699023366,-6.780206990233637,6.780206990233637,Gradient Boosting
Azure,Azure SQL,eastus,704,186.85,272.96,392.38,439.19454982231133,-46.814549822311335,46.814549822311335,Gradient Boosting
AWS,EC2,eu-west-1,602,67.61,665.49,391.97,435.7823113262399,-43.812311326239865,43.812311326239865,Gradient Boosting
AWS,EC2,ap-south-1,632,201.27,1249.85,391.6,430.5147285393863,-38.91472853938626,38.91472853938626,Gradient Boosting
GCP,Compute Engine,us-west1,704,381.81,225.2,391.15,346.6984575301278,44.45154246987215,44.45154246987215,Gradient Boosting
Azure,Azure SQL,westus,701,214.08,110.2,390.98,426.2602724997917,-35.28027249979169,35.28027249979169,Gradient Boosting
Azure,Azure SQL,eastus,683,173.47,842.81,389.71,455.02976805727127,-65.31976805727129,65.31976805727129,Gradient Boosting
Azure,Virtual Machines,eastus,698,175.25,498.2,389.56,432.62170814401765,-43.06170814401764,43.06170814401764,Gradient Boosting
GCP,Cloud SQL,europe-west1,444,184.19,781.16,389.49,222.09308360062812,167.3969163993719,167.3969163993719,Gradient Boosting
Azure,Azure SQL,westus,164,301.59,597.86,388.84,192.33169364202473,196.50830635797524,196.50830635797524,Gradient Boosting
GCP,Cloud SQL,asia-south1,660,110.94,225.99,387.93,311.82881834804977,76.10118165195024,76.10118165195024,Gradient Boosting
AWS,EC2,us-west-2,218,184.69,351.14,385.83,200.10611107090216,185.72388892909782,185.72388892909782,Gradient Boosting
AWS,EC2,us-west-2,565,113.56,447.13,385.51,372.9847407600902,12.525259239909815,12.525259239909815,Gradient Boosting
Azure,Virtual Machines,westus,428,155.64,139.56,385.27,264.45164056066625,120.81835943933373,120.81835943933373,Gradient Boosting
Azure,Virtual Machines,eastus,575,371.76,303.95,385.03,336.8424468679527,48.1875531320473,48.1875531320473,Gradient Boosting
Azure,Virtual Machines,centralindia,678,102.46,458.56,384.98,385.58763353373143,-0.6076335337314163,0.6076335337314163,Gradient Boosting
AWS,RDS,us-east-1,653,159.15,564.48,384.34,378.0828572564801,6.257142743519864,6.257142743519864,Gradient Boosting
GCP,Cloud SQL,asia-south1,585,54.03,974.16,383.39,271.19636405492736,112.19363594507263,112.19363594507263,Gradient Boosting
GCP,Cloud SQL,europe-west1,520,110.07,268.54,382.73,240.2822289247363,142.44777107526372,142.44777107526372,Gradient Boosting
GCP,Cloud SQL,europe-west1,43,158.39,181.56,382.72,109.63693785553578,273.08306214446424,273.08306214446424,Gradient Boosting
AWS,RDS,eu-west-1,614,278.66,323.64,382.23,372.7222420402761,9.507757959723904,9.507757959723904,Gradient Boosting
Azure,Virtual Machines,westus,593,263.17,115.5,381.89,345.6670084193834,36.222991580616565,36.222991580616565,Gradient Boosting
Azure,Virtual Machines,eastus,649,157.5,679.51,381.77,366.1972277648804,15.5727722351196,15.5727722351196,Gradient Boosting
Azure,Azure SQL,westeurope,503,81.69,2095.37,381.29,350.77734535742076,30.512654642579264,30.512654642579264,Gradient Boosting
AWS,RDS,eu-west-1,201,99.54,396.02,380.64,171.14216717776088,209.4978328222391,209.4978328222391,Gradient Boosting
Azure,Azure SQL,westeurope,681,137.0,148.71,380.36,422.38672506458477,-42.02672506458475,42.02672506458475,Gradient Boosting
AWS,EC2,us-east-1,609,134.53,194.08,379.39,412.85679763931046,-33.46679763931047,33.46679763931047,Gradient Boosting
Azure,Azure SQL,centralindia,623,115.18,401.33,378.15,389.3688033998996,-11.218803399899627,11.218803399899627,Gradient Boosting
AWS,EC2,ap-south-1,587,157.62,807.99,376.84,372.4963095119332,4.343690488066784,4.343690488066784,Gradient Boosting
AWS,EC2,us-west-2,602,78.95,160.87,376.81,424.9665120181291,-48.15651201812909,48.15651201812909,Gradient Boosting
Azure,Virtual Machines,westus,634,108.05,904.16,376.55,365.2418373826903,11.308162617309733,11.308162617309733,Gradient Boosting
AWS,RDS,us-east-1,296,239.05,335.9,376.32,190.69865798064217,185.62134201935783,185.62134201935783,Gradient Boosting
GCP,Cloud SQL,asia-south1,707,514.59,732.49,375.9,312.49100962780733,63.40899037219265,63.40899037219265,Gradient Boosting
AWS,EC2,eu-west-1,46,186.52,1231.26,375.85,183.94979080024922,191.9002091997508,191.9002091997508,Gradient Boosting
AWS,RDS,us-east-1,225,102.63,462.3,375.64,192.01812921825166,183.62187078174833,183.62187078174833,Gradient Boosting
Azure,Virtual Machines,eastus,545,242.68,187.31,375.62,333.4893131743009,42.130686825699115,42.130686825699115,Gradient Boosting
Azure,Functions,westeurope,651,241.5,1686.56,375.29,205.77701445571728,169.51298554428274,169.51298554428274,Gradient Boosting
Azure,Azure SQL,centralindia,605,243.6,610.05,374.77,391.4168785578283,-16.646878557828302,16.646878557828302,Gradient Boosting
Azure,Virtual Machines,centralindia,33,351.88,204.31,373.88,237.9500873285516,135.9299126714484,135.9299126714484,Gradient Boosting
AWS,RDS,ap-south-1,677,73.61,218.67,373.87,373.35545231832026,0.5145476816797441,0.5145476816797441,Gradient Boosting
Azure,Virtual Machines,westus,692,100.69,812.1,373.23,432.3032501165501,-59.07325011655007,59.07325011655007,Gradient Boosting
Azure,Azure SQL,eastus,374,112.05,349.21,372.06,244.40409336348526,127.65590663651474,127.65590663651474,Gradient Boosting
Azure,Virtual Machines,eastus,575,364.57,166.27,371.74,335.4941890865222,36.24581091347778,36.24581091347778,Gradient Boosting
AWS,RDS,us-east-1,630,412.11,281.95,371.59,375.1745194896372,-3.5845194896372163,3.5845194896372163,Gradient Boosting
GCP,Compute Engine,asia-south1,460,84.91,89.01,371.19,224.5654830540463,146.6245169459537,146.6245169459537,Gradient Boosting
Azure,Azure SQL,westeurope,135,149.45,350.36,371.06,185.21273128955497,185.84726871044504,185.84726871044504,Gradient Boosting
GCP,Compute Engine,asia-south1,157,213.89,247.73,370.62,132.99253212734556,237.62746787265445,237.62746787265445,Gradient Boosting
GCP,Cloud SQL,europe-west1,87,218.47,254.85,370.23,120.46053680352742,249.7694631964726,249.7694631964726,Gradient Boosting
Azure,Azure SQL,westeurope,607,48.77,1189.7,369.92,397.52387095089097,-27.60387095089095,27.60387095089095,Gradient Boosting
AWS,RDS,us-west-2,612,265.07,482.21,369.71,373.81760294091845,-4.1076029409184684,4.1076029409184684,Gradient Boosting
AWS,EC2,us-west-2,481,65.06,1220.98,369.41,334.1197443843847,35.29025561561531,35.29025561561531,Gradient Boosting
Azure,Azure SQL,eastus,416,103.21,524.14,369.29,280.28472301777697,89.00527698222305,89.00527698222305,Gradient Boosting
Azure,Azure SQL,centralindia,570,241.2,1044.16,369.14,380.5854344834557,-11.4454344834557,11.4454344834557,Gradient Boosting
Azure,Virtual Machines,westus,566,319.85,616.92,368.86,340.2474975206798,28.6125024793202,28.6125024793202,Gradient Boosting
GCP,Cloud SQL,europe-west1,451,424.23,506.0,368.22,226.0096260271559,142.21037397284414,142.21037397284414,Gradient Boosting
GCP,Cloud Functions,asia-south1,692,295.74,191.57,367.88,186.9428057648559,180.9371942351441,180.9371942351441,Gradient Boosting
AWS,EC2,ap-south-1,681,152.47,807.93,367.5,437.17798983983084,-69.67798983983084,69.67798983983084,Gradient Boosting
AWS,RDS,ap-south-1,597,202.4,272.19,367.35,346.01649459119227,21.333505408807753,21.333505408807753,Gradient Boosting
Azure,Virtual Machines,westeurope,535,228.9,2347.28,366.5,351.0588159670784,15.441184032921626,15.441184032921626,Gradient Boosting
GCP,Compute Engine,us-west1,229,237.09,343.59,366.44,157.00064022001996,209.43935977998004,209.43935977998004,Gradient Boosting
Azure,Azure SQL,westeurope,579,115.28,1151.15,365.89,386.69242687651837,-20.802426876518382,20.802426876518382,Gradient Boosting
GCP,Cloud SQL,us-central1,694,313.16,1013.89,365.86,311.6990723779269,54.16092762207313,54.16092762207313,Gradient Boosting
Azure,Virtual Machines,westeurope,544,361.67,379.41,365.39,335.2429913412021,30.14700865879786,30.14700865879786,Gradient Boosting
AWS,RDS,eu-west-1,628,152.51,905.03,365.19,393.24241031626235,-28.052410316262353,28.052410316262353,Gradient Boosting
AWS,RDS,us-east-1,347,65.04,220.94,364.91,209.63967027712184,155.2703297228782,155.2703297228782,Gradient Boosting
AWS,EC2,us-east-1,646,145.33,1745.35,364.69,441.79764282196123,-77.10764282196124,77.10764282196124,Gradient Boosting
Azure,Azure SQL,westus,569,198.66,107.09,364.13,361.0642613005017,3.065738699498297,3.065738699498297,Gradient Boosting
AWS,RDS,eu-west-1,584,104.84,708.5,363.87,352.25180289376164,11.61819710623837,11.61819710623837,Gradient Boosting
AWS,RDS,us-east-1,686,156.74,516.96,363.79,380.8836556877908,-17.093655687790772,17.093655687790772,Gradient Boosting
Azure,Virtual Machines,eastus,510,102.66,680.48,363.74,296.626526707782,67.11347329221803,67.11347329221803,Gradient Boosting
Azure,Virtual Machines,eastus,117,139.98,138.32,363.73,158.23101608508898,205.49898391491104,205.49898391491104,Gradient Boosting
AWS,EC2,us-east-1,603,335.89,212.68,363.56,406.8102494906546,-43.250249490654596,43.250249490654596,Gradient Boosting
Azure,Azure SQL,westus,99,35.07,961.49,363.55,185.19190274654713,178.35809725345288,178.35809725345288,Gradient Boosting
GCP,Compute Engine,us-central1,651,255.54,794.56,363.18,315.8462224207177,47.3337775792823,47.3337775792823,Gradient Boosting
AWS,EC2,us-east-1,412,470.17,648.59,362.86,284.20066489300467,78.65933510699534,78.65933510699534,Gradient Boosting
GCP,Cloud SQL,us-west1,644,267.16,413.6,362.62,287.1278285772741,75.4921714227259,75.4921714227259,Gradient Boosting
Azure,Azure SQL,westus,173,529.84,134.67,361.6,179.5667840465554,182.03321595344462,182.03321595344462,Gradient Boosting
Azure,Virtual Machines,westeurope,577,72.98,510.69,361.42,337.4719775903906,23.948022409609393,23.948022409609393,Gradient Boosting
AWS,EC2,eu-west-1,507,146.86,472.91,361.39,323.1351194754125,38.25488052458746,38.25488052458746,Gradient Boosting
Azure,Virtual Machines,westeurope,575,179.43,728.66,361.09,340.2474975206798,20.84250247932016,20.84250247932016,Gradient Boosting
Azure,Azure SQL,westeurope,246,174.56,287.14,360.9,209.84766290496563,151.05233709503435,151.05233709503435,Gradient Boosting
AWS,EC2,us-west-2,712,551.48,144.18,360.38,432.63174779423707,-72.25174779423708,72.25174779423708,Gradient Boosting
AWS,RDS,eu-west-1,615,233.31,3770.23,360.15,527.7586923886685,-167.6086923886685,167.6086923886685,Gradient Boosting
AWS,RDS,us-west-2,683,305.95,392.55,360.03,380.8836556877908,-20.85365568779082,20.85365568779082,Gradient Boosting
AWS,EC2,eu-west-1,495,586.35,307.08,360.0,323.5216363398222,36.47836366017782,36.47836366017782,Gradient Boosting
Azure,Virtual Machines,westus,182,207.74,568.59,359.89,172.9093992195563,186.9806007804437,186.9806007804437,Gradient Boosting
AWS,EC2,us-west-2,579,124.29,255.05,359.5,372.5793203746194,-13.079320374619385,13.079320374619385,Gradient Boosting
Azure,Azure SQL,centralindia,690,337.89,417.94,359.14,442.0344270078931,-82.89442700789311,82.89442700789311,Gradient Boosting
AWS,EC2,us-east-1,20,155.64,676.0,358.7,219.1600214246236,139.53997857537638,139.53997857537638,Gradient Boosting
AWS,Lambda,us-west-2,565,217.62,192.06,358.46,189.99290776978566,168.46709223021432,168.46709223021432,Gradient Boosting
AWS,Lambda,ap-south-1,705,130.12,144.62,358.14,221.4920404131163,136.64795958688367,136.64795958688367,Gradient Boosting
AWS,RDS,us-west-2,597,130.1,761.4,357.76,364.3084957547846,-6.548495754784597,6.548495754784597,Gradient Boosting
Azure,Virtual Machines,westus,664,283.27,249.29,357.69,384.9581028112935,-27.26810281129349,27.26810281129349,Gradient Boosting
GCP,Compute Engine,europe-west1,650,216.07,930.58,357.42,315.8462224207177,41.57377757928231,41.57377757928231,Gradient Boosting
Azure,Azure SQL,centralindia,676,345.32,527.66,357.26,432.0405986543658,-74.7805986543658,74.7805986543658,Gradient Boosting
Azure,Azure SQL,westus,216,733.81,1563.55,357.24,223.31891001945263,133.92108998054738,133.92108998054738,Gradient Boosting
AWS,EC2,us-west-2,306,193.6,255.05,356.91,208.42929814643816,148.48070185356187,148.48070185356187,Gradient Boosting
AWS,RDS,us-east-1,613,272.38,379.96,356.72,373.81760294091845,-17.09760294091842,17.09760294091842,Gradient Boosting
GCP,Compute Engine,us-west1,717,64.63,734.99,355.82,339.3738960190356,16.44610398096438,16.44610398096438,Gradient Boosting
GCP,Compute Engine,asia-south1,200,140.55,398.97,355.73,145.35715067009966,210.37284932990036,210.37284932990036,Gradient Boosting
AWS,RDS,us-east-1,699,241.76,823.58,354.72,396.70078972878997,-41.980789728789944,41.980789728789944,Gradient Boosting
Azure,Virtual Machines,centralindia,146,92.72,949.94,354.71,174.63205176727755,180.07794823272243,180.07794823272243,Gradient Boosting
AWS,RDS,us-east-1,709,162.65,399.82,353.64,380.8836556877908,-27.243655687790806,27.243655687790806,Gradient Boosting
Azure,Azure SQL,westeurope,498,77.77,920.49,352.31,324.0254377324688,28.284562267531214,28.284562267531214,Gradient Boosting
AWS,RDS,us-west-2,91,317.94,317.2,351.63,136.48344844191203,215.14655155808796,215.14655155808796,Gradient Boosting
AWS,EC2,us-east-1,632,177.65,203.92,351.47,415.078387161225,-63.60838716122498,63.60838716122498,Gradient Boosting
Azure,Azure SQL,westus,250,56.84,1016.2,351.19,218.38084929281698,132.80915070718302,132.80915070718302,Gradient Boosting
Azure,Azure SQL,westus,517,128.66,385.58,350.61,324.2602437945342,26.349756205465837,26.349756205465837,Gradient Boosting
AWS,RDS,ap-south-1,699,270.9,523.16,350.26,380.8836556877908,-30.6236556877908,30.6236556877908,Gradient Boosting
Azure,Azure SQL,westeurope,576,121.75,181.27,349.82,361.28837163746886,-11.468371637468863,11.468371637468863,Gradient Boosting
GCP,Compute Engine,europe-west1,715,465.2,749.31,349.8,348.1595957863736,1.6404042136264252,1.6404042136264252,Gradient Boosting
GCP,Cloud SQL,asia-south1,589,541.16,312.1,348.46,271.33067445364486,77.12932554635512,77.12932554635512,Gradient Boosting
Azure,Virtual Machines,eastus,554,243.28,464.98,348.37,337.24786725342346,11.12213274657654,11.12213274657654,Gradient Boosting
Azure,Azure SQL,centralindia,43,219.58,131.24,347.51,180.21317951855025,167.29682048144974,167.29682048144974,Gradient Boosting
AWS,RDS,us-east-1,559,146.14,273.42,347.48,326.9336231839931,20.546376816006898,20.546376816006898,Gradient Boosting
AWS,RDS,us-west-2,636,73.6,197.02,347.16,370.5490119162907,-23.389011916290656,23.389011916290656,Gradient Boosting
Azure,Azure SQL,centralindia,527,388.24,166.98,346.82,326.6902510299853,20.129748970014703,20.129748970014703,Gradient Boosting
AWS,RDS,eu-west-1,630,109.51,239.4,346.67,374.2276092039983,-27.55760920399831,27.55760920399831,Gradient Boosting
AWS,EC2,ap-south-1,513,156.78,222.43,346.37,323.6532541062931,22.7167458937069,22.7167458937069,Gradient Boosting
AWS,EC2,ap-south-1,53,195.69,671.57,346.35,178.05852523542038,168.29147476457965,168.29147476457965,Gradient Boosting
Azure,Virtual Machines,eastus,665,182.75,3467.89,345.63,395.41130129877496,-49.78130129877496,49.78130129877496,Gradient Boosting
GCP,Cloud SQL,us-central1,684,166.12,741.08,345.06,311.6990723779269,33.36092762207312,33.36092762207312,Gradient Boosting
AWS,EC2,us-east-1,559,158.03,192.41,344.9,358.9959691833906,-14.09596918339065,14.09596918339065,Gradient Boosting
AWS,EC2,us-west-2,550,72.63,317.69,344.78,375.86141062948747,-31.081410629487493,31.081410629487493,Gradient Boosting
Azure,Virtual Machines,eastus,613,190.38,829.46,344.29,355.23834594468445,-10.948345944684434,10.948345944684434,Gradient Boosting
Azure,Virtual Machines,westus,384,165.87,149.0,343.51,220.65485105122977,122.85514894877022,122.85514894877022,Gradient Boosting
AWS,EC2,eu-west-1,619,180.96,195.2,343.22,406.8102494906546,-63.59024949065457,63.59024949065457,Gradient Boosting
Azure,Azure SQL,centralindia,227,112.45,219.71,343.1,208.72351546050254,134.37648453949748,134.37648453949748,Gradient Boosting
GCP,Compute Engine,europe-west1,658,54.05,935.06,343.06,319.2810493570954,23.77895064290459,23.77895064290459,Gradient Boosting
Azure,Azure SQL,eastus,131,115.25,624.23,341.93,192.5558039789919,149.37419602100812,149.37419602100812,Gradient Boosting
Azure,Functions,westeurope,569,86.27,456.55,341.17,176.3634149041451,164.80658509585493,164.80658509585493,Gradient Boosting
Azure,Virtual Machines,westeurope,505,160.39,987.16,340.84,291.4431473644925,49.39685263550746,49.39685263550746,Gradient Boosting
AWS,RDS,us-west-2,637,118.26,367.78,340.62,378.0085802654365,-37.388580265436474,37.388580265436474,Gradient Boosting
Azure,Virtual Machines,westus,533,296.74,108.19,340.51,316.9568935867098,23.55310641329021,23.55310641329021,Gradient Boosting
GCP,Compute Engine,asia-south1,710,286.93,354.82,340.48,344.12991156937613,-3.6499115693761155,3.6499115693761155,Gradient Boosting
AWS,EC2,ap-south-1,527,212.06,611.74,340.27,362.4633656050171,-22.193365605017107,22.193365605017107,Gradient Boosting
Azure,Virtual Machines,eastus,518,120.21,168.17,339.36,291.8732182736243,47.48678172637574,47.48678172637574,Gradient Boosting
Azure,Azure SQL,eastus,94,771.92,1474.46,339.08,188.18625363820414,150.89374636179585,150.89374636179585,Gradient Boosting
Azure,Azure SQL,westeurope,508,631.47,642.68,338.91,323.80132739550163,15.108672604498395,15.108672604498395,Gradient Boosting
AWS,RDS,us-east-1,216,175.25,198.4,337.13,169.07286558930736,168.05713441069264,168.05713441069264,Gradient Boosting
GCP,Cloud SQL,asia-south1,691,408.09,198.3,337.0,313.2925843279477,23.70741567205232,23.70741567205232,Gradient Boosting
Azure,Virtual Machines,centralindia,132,74.83,152.42,336.67,159.56067980504554,177.10932019495448,177.10932019495448,Gradient Boosting
AWS,EC2,us-east-1,48,544.34,164.4,336.22,138.77074879429563,197.4492512057044,197.4492512057044,Gradient Boosting
AWS,RDS,us-west-2,515,254.34,435.81,335.05,311.0115924261156,24.0384075738844,24.0384075738844,Gradient Boosting
AWS,RDS,us-west-2,502,224.76,1197.81,334.82,323.1625605028522,11.657439497147777,11.657439497147777,Gradient Boosting
AWS,RDS,eu-west-1,669,158.17,1524.36,334.78,417.7881892723324,-83.0081892723324,83.0081892723324,Gradient Boosting
GCP,Cloud SQL,us-central1,135,134.52,560.17,334.53,145.3951452263694,189.13485477363056,189.13485477363056,Gradient Boosting
Azure,Azure SQL,westus,597,116.83,274.01,334.2,373.4680734932719,-39.26807349327191,39.26807349327191,Gradient Boosting
Azure,Virtual Machines,westeurope,584,220.19,334.26,333.81,336.0046519544134,-2.194651954413416,2.194651954413416,Gradient Boosting
AWS,EC2,us-west-2,362,76.93,348.84,333.36,246.0134550703506,87.34654492964941,87.34654492964941,Gradient Boosting
Azure,Azure SQL,westus,590,75.99,151.88,333.13,371.524044946296,-38.39404494629599,38.39404494629599,Gradient Boosting
Azure,Azure SQL,westus,577,253.79,332.77,333.13,362.41251908193215,-29.28251908193215,29.28251908193215,Gradient Boosting
GCP,Compute Engine,us-west1,483,166.52,570.21,331.27,231.6340316501098,99.63596834989019,99.63596834989019,Gradient Boosting
AWS,RDS,us-east-1,508,270.98,504.82,331.26,301.7787051203079,29.481294879692086,29.481294879692086,Gradient Boosting
AWS,RDS,us-east-1,99,65.29,658.21,330.19,162.78551143685488,167.40448856314512,167.40448856314512,Gradient Boosting
Azure,Azure SQL,westus,34,246.89,251.51,330.13,276.3206519571915,53.809348042808494,53.809348042808494,Gradient Boosting
GCP,Cloud SQL,us-central1,711,151.21,564.11,329.94,310.0716661536629,19.868333846337123,19.868333846337123,Gradient Boosting
GCP,Compute Engine,us-central1,55,497.84,1127.02,329.48,168.82377107161884,160.65622892838118,160.65622892838118,Gradient Boosting
AWS,RDS,us-east-1,604,309.5,219.63,329.05,366.35803459177265,-37.30803459177264,37.30803459177264,Gradient Boosting
GCP,Cloud SQL,asia-south1,644,199.58,75.91,329.05,288.56303760770015,40.48696239229986,40.48696239229986,Gradient Boosting
GCP,Compute Engine,us-west1,613,216.6,1023.21,328.96,309.70015652405175,19.25984347594823,19.25984347594823,Gradient Boosting
Azure,Virtual Machines,westus,136,171.77,287.9,328.75,166.3720196467764,162.3779803532236,162.3779803532236,Gradient Boosting
Azure,Azure SQL,eastus,527,161.76,309.72,328.65,328.03850881141574,0.6114911885842389,0.6114911885842389,Gradient Boosting
AWS,Lambda,eu-west-1,85,59.28,207.74,328.63,78.79233901287002,249.83766098713,249.83766098713,Gradient Boosting
GCP,Compute Engine,us-west1,87,119.52,126.43,328.29,107.99720307463903,220.292796925361,220.292796925361,Gradient Boosting
GCP,Cloud SQL,us-west1,443,265.66,201.75,328.05,219.9584422990482,108.09155770095182,108.09155770095182,Gradient Boosting
GCP,Compute Engine,us-central1,612,115.19,509.34,328.03,301.78639210301907,26.243607896980905,26.243607896980905,Gradient Boosting
GCP,Compute Engine,europe-west1,86,148.65,255.41,327.49,120.86103293384589,206.62896706615413,206.62896706615413,Gradient Boosting
AWS,EC2,ap-south-1,716,342.69,220.5,327.42,432.7106853435775,-105.29068534357748,105.29068534357748,Gradient Boosting
AWS,EC2,us-east-1,544,183.09,84.87,327.02,362.2780594382587,-35.25805943825873,35.25805943825873,Gradient Boosting
AWS,RDS,us-west-2,399,256.63,1014.08,326.9,256.3307795922979,70.56922040770206,70.56922040770206,Gradient Boosting
GCP,Cloud SQL,us-west1,632,178.95,372.24,326.8,284.81099774269916,41.989002257300854,41.989002257300854,Gradient Boosting
AWS,EC2,ap-south-1,401,307.05,399.84,326.67,279.22457627697355,47.445423723026465,47.445423723026465,Gradient Boosting
AWS,EC2,ap-south-1,498,166.41,1850.41,326.15,333.92532196030817,-7.77532196030819,7.77532196030819,Gradient Boosting
GCP,Compute Engine,europe-west1,690,259.18,195.14,325.95,314.5632681311278,11.386731868872175,11.386731868872175,Gradient Boosting
AWS,RDS,us-east-1,388,65.55,1129.21,325.85,248.28867150294548,77.56132849705455,77.56132849705455,Gradient Boosting
Azure,Virtual Machines,eastus,675,210.6,190.74,325.78,384.058521722309,-58.27852172230905,58.27852172230905,Gradient Boosting
GCP,Compute Engine,asia-south1,655,366.57,539.36,325.77,314.40450362568515,11.36549637431483,11.36549637431483,Gradient Boosting
Azure,Functions,westus,706,48.3,1140.27,325.67,209.15983012316397,116.51016987683604,116.51016987683604,Gradient Boosting
Azure,Virtual Machines,westus,80,188.77,250.47,325.59,157.51034607858986,168.0796539214101,168.0796539214101,Gradient Boosting
Azure,Azure SQL,centralindia,566,322.91,694.8,325.32,380.5854344834557,-55.26543448345569,55.26543448345569,Gradient Boosting
AWS,RDS,eu-west-1,576,241.72,416.31,324.98,328.02898408463545,-3.0489840846354355,3.0489840846354355,Gradient Boosting
GCP,Compute Engine,europe-west1,618,212.88,248.53,324.9,301.5150772152476,23.384922784752405,23.384922784752405,Gradient Boosting
GCP,Compute Engine,us-west1,676,69.07,1052.28,324.77,321.3479266610306,3.422073338969369,3.422073338969369,Gradient Boosting
Azure,Virtual Machines,eastus,470,109.79,513.24,324.64,288.6676274342032,35.972372565796775,35.972372565796775,Gradient Boosting
Azure,Virtual Machines,eastus,532,151.05,63.58,324.53,315.64849098734777,8.881509012652202,8.881509012652202,Gradient Boosting
AWS,RDS,us-west-2,140,106.73,256.59,324.35,158.50349791177663,165.8465020882234,165.8465020882234,Gradient Boosting
AWS,RDS,eu-west-1,502,157.34,382.66,323.85,301.7787051203079,22.07129487969212,22.07129487969212,Gradient Boosting
Azure,Virtual Machines,westeurope,695,654.38,441.36,323.51,448.2172800820983,-124.7072800820983,124.7072800820983,Gradient Boosting
GCP,Compute Engine,us-west1,583,129.78,790.96,323.16,276.57107111223434,46.58892888776569,46.58892888776569,Gradient Boosting
AWS,RDS,us-east-1,226,499.59,1910.86,323.09,228.78990068268558,94.30009931731439,94.30009931731439,Gradient Boosting
AWS,RDS,ap-south-1,610,247.96,292.24,323.07,372.7222420402761,-49.65224204027612,49.65224204027612,Gradient Boosting
AWS,RDS,us-west-2,486,133.64,294.97,323.02,300.90745455663273,22.112545443367253,22.112545443367253,Gradient Boosting
Azure,Virtual Machines,westus,20,360.04,177.18,323.01,239.75151435147853,83.25848564852146,83.25848564852146,Gradient Boosting
GCP,Cloud SQL,asia-south1,617,109.71,536.12,322.75,279.09903468655835,43.650965313441645,43.650965313441645,Gradient Boosting
AWS,RDS,ap-south-1,197,467.99,345.32,322.5,169.52061067217517,152.97938932782483,152.97938932782483,Gradient Boosting
AWS,EC2,ap-south-1,412,148.91,208.32,322.41,273.91256710231096,48.497432897689066,48.497432897689066,Gradient Boosting
Azure,Virtual Machines,eastus,692,92.36,174.59,322.24,431.54081700652955,-109.30081700652954,109.30081700652954,Gradient Boosting
Azure,Azure SQL,eastus,222,93.41,455.06,322.22,213.65638634856,108.56361365144002,108.56361365144002,Gradient Boosting
GCP,Cloud SQL,us-central1,347,124.83,585.48,322.01,161.4276003875425,160.5823996124575,160.5823996124575,Gradient Boosting
AWS,RDS,eu-west-1,591,118.29,1418.2,321.81,387.7242664200432,-65.91426642004319,65.91426642004319,Gradient Boosting
GCP,Compute Engine,us-west1,636,182.38,890.89,321.66,314.3906374977152,7.269362502284821,7.269362502284821,Gradient Boosting
Azure,Virtual Machines,centralindia,624,126.69,139.13,321.64,359.6156460884605,-37.97564608846051,37.97564608846051,Gradient Boosting
Azure,Azure SQL,westeurope,504,375.0,139.14,321.38,306.3630551650048,15.016944834995172,15.016944834995172,Gradient Boosting
GCP,Cloud SQL,us-west1,86,213.61,1139.56,321.31,140.74217387206045,180.56782612793955,180.56782612793955,Gradient Boosting
Azure,Virtual Machines,eastus,532,541.3,607.47,321.08,327.30904524635633,-6.22904524635635,6.22904524635635,Gradient Boosting
GCP,Cloud SQL,us-central1,59,164.25,3451.48,320.91,150.8087550816319,170.10124491836814,170.10124491836814,Gradient Boosting
Azure,Azure SQL,eastus,156,143.37,173.55,320.64,179.5667840465554,141.0732159534446,141.0732159534446,Gradient Boosting
GCP,Cloud Functions,us-central1,662,298.92,162.42,320.63,185.47903978495796,135.15096021504203,135.15096021504203,Gradient Boosting
AWS,EC2,eu-west-1,567,101.31,631.39,320.47,378.4885308935384,-58.018530893538355,58.018530893538355,Gradient Boosting
Azure,Azure SQL,westus,503,436.96,403.52,320.46,319.07686445124466,1.3831355487553196,1.3831355487553196,Gradient Boosting
AWS,EC2,us-east-1,171,294.38,364.08,320.17,181.64582138395537,138.52417861604465,138.52417861604465,Gradient Boosting
AWS,EC2,ap-south-1,503,89.73,298.13,320.08,322.9538094269089,-2.873809426908906,2.873809426908906,Gradient Boosting
GCP,Compute Engine,us-central1,575,131.41,153.96,319.85,265.1437598277708,54.70624017222923,54.70624017222923,Gradient Boosting
AWS,EC2,eu-west-1,27,48.7,606.83,319.48,209.69220618466537,109.78779381533465,109.78779381533465,Gradient Boosting
Azure,Virtual Machines,westus,248,36.21,240.9,318.72,176.8656857901284,141.85431420987163,141.85431420987163,Gradient Boosting
Azure,Azure SQL,eastus,504,76.03,296.23,318.69,307.93542328340243,10.754576716597569,10.754576716597569,Gradient Boosting
AWS,RDS,eu-west-1,549,330.98,302.02,318.55,318.38086005837164,0.16913994162837298,0.16913994162837298,Gradient Boosting
Azure,Virtual Machines,westeurope,474,110.7,643.41,318.41,291.6672577014597,26.74274229854035,26.74274229854035,Gradient Boosting
Azure,Virtual Machines,westeurope,96,112.94,340.72,318.37,160.5151197104921,157.85488028950792,157.85488028950792,Gradient Boosting
AWS,EC2,us-east-1,521,147.94,158.47,318.08,357.69411444556215,-39.614114445562166,39.614114445562166,Gradient Boosting
Azure,Virtual Machines,westus,521,261.45,492.45,317.99,307.6004313142216,10.389568685778386,10.389568685778386,Gradient Boosting
Azure,Azure SQL,westeurope,547,354.95,302.83,317.82,357.11546557761665,-39.29546557761665,39.29546557761665,Gradient Boosting
AWS,RDS,us-east-1,547,185.27,913.27,317.3,336.4487508849969,-19.1487508849969,19.1487508849969,Gradient Boosting
AWS,RDS,ap-south-1,208,225.83,105.61,316.26,163.8753075394505,152.3846924605495,152.3846924605495,Gradient Boosting
Azure,Virtual Machines,westeurope,538,242.96,429.27,315.95,335.2429913412021,-19.29299134120214,19.29299134120214,Gradient Boosting
GCP,Cloud SQL,asia-south1,669,476.92,231.77,315.69,311.3011168306327,4.388883169367318,4.388883169367318,Gradient Boosting
AWS,RDS,ap-south-1,221,151.87,359.9,315.67,176.1156148906506,139.55438510934943,139.55438510934943,Gradient Boosting
AWS,EC2,ap-south-1,574,87.48,1293.77,315.51,383.7452553320952,-68.23525533209522,68.23525533209522,Gradient Boosting
AWS,EC2,us-east-1,151,55.5,467.89,315.44,181.86993172092252,133.57006827907747,133.57006827907747,Gradient Boosting
Azure,Azure SQL,eastus,499,244.63,1046.92,315.11,323.80132739550163,-8.691327395501617,8.691327395501617,Gradient Boosting
GCP,Cloud SQL,us-central1,95,458.83,573.55,314.97,124.5942425342766,190.37575746572344,190.37575746572344,Gradient Boosting
AWS,EC2,ap-south-1,227,164.48,431.28,314.91,200.28591520693206,114.62408479306796,114.62408479306796,Gradient Boosting
Azure,Virtual Machines,westeurope,586,230.69,87.63,314.79,334.65639417298297,-19.86639417298295,19.86639417298295,Gradient Boosting
Azure,Virtual Machines,westus,547,128.76,1142.82,314.47,343.3148396129237,-28.844839612923693,28.844839612923693,Gradient Boosting
AWS,RDS,us-east-1,118,216.26,610.09,314.42,161.1288576423557,153.2911423576443,153.2911423576443,Gradient Boosting
AWS,RDS,ap-south-1,621,153.38,496.79,314.32,376.2698803902795,-61.94988039027953,61.94988039027953,Gradient Boosting
AWS,EC2,eu-west-1,568,630.81,254.12,314.22,364.6944952224629,-50.47449522246285,50.47449522246285,Gradient Boosting
AWS,RDS,us-west-2,478,216.44,911.49,314.21,303.97085037445913,10.239149625540847,10.239149625540847,Gradient Boosting
AWS,RDS,us-east-1,514,281.91,321.02,314.18,309.9162315254733,4.263768474526728,4.263768474526728,Gradient Boosting
Azure,Virtual Machines,centralindia,540,432.9,297.97,313.69,334.30986943831425,-20.619869438314254,20.619869438314254,Gradient Boosting
Azure,Virtual Machines,centralindia,560,125.47,148.63,313.69,335.7182994234894,-22.028299423489386,22.028299423489386,Gradient Boosting
AWS,EC2,ap-south-1,598,222.4,244.31,312.35,411.7168382798464,-99.36683827984638,99.36683827984638,Gradient Boosting
Azure,Virtual Machines,westus,469,202.71,641.49,312.34,291.4431473644925,20.896852635507457,20.896852635507457,Gradient Boosting
AWS,RDS,us-west-2,574,105.68,282.13,312.12,327.1577335209603,-15.037733520960273,15.037733520960273,Gradient Boosting
AWS,RDS,eu-west-1,187,300.37,412.76,311.95,165.09370556784492,146.85629443215507,146.85629443215507,Gradient Boosting
Azure,Virtual Machines,westus,620,91.15,747.63,311.66,355.4624562816516,-43.80245628165159,43.80245628165159,Gradient Boosting
GCP,Compute Engine,us-west1,666,148.68,1445.94,311.52,323.9645290588231,-12.444529058823093,12.444529058823093,Gradient Boosting
Azure,Azure SQL,centralindia,106,417.41,199.18,311.16,166.96846486602777,144.19153513397225,144.19153513397225,Gradient Boosting
AWS,RDS,ap-south-1,48,192.78,220.21,310.69,118.2226802506185,192.4673197493815,192.4673197493815,Gradient Boosting
Azure,Azure SQL,westeurope,407,28.02,395.19,310.68,280.28472301777697,30.395276982223038,30.395276982223038,Gradient Boosting
GCP,Cloud SQL,europe-west1,604,368.06,232.34,310.67,280.5342437169844,30.13575628301561,30.13575628301561,Gradient Boosting
Azure,Virtual Machines,centralindia,455,117.26,380.39,310.47,288.6676274342032,21.802372565796816,21.802372565796816,Gradient Boosting
Azure,Azure SQL,centralindia,125,158.15,667.73,309.68,192.33169364202473,117.34830635797528,117.34830635797528,Gradient Boosting
GCP,Compute Engine,europe-west1,528,74.24,595.81,308.83,258.46343093956415,50.366569060435836,50.366569060435836,Gradient Boosting
Azure,Azure SQL,centralindia,462,129.66,375.02,307.79,319.3009747882118,-11.510974788211797,11.510974788211797,Gradient Boosting
AWS,EC2,us-west-2,403,234.03,561.71,307.4,277.8875438255608,29.512456174439194,29.512456174439194,Gradient Boosting
AWS,EC2,us-east-1,578,78.52,724.97,307.37,378.4885308935384,-71.11853089353838,71.11853089353838,Gradient Boosting
AWS,RDS,eu-west-1,561,241.46,320.51,306.3,326.9336231839931,-20.63362318399311,20.63362318399311,Gradient Boosting
GCP,Compute Engine,europe-west1,169,450.53,671.88,306.11,147.17838987830768,158.93161012169233,158.93161012169233,Gradient Boosting
Azure,Azure SQL,centralindia,421,222.1,922.99,305.64,288.60316265565524,17.036837344344747,17.036837344344747,Gradient Boosting
AWS,EC2,ap-south-1,491,395.07,812.41,305.47,328.63890960886073,-23.1689096088607,23.1689096088607,Gradient Boosting
GCP,Cloud SQL,asia-south1,106,111.45,524.51,305.02,125.81684449064166,179.20315550935834,179.20315550935834,Gradient Boosting
Azure,Azure SQL,westus,362,290.41,1267.89,305.01,245.30449258999906,59.70550741000093,59.70550741000093,Gradient Boosting
AWS,EC2,us-west-2,89,256.76,291.37,304.98,161.84993915327755,143.13006084672247,143.13006084672247,Gradient Boosting
Azure,Azure SQL,eastus,479,240.36,390.67,304.38,319.07686445124466,-14.696864451244664,14.696864451244664,Gradient Boosting
GCP,Compute Engine,us-central1,88,214.01,704.65,304.06,145.49263547887148,158.56736452112852,158.56736452112852,Gradient Boosting
Azure,Virtual Machines,eastus,639,845.07,766.65,303.85,373.5407095760402,-69.69070957604015,69.69070957604015,Gradient Boosting
GCP,Cloud Functions,asia-south1,429,104.54,1886.02,303.27,145.48863311479627,157.7813668852037,157.7813668852037,Gradient Boosting
Azure,Azure SQL,westus,89,209.41,291.3,303.23,167.2088201135941,136.02117988640592,136.02117988640592,Gradient Boosting
AWS,EC2,us-east-1,211,66.8,496.1,302.1,187.96446576994498,114.13553423005504,114.13553423005504,Gradient Boosting
GCP,Cloud SQL,asia-south1,592,81.93,729.81,301.79,279.9490335788478,21.840966421152245,21.840966421152245,Gradient Boosting
Azure,Azure SQL,westus,419,472.41,676.04,301.78,288.60316265565524,13.176837344344733,13.176837344344733,Gradient Boosting
Azure,Virtual Machines,centralindia,594,143.12,126.94,301.76,345.6670084193834,-43.90700841938343,43.90700841938343,Gradient Boosting
GCP,Compute Engine,us-central1,580,214.86,314.79,301.64,269.1039708201583,32.536029179841705,32.536029179841705,Gradient Boosting
Azure,Azure SQL,eastus,552,35.48,905.96,301.64,384.5893286286125,-82.94932862861253,82.94932862861253,Gradient Boosting
GCP,Compute Engine,us-west1,711,213.28,309.86,301.3,343.72449118390534,-42.42449118390533,42.42449118390533,Gradient Boosting
AWS,EC2,us-east-1,621,128.62,179.15,301.21,415.5331854256387,-114.32318542563871,114.32318542563871,Gradient Boosting
Azure,Azure SQL,centralindia,79,185.41,220.15,301.16,149.81427334210272,151.3457266578973,151.3457266578973,Gradient Boosting
Azure,Azure SQL,westeurope,511,176.08,301.4,300.9,312.67058195275763,-11.770581952757652,11.770581952757652,Gradient Boosting
AWS,EC2,ap-south-1,226,194.38,318.12,300.55,199.88049482146127,100.66950517853874,100.66950517853874,Gradient Boosting
Azure,Virtual Machines,westus,493,35.97,246.24,300.43,288.2622070487324,12.167792951267586,12.167792951267586,Gradient Boosting
GCP,Cloud SQL,europe-west1,603,259.27,285.83,300.05,279.8871774932303,20.162822506769714,20.162822506769714,Gradient Boosting
GCP,Cloud SQL,us-central1,553,207.85,261.84,299.64,263.0534823949471,36.586517605052904,36.586517605052904,Gradient Boosting
Azure,Azure SQL,westus,621,285.46,492.14,299.61,389.14469306293245,-89.53469306293243,89.53469306293243,Gradient Boosting
AWS,RDS,eu-west-1,534,63.57,125.97,299.54,305.1148028488548,-5.574802848854802,5.574802848854802,Gradient Boosting
AWS,EC2,eu-west-1,448,211.68,852.64,299.53,328.63890960886073,-29.108909608860756,29.108909608860756,Gradient Boosting
Azure,Virtual Machines,centralindia,647,238.44,385.78,299.23,365.58440024433145,-66.35440024433143,66.35440024433143,Gradient Boosting
AWS,EC2,ap-south-1,274,146.94,1098.47,298.19,213.4390732010355,84.75092679896449,84.75092679896449,Gradient Boosting
Azure,Azure SQL,westus,441,480.39,225.44,298.1,323.60339772913846,-25.50339772913844,25.50339772913844,Gradient Boosting
GCP,Cloud SQL,asia-south1,531,185.76,364.27,298.04,247.13632727670137,50.903672723298655,50.903672723298655,Gradient Boosting
GCP,Cloud SQL,us-west1,145,319.14,273.18,297.78,139.96879447870862,157.81120552129136,157.81120552129136,Gradient Boosting
Azure,Virtual Machines,westus,491,117.44,77.69,297.66,286.913949267302,10.746050732698052,10.746050732698052,Gradient Boosting
Azure,Virtual Machines,centralindia,551,120.8,351.29,296.84,337.29217345436075,-40.452173454360775,40.452173454360775,Gradient Boosting
GCP,Cloud SQL,europe-west1,48,531.05,270.14,296.45,119.44453980642373,177.00546019357625,177.00546019357625,Gradient Boosting
GCP,Compute Engine,asia-south1,640,299.14,427.98,296.22,308.8119613760164,-12.5919613760164,12.5919613760164,Gradient Boosting
GCP,Compute Engine,us-west1,175,80.67,214.46,295.49,125.3756854296316,170.1143145703684,170.1143145703684,Gradient Boosting
Azure,Virtual Machines,westus,35,49.85,697.27,294.97,227.42051776317928,67.54948223682075,67.54948223682075,Gradient Boosting
GCP,Cloud SQL,europe-west1,686,42.83,141.21,293.88,313.2925843279477,-19.412584327947684,19.412584327947684,Gradient Boosting
Azure,Azure SQL,centralindia,441,139.97,627.8,293.85,341.04166995963527,-47.19166995963525,47.19166995963525,Gradient Boosting
GCP,Compute Engine,us-central1,669,247.83,500.43,293.67,314.40450362568515,-20.734503625685136,20.734503625685136,Gradient Boosting
AWS,EC2,eu-west-1,407,195.92,194.45,293.25,273.91256710231096,19.33743289768904,19.33743289768904,Gradient Boosting
AWS,EC2,eu-west-1,451,146.69,356.65,293.13,323.1351194754125,-30.005119475412528,30.005119475412528,Gradient Boosting
AWS,RDS,us-west-2,494,148.12,315.91,293.11,300.68334421966557,-7.573344219665557,7.573344219665557,Gradient Boosting
Azure,Azure SQL,westus,442,70.2,434.13,293.01,336.54131735234546,-43.53131735234547,43.53131735234547,Gradient Boosting
GCP,Compute Engine,us-central1,137,94.22,1861.99,292.82,140.42161561118988,152.39838438881011,152.39838438881011,Gradient Boosting
AWS,RDS,ap-south-1,533,164.54,223.6,291.96,304.89069251188766,-12.930692511887685,12.930692511887685,Gradient Boosting
AWS,EC2,us-east-1,268,206.55,354.02,291.87,200.28591520693206,91.58408479306794,91.58408479306794,Gradient Boosting
AWS,EC2,eu-west-1,453,53.8,940.8,291.83,328.8630199458279,-37.0330199458279,37.0330199458279,Gradient Boosting
Azure,Azure SQL,westeurope,184,85.98,110.47,291.72,183.91582968448694,107.80417031551309,107.80417031551309,Gradient Boosting
GCP,Cloud SQL,asia-south1,718,566.56,306.78,291.71,312.98877866162803,-21.278778661628053,21.278778661628053,Gradient Boosting
AWS,EC2,ap-south-1,525,172.16,322.03,291.38,356.5541550860981,-65.1741550860981,65.1741550860981,Gradient Boosting
GCP,Compute Engine,us-central1,574,35.74,468.88,291.11,269.3752857079298,21.734714292070237,21.734714292070237,Gradient Boosting
Azure,Azure SQL,westeurope,453,164.5,68.33,290.62,306.3630551650048,-15.743055165004819,15.743055165004819,Gradient Boosting
Azure,Azure SQL,centralindia,307,235.0,110.72,290.5,210.445051794379,80.054948205621,80.054948205621,Gradient Boosting
Azure,Virtual Machines,centralindia,449,289.89,340.75,290.18,288.2637129612062,1.9162870387938256,1.9162870387938256,Gradient Boosting
GCP,Compute Engine,asia-south1,620,602.43,493.23,289.98,302.7124348505988,-12.732434850598793,12.732434850598793,Gradient Boosting
Azure,Virtual Machines,centralindia,133,248.1,909.31,289.76,174.4079414303104,115.3520585696896,115.3520585696896,Gradient Boosting
GCP,Cloud SQL,asia-south1,565,112.63,1404.27,289.46,275.1882093740313,14.271790625968663,14.271790625968663,Gradient Boosting
GCP,Cloud SQL,us-central1,518,152.3,351.74,289.39,240.2822289247363,49.107771075263685,49.107771075263685,Gradient Boosting
Azure,Azure SQL,eastus,407,1285.58,251.3,289.31,269.13129716230935,20.17870283769065,20.17870283769065,Gradient Boosting
AWS,EC2,ap-south-1,248,44.7,564.1,289.15,199.17299309248642,89.97700690751356,89.97700690751356,Gradient Boosting
GCP,Cloud SQL,us-west1,689,81.5,220.79,288.9,313.2925843279477,-24.392584327947702,24.392584327947702,Gradient Boosting
AWS,EC2,us-east-1,78,164.63,341.73,288.81,162.70855194008172,126.10144805991828,126.10144805991828,Gradient Boosting
Azure,Azure SQL,westeurope,501,46.21,526.42,288.52,319.3009747882118,-30.780974788211836,30.780974788211836,Gradient Boosting
AWS,Lambda,us-west-2,509,300.93,304.5,288.37,163.61064307468288,124.75935692531712,124.75935692531712,Gradient Boosting
Azure,Virtual Machines,eastus,120,126.4,100.71,287.97,158.45512642205614,129.5148735779439,129.5148735779439,Gradient Boosting
AWS,EC2,ap-south-1,243,344.39,375.02,287.82,200.28591520693206,87.53408479306793,87.53408479306793,Gradient Boosting
AWS,EC2,eu-west-1,80,339.47,501.58,287.74,165.36293530190324,122.37706469809677,122.37706469809677,Gradient Boosting
GCP,Compute Engine,us-central1,536,694.78,212.44,287.71,265.4833862865058,22.226613713494203,22.226613713494203,Gradient Boosting
Azure,Azure SQL,westus,454,148.28,546.55,287.61,319.07686445124466,-31.466864451244646,31.466864451244646,Gradient Boosting
AWS,RDS,us-east-1,532,235.15,483.82,287.51,314.86935799430876,-27.359357994308766,27.359357994308766,Gradient Boosting
AWS,Lambda,us-east-1,245,109.17,700.26,287.5,95.57920678046224,191.92079321953776,191.92079321953776,Gradient Boosting
Azure,Azure SQL,eastus,383,196.88,260.78,287.5,241.4763153563775,46.02368464362249,46.02368464362249,Gradient Boosting
AWS,RDS,ap-south-1,570,176.99,306.8,286.94,326.9336231839931,-39.99362318399312,39.99362318399312,Gradient Boosting
GCP,Compute Engine,us-central1,609,220.43,716.5,286.81,307.63327922011655,-20.823279220116547,20.823279220116547,Gradient Boosting
GCP,Cloud SQL,us-west1,598,114.31,272.57,286.33,279.8871774932303,6.442822506769687,6.442822506769687,Gradient Boosting
GCP,Cloud SQL,europe-west1,102,438.55,715.65,286.2,136.1175191169184,150.0824808830816,150.0824808830816,Gradient Boosting
GCP,Cloud SQL,us-west1,594,53.26,375.96,286.0,278.5032639210129,7.496736078987112,7.496736078987112,Gradient Boosting
AWS,RDS,ap-south-1,483,425.18,643.37,285.45,318.22353352887376,-32.77353352887377,32.77353352887377,Gradient Boosting
GCP,Cloud SQL,us-west1,600,151.8,625.63,285.24,280.5448043443933,4.69519565560671,4.69519565560671,Gradient Boosting
AWS,RDS,us-west-2,426,156.33,1853.17,284.61,276.30497019392817,8.305029806071843,8.305029806071843,Gradient Boosting
AWS,EC2,ap-south-1,85,339.61,394.74,284.59,165.36293530190324,119.22706469809674,119.22706469809674,Gradient Boosting
GCP,Cloud SQL,us-central1,610,301.01,266.46,284.2,279.8871774932303,4.312822506769692,4.312822506769692,Gradient Boosting
GCP,Cloud SQL,us-central1,624,138.52,438.99,284.16,281.5513121359195,2.6086878640805367,2.6086878640805367,Gradient Boosting
GCP,Compute Engine,us-west1,715,104.13,218.74,283.87,337.38505624537277,-53.51505624537276,53.51505624537276,Gradient Boosting
AWS,RDS,us-west-2,531,233.33,375.73,283.81,314.86935799430876,-31.059357994308755,31.059357994308755,Gradient Boosting
Azure,Azure SQL,centralindia,37,154.18,397.94,283.49,242.23562049858063,41.25437950141938,41.25437950141938,Gradient Boosting
Azure,Azure SQL,eastus,616,48.59,263.68,283.36,377.2478573014616,-93.88785730146157,93.88785730146157,Gradient Boosting
Azure,Virtual Machines,westeurope,440,80.35,410.02,283.05,286.5435467600319,-3.4935467600319043,3.4935467600319043,Gradient Boosting
AWS,EC2,us-east-1,239,163.45,221.47,282.97,195.84478083149054,87.12521916850949,87.12521916850949,Gradient Boosting
Azure,Virtual Machines,centralindia,231,582.69,408.49,282.91,177.83893308851248,105.07106691148755,105.07106691148755,Gradient Boosting
Azure,Azure SQL,westus,426,538.84,394.47,282.67,283.87869971139827,-1.2086997113982534,1.2086997113982534,Gradient Boosting
Azure,Azure SQL,centralindia,444,101.41,320.13,282.53,307.93542328340243,-25.405423283402456,25.405423283402456,Gradient Boosting
Azure,Azure SQL,centralindia,375,592.07,2121.67,282.52,277.60041240763564,4.919587592364337,4.919587592364337,Gradient Boosting
Azure,Azure SQL,centralindia,111,214.26,336.8,281.77,174.12229604772847,107.64770395227151,107.64770395227151,Gradient Boosting
GCP,Compute Engine,asia-south1,510,49.01,1648.99,281.2,257.6175027472352,23.582497252764767,23.582497252764767,Gradient Boosting
GCP,Compute Engine,us-west1,555,126.38,229.11,281.16,280.333510181027,0.8264898189730161,0.8264898189730161,Gradient Boosting
GCP,Compute Engine,europe-west1,575,106.81,461.9,279.47,269.3752857079298,10.09471429207025,10.09471429207025,Gradient Boosting
AWS,EC2,ap-south-1,188,170.77,377.82,279.38,186.1129316556475,93.26706834435251,93.26706834435251,Gradient Boosting
Azure,Virtual Machines,westus,472,249.99,327.78,279.07,288.03809671176526,-8.96809671176527,8.96809671176527,Gradient Boosting
AWS,EC2,us-west-2,397,183.46,1418.46,279.05,291.6134587988532,-12.563458798853162,12.563458798853162,Gradient Boosting
GCP,Compute Engine,us-central1,630,63.33,85.33,278.81,302.484991385479,-23.674991385479018,23.674991385479018,Gradient Boosting
Azure,Functions,westeurope,719,252.32,118.96,278.79,209.05603552075812,69.7339644792419,69.7339644792419,Gradient Boosting
GCP,Cloud SQL,us-central1,714,99.47,146.38,278.77,316.09804676511794,-37.32804676511796,37.32804676511796,Gradient Boosting
Azure,Azure SQL,westus,408,155.48,220.75,278.69,267.34680339457,11.343196605430023,11.343196605430023,Gradient Boosting
GCP,Compute Engine,europe-west1,643,193.32,372.2,278.68,308.67785587831713,-29.997855878317125,29.997855878317125,Gradient Boosting
Azure,Azure SQL,westus,156,106.6,80.61,278.5,179.79089438352256,98.70910561647744,98.70910561647744,Gradient Boosting
AWS,RDS,us-west-2,437,83.21,1760.84,278.28,277.1652628994017,1.1147371005982905,1.1147371005982905,Gradient Boosting
AWS,EC2,us-west-2,500,129.85,339.87,278.19,323.1794256763498,-44.98942567634981,44.98942567634981,Gradient Boosting
GCP,Compute Engine,asia-south1,562,204.55,650.11,277.83,273.6439843738014,4.186015626198582,4.186015626198582,Gradient Boosting
Azure,Azure SQL,westus,460,138.79,176.04,277.65,306.3630551650048,-28.713055165004846,28.713055165004846,Gradient Boosting
AWS,RDS,ap-south-1,451,108.93,208.11,277.63,277.24376530302226,0.3862346969777377,0.3862346969777377,Gradient Boosting
GCP,Compute Engine,us-west1,584,264.64,359.24,277.52,270.99239499053556,6.527605009464423,6.527605009464423,Gradient Boosting
AWS,RDS,ap-south-1,489,150.02,890.06,277.34,318.75123504629084,-41.41123504629087,41.41123504629087,Gradient Boosting
Azure,Virtual Machines,eastus,558,349.07,84.61,277.23,335.4941890865222,-58.26418908652221,58.26418908652221,Gradient Boosting
AWS,RDS,us-west-2,292,404.5,1014.27,276.96,208.76654880726744,68.19345119273254,68.19345119273254,Gradient Boosting
Azure,Azure SQL,centralindia,495,204.05,536.13,276.69,319.07686445124466,-42.38686445124466,42.38686445124466,Gradient Boosting
AWS,RDS,ap-south-1,545,170.03,294.75,276.62,318.38086005837164,-41.760860058371634,41.760860058371634,Gradient Boosting
GCP,Cloud Functions,us-west1,696,314.6,129.77,276.59,188.01089076289261,88.57910923710736,88.57910923710736,Gradient Boosting
AWS,EC2,us-east-1,375,107.44,1298.18,276.58,270.8811282378146,5.698871762185377,5.698871762185377,Gradient Boosting
GCP,Cloud SQL,us-west1,608,112.29,139.57,276.45,280.5342437169844,-4.0842437169844175,4.0842437169844175,Gradient Boosting
Azure,Azure SQL,westus,186,441.46,508.43,276.31,190.21861202700597,86.09138797299403,86.09138797299403,Gradient Boosting
Azure,Virtual Machines,eastus,132,101.26,681.44,276.18,174.63205176727755,101.54794823272246,101.54794823272246,Gradient Boosting
Azure,Azure SQL,eastus,421,22.99,497.36,276.06,284.1028100483654,-8.042810048365425,8.042810048365425,Gradient Boosting
GCP,Cloud SQL,asia-south1,667,217.02,288.67,275.25,310.73307543184967,-35.48307543184967,35.48307543184967,Gradient Boosting
AWS,RDS,ap-south-1,418,137.61,430.9,274.93,254.25524452998698,20.674755470013025,20.674755470013025,Gradient Boosting
Azure,Functions,eastus,158,108.12,1332.4,274.78,87.46278772260855,187.31721227739143,187.31721227739143,Gradient Boosting
GCP,Compute Engine,us-west1,141,146.32,298.88,274.4,129.72270650203245,144.67729349796753,144.67729349796753,Gradient Boosting
GCP,Cloud SQL,us-central1,243,72.7,111.08,274.25,147.6829996648794,126.56700033512061,126.56700033512061,Gradient Boosting
AWS,EC2,ap-south-1,381,157.53,268.83,273.9,257.89240290638753,16.007597093612446,16.007597093612446,Gradient Boosting
Azure,Virtual Machines,eastus,465,101.3,570.95,273.87,289.0806295291192,-15.210629529119217,15.210629529119217,Gradient Boosting
GCP,Compute Engine,asia-south1,247,135.02,1199.13,273.85,167.3263804950948,106.52361950490521,106.52361950490521,Gradient Boosting
GCP,Compute Engine,us-west1,521,458.16,1154.17,273.09,264.0677898726214,9.022210127378571,9.022210127378571,Gradient Boosting
GCP,Cloud SQL,asia-south1,34,108.01,285.35,273.02,162.898116875781,110.12188312421898,110.12188312421898,Gradient Boosting
AWS,RDS,us-west-2,468,52.32,1078.55,272.78,307.1440949051115,-34.36409490511153,34.36409490511153,Gradient Boosting
AWS,EC2,us-east-1,413,249.59,1573.1,272.61,291.6134587988532,-19.00345879885316,19.00345879885316,Gradient Boosting
AWS,EC2,us-east-1,365,139.11,766.1,271.41,253.07161903984556,18.338380960154467,18.338380960154467,Gradient Boosting
AWS,RDS,us-east-1,484,259.16,246.69,271.18,300.68334421966557,-29.503344219665564,29.503344219665564,Gradient Boosting
AWS,RDS,us-west-2,469,99.31,70.06,271.03,277.24376530302226,-6.213765303022285,6.213765303022285,Gradient Boosting
AWS,EC2,ap-south-1,131,530.36,368.63,270.77,173.8022400112521,96.96775998874787,96.96775998874787,Gradient Boosting
AWS,EC2,us-west-2,345,301.01,512.52,270.61,245.96914886941335,24.640851130586668,24.640851130586668,Gradient Boosting
GCP,Cloud SQL,us-west1,695,509.81,76.94,270.46,314.0845215778281,-43.62452157782815,43.62452157782815,Gradient Boosting
GCP,Cloud SQL,us-west1,548,674.8,1593.01,270.33,273.77532432949306,-3.4453243294930758,3.4453243294930758,Gradient Boosting
AWS,RDS,us-west-2,416,162.71,3010.08,270.02,286.40044340836624,-16.38044340836626,16.38044340836626,Gradient Boosting
GCP,Cloud SQL,europe-west1,582,80.89,452.57,269.89,269.75059439709247,0.1394056029075159,0.1394056029075159,Gradient Boosting
Azure,Virtual Machines,westeurope,554,255.2,637.43,269.4,340.2474975206798,-70.84749752067984,70.84749752067984,Gradient Boosting
GCP,Compute Engine,us-central1,242,921.12,182.78,269.12,152.69681827746393,116.42318172253607,116.42318172253607,Gradient Boosting
Azure,Virtual Machines,westeurope,48,686.07,146.15,269.04,147.6486204198061,121.39137958019393,121.39137958019393,Gradient Boosting
GCP,Cloud SQL,asia-south1,626,155.82,519.18,268.87,281.5513121359195,-12.681312135919484,12.681312135919484,Gradient Boosting
Azure,Azure SQL,eastus,420,157.45,570.04,268.81,284.2917018063143,-15.481701806314277,15.481701806314277,Gradient Boosting
Azure,Virtual Machines,centralindia,451,145.24,556.26,268.75,288.44351709723605,-19.693517097236054,19.693517097236054,Gradient Boosting
GCP,Compute Engine,us-west1,518,205.16,1129.94,268.27,257.66464924148016,10.605350758519819,10.605350758519819,Gradient Boosting
Azure,Azure SQL,centralindia,476,95.87,222.93,267.78,306.587165501972,-38.80716550197201,38.80716550197201,Gradient Boosting
GCP,Cloud SQL,us-central1,574,273.06,857.74,267.47,269.7133602700208,-2.243360270020787,2.243360270020787,Gradient Boosting
AWS,RDS,us-east-1,454,77.7,429.69,267.39,287.22243078544335,-19.832430785443364,19.832430785443364,Gradient Boosting
GCP,Cloud SQL,us-west1,86,295.28,287.22,267.36,120.46053680352742,146.8994631964726,146.8994631964726,Gradient Boosting
AWS,EC2,us-west-2,386,354.33,778.21,267.35,265.40029346229056,1.94970653770946,1.94970653770946,Gradient Boosting
GCP,Compute Engine,us-west1,102,78.91,252.49,267.3,116.80505324940493,150.4949467505951,150.4949467505951,Gradient Boosting
Azure,Azure SQL,westeurope,180,265.68,150.96,267.0,183.69171934751978,83.30828065248022,83.30828065248022,Gradient Boosting
GCP,Compute Engine,us-west1,547,184.13,747.53,266.84,271.58756733891653,-4.747567338916554,4.747567338916554,Gradient Boosting
AWS,RDS,us-west-2,46,186.9,303.12,265.81,133.33824013039296,132.47175986960704,132.47175986960704,Gradient Boosting
Azure,Azure SQL,westeurope,416,227.22,340.44,265.77,271.398728846141,-5.62872884614103,5.62872884614103,Gradient Boosting
AWS,RDS,eu-west-1,485,570.33,307.63,265.76,301.1174606029898,-35.35746060298982,35.35746060298982,Gradient Boosting
GCP,Compute Engine,us-west1,422,118.86,503.42,265.66,208.03908399915284,57.62091600084719,57.62091600084719,Gradient Boosting
AWS,EC2,ap-south-1,449,105.16,369.96,265.66,323.3592298123797,-57.699229812379656,57.699229812379656,Gradient Boosting
GCP,Compute Engine,us-west1,579,121.25,151.01,265.65,265.1437598277708,0.5062401722291838,0.5062401722291838,Gradient Boosting
AWS,EC2,us-west-2,175,88.85,231.3,265.61,174.58752152930765,91.02247847069236,91.02247847069236,Gradient Boosting
AWS,EC2,us-west-2,308,290.75,611.31,265.51,214.33850866535724,51.17149133464275,51.17149133464275,Gradient Boosting
GCP,Cloud SQL,europe-west1,635,67.97,812.18,265.51,288.57359823510893,-23.06359823510894,23.06359823510894,Gradient Boosting
GCP,Cloud SQL,europe-west1,541,227.88,405.6,265.32,260.2604636760539,5.059536323946077,5.059536323946077,Gradient Boosting
AWS,RDS,eu-west-1,445,162.12,1076.89,264.61,301.56194671241656,-36.95194671241654,36.95194671241654,Gradient Boosting
AWS,EC2,ap-south-1,404,243.7,1991.97,264.54,307.798601142133,-43.25860114213299,43.25860114213299,Gradient Boosting
AWS,EC2,us-west-2,318,185.18,1276.3,263.94,220.55773077239175,43.38226922760825,43.38226922760825,Gradient Boosting
Azure,Azure SQL,westeurope,437,465.83,339.33,263.22,275.21681587672947,-11.996815876729443,11.996815876729443,Gradient Boosting
GCP,Compute Engine,europe-west1,579,263.63,221.81,263.21,267.75571303872783,-4.545713038727854,4.545713038727854,Gradient Boosting
AWS,RDS,ap-south-1,403,106.58,661.45,263.15,256.5548899292651,6.595110070734904,6.595110070734904,Gradient Boosting
Azure,Virtual Machines,westeurope,549,91.13,556.44,262.89,335.4671016781693,-72.5771016781693,72.5771016781693,Gradient Boosting
GCP,Cloud SQL,us-central1,99,314.55,1634.83,262.8,141.37115571162937,121.42884428837064,121.42884428837064,Gradient Boosting
AWS,Lambda,ap-south-1,562,95.73,865.03,262.75,187.87265649977365,74.87734350022635,74.87734350022635,Gradient Boosting
GCP,Compute Engine,asia-south1,449,166.35,412.43,262.13,231.2210295551938,30.908970444806187,30.908970444806187,Gradient Boosting
AWS,RDS,ap-south-1,560,341.01,308.71,262.06,326.9336231839931,-64.87362318399312,64.87362318399312,Gradient Boosting
GCP,Compute Engine,europe-west1,31,261.99,654.08,261.07,233.1480439460058,27.921956053994194,27.921956053994194,Gradient Boosting
Azure,Virtual Machines,centralindia,105,232.96,166.92,260.9,158.23101608508898,102.668983914911,102.668983914911,Gradient Boosting
GCP,Compute Engine,us-central1,136,113.03,98.49,260.68,116.85887664282555,143.82112335717446,143.82112335717446,Gradient Boosting
AWS,EC2,eu-west-1,469,192.67,409.74,259.85,323.1351194754125,-63.2851194754125,63.2851194754125,Gradient Boosting
GCP,Compute Engine,us-central1,429,41.81,1346.5,259.47,218.48130128092384,40.98869871907618,40.98869871907618,Gradient Boosting
Azure,Virtual Machines,westus,447,107.09,220.51,259.37,286.913949267302,-27.54394926730197,27.54394926730197,Gradient Boosting
GCP,Compute Engine,europe-west1,618,95.27,241.06,259.19,301.3809717175483,-42.19097171754828,42.19097171754828,Gradient Boosting
Azure,Virtual Machines,eastus,126,489.19,281.01,258.83,160.15712573209152,98.67287426790847,98.67287426790847,Gradient Boosting
AWS,EC2,us-west-2,442,162.3,347.49,258.54,317.3572679625787,-58.81726796257868,58.81726796257868,Gradient Boosting
Azure,Azure SQL,westeurope,449,145.43,1197.22,258.54,329.68420945159716,-71.14420945159713,71.14420945159713,Gradient Boosting
Azure,Azure SQL,westus,349,304.67,423.24,257.43,235.33332995815283,22.096670041847176,22.096670041847176,Gradient Boosting
GCP,Cloud SQL,europe-west1,648,200.28,55.94,257.31,292.62014702653454,-35.31014702653454,35.31014702653454,Gradient Boosting
Azure,Azure SQL,eastus,495,75.65,661.34,256.43,324.0254377324688,-67.59543773246878,67.59543773246878,Gradient Boosting
GCP,Compute Engine,us-central1,657,143.62,783.0,256.31,319.2810493570954,-62.97104935709541,62.97104935709541,Gradient Boosting
Azure,Virtual Machines,westeurope,212,301.53,291.97,256.2,173.71840051649986,82.48159948350013,82.48159948350013,Gradient Boosting
GCP,Cloud SQL,asia-south1,591,67.28,240.58,256.08,279.29140672768483,-23.211406727684846,23.211406727684846,Gradient Boosting
Azure,Virtual Machines,westeurope,530,63.59,242.92,255.87,317.2208591057454,-61.35085910574537,61.35085910574537,Gradient Boosting
Azure,Azure SQL,westus,508,91.38,556.05,255.82,319.3009747882118,-63.480974788211824,63.480974788211824,Gradient Boosting
Azure,Functions,westus,427,197.74,766.76,255.76,136.8902103921046,118.8697896078954,118.8697896078954,Gradient Boosting
Azure,Azure SQL,westus,79,334.75,384.27,255.13,162.3588750298272,92.77112497017279,92.77112497017279,Gradient Boosting
AWS,EC2,eu-west-1,363,270.79,243.46,254.88,245.56372848394255,9.31627151605744,9.31627151605744,Gradient Boosting
GCP,Compute Engine,us-west1,507,230.5,206.39,254.79,237.24422575708826,17.545774242911733,17.545774242911733,Gradient Boosting
GCP,Compute Engine,us-central1,473,157.0,382.19,254.24,231.2210295551938,23.0189704448062,23.0189704448062,Gradient Boosting
GCP,Cloud SQL,europe-west1,583,220.33,91.42,254.11,271.1858034275185,-17.075803427518508,17.075803427518508,Gradient Boosting
GCP,Compute Engine,europe-west1,596,265.6,1068.22,253.7,295.93474967272437,-42.23474967272438,42.23474967272438,Gradient Boosting
Azure,Azure SQL,westus,114,94.11,298.85,253.55,174.34640638469563,79.20359361530438,79.20359361530438,Gradient Boosting
AWS,RDS,ap-south-1,551,176.77,284.16,253.42,326.9336231839931,-73.51362318399313,73.51362318399313,Gradient Boosting
AWS,RDS,eu-west-1,206,263.26,1152.51,252.65,187.7901250111775,64.8598749888225,64.8598749888225,Gradient Boosting
AWS,Lambda,us-east-1,109,157.85,306.33,252.62,81.98541424526249,170.63458575473751,170.63458575473751,Gradient Boosting
GCP,Compute Engine,europe-west1,524,46.19,589.48,252.02,258.46343093956415,-6.443430939564138,6.443430939564138,Gradient Boosting
AWS,RDS,ap-south-1,43,92.45,559.45,251.63,140.59876556388593,111.03123443611406,111.03123443611406,Gradient Boosting
Azure,Azure SQL,eastus,337,703.5,152.75,251.56,229.1373993124761,22.422600687523897,22.422600687523897,Gradient Boosting
AWS,RDS,us-east-1,413,77.28,259.9,251.34,243.8418229657573,7.498177034242701,7.498177034242701,Gradient Boosting
AWS,EC2,ap-south-1,305,139.34,873.23,251.34,215.93718870234116,35.40281129765884,35.40281129765884,Gradient Boosting
GCP,Compute Engine,us-central1,515,173.86,123.94,250.51,239.39660884675374,11.113391153246255,11.113391153246255,Gradient Boosting
Azure,Azure SQL,centralindia,416,569.3,214.79,250.06,267.34680339457,-17.286803394569972,17.286803394569972,Gradient Boosting
AWS,EC2,us-east-1,88,50.46,466.52,249.79,165.5870456388704,84.2029543611296,84.2029543611296,Gradient Boosting
GCP,Compute Engine,europe-west1,493,144.68,767.99,249.65,236.9338111745919,12.716188825408096,12.716188825408096,Gradient Boosting
AWS,RDS,eu-west-1,465,263.1,105.7,249.64,277.0196549660551,-27.379654966055114,27.379654966055114,Gradient Boosting
AWS,EC2,eu-west-1,409,225.04,148.43,249.52,273.91256710231096,-24.39256710231095,24.39256710231095,Gradient Boosting
AWS,EC2,eu-west-1,48,229.74,242.23,248.78,158.12317101008216,90.65682898991784,90.65682898991784,Gradient Boosting
GCP,Compute Engine,asia-south1,413,291.03,2312.03,248.69,242.45554095765405,6.2344590423459465,6.2344590423459465,Gradient Boosting
AWS,EC2,eu-west-1,391,140.54,493.28,248.53,272.4717080414283,-23.941708041428313,23.941708041428313,Gradient Boosting
Azure,Virtual Machines,westus,480,428.27,460.21,248.26,287.91581557981897,-39.65581557981898,39.65581557981898,Gradient Boosting
Azure,Virtual Machines,westeurope,428,201.06,432.01,248.22,266.2053187275675,-17.98531872756749,17.98531872756749,Gradient Boosting
AWS,RDS,eu-west-1,379,45.64,255.73,248.1,224.37930946613815,23.72069053386184,23.72069053386184,Gradient Boosting
GCP,Compute Engine,us-central1,76,249.34,371.25,247.7,128.60487996185014,119.09512003814984,119.09512003814984,Gradient Boosting
Azure,Azure SQL,eastus,352,49.79,521.83,247.33,235.55744029512,11.772559704880024,11.772559704880024,Gradient Boosting
Azure,Virtual Machines,centralindia,443,227.55,792.81,247.3,289.3190666903211,-42.0190666903211,42.0190666903211,Gradient Boosting
GCP,Cloud SQL,us-central1,665,161.58,221.69,247.28,311.82881834804977,-64.54881834804976,64.54881834804976,Gradient Boosting
AWS,RDS,eu-west-1,389,161.19,356.78,247.27,225.25056002981333,22.01943997018668,22.01943997018668,Gradient Boosting
Azure,Virtual Machines,westus,466,74.51,253.0,247.23,288.2622070487324,-41.03220704873243,41.03220704873243,Gradient Boosting
Azure,Azure SQL,westeurope,217,168.01,218.94,247.08,208.49940512353538,38.58059487646463,38.58059487646463,Gradient Boosting
AWS,EC2,eu-west-1,330,382.71,503.93,247.08,245.96914886941335,1.110851130586667,1.110851130586667,Gradient Boosting
AWS,RDS,eu-west-1,515,211.27,719.21,247.06,327.98412235209855,-80.92412235209855,80.92412235209855,Gradient Boosting
Azure,Azure SQL,centralindia,340,326.37,283.72,246.96,230.0494211075974,16.91057889240261,16.91057889240261,Gradient Boosting
Azure,Virtual Machines,eastus,169,110.02,273.56,246.93,166.59612998374357,80.33387001625644,80.33387001625644,Gradient Boosting
Azure,Azure SQL,westus,362,92.53,657.21,246.51,240.28190323937696,6.228096760623032,6.228096760623032,Gradient Boosting
GCP,Cloud SQL,asia-south1,478,300.44,748.89,246.36,235.98058676957686,10.379413230423154,10.379413230423154,Gradient Boosting
GCP,Cloud SQL,asia-south1,550,192.33,213.01,246.33,261.69567270648,-15.365672706480012,15.365672706480012,Gradient Boosting
AWS,Lambda,eu-west-1,25,72.36,488.39,246.06,114.32452220875082,131.7354777912492,131.7354777912492,Gradient Boosting
GCP,Compute Engine,us-central1,469,221.34,417.03,245.62,231.35513505289313,14.264864947106872,14.264864947106872,Gradient Boosting
Azure,Azure SQL,westus,177,567.93,616.12,244.91,194.94307497126294,49.96692502873705,49.96692502873705,Gradient Boosting
Azure,Azure SQL,centralindia,441,202.27,561.97,244.79,334.98017456396553,-90.19017456396554,90.19017456396554,Gradient Boosting
AWS,RDS,us-west-2,569,153.88,372.42,244.47,328.02898408463545,-83.55898408463545,83.55898408463545,Gradient Boosting
AWS,RDS,us-west-2,486,81.9,101.21,244.32,292.02414997485397,-47.704149974853976,47.704149974853976,Gradient Boosting
Azure,Virtual Machines,westus,454,403.84,128.48,244.28,286.6898389303348,-42.409838930334814,42.409838930334814,Gradient Boosting
Azure,Virtual Machines,centralindia,143,88.47,422.55,243.66,170.10912613236925,73.55087386763074,73.55087386763074,Gradient Boosting
AWS,RDS,us-west-2,339,82.63,600.98,243.49,235.6644009467647,7.825599053235322,7.825599053235322,Gradient Boosting
GCP,Compute Engine,us-central1,544,623.84,399.86,243.18,266.8008284670981,-23.62082846709808,23.62082846709808,Gradient Boosting
AWS,EC2,eu-west-1,141,163.61,472.12,243.13,181.64582138395537,61.48417861604463,61.48417861604463,Gradient Boosting
GCP,Compute Engine,asia-south1,508,281.86,313.61,243.08,238.5924835385185,4.487516461481505,4.487516461481505,Gradient Boosting
AWS,RDS,us-east-1,424,57.24,1063.16,242.05,290.9343954555325,-48.88439545553251,48.88439545553251,Gradient Boosting
Azure,Virtual Machines,westeurope,66,211.67,173.18,241.84,146.4204471836167,95.41955281638332,95.41955281638332,Gradient Boosting
Azure,Functions,westus,188,143.84,1264.14,241.76,89.85005871487962,151.90994128512037,151.90994128512037,Gradient Boosting
GCP,Cloud SQL,asia-south1,429,375.62,83.04,241.67,199.84432460355075,41.82567539644924,41.82567539644924,Gradient Boosting
AWS,EC2,us-east-1,225,280.32,68.93,241.46,194.97390603226967,46.48609396773034,46.48609396773034,Gradient Boosting
GCP,Compute Engine,asia-south1,567,246.56,381.98,240.79,268.01376712943886,-27.22376712943887,27.22376712943887,Gradient Boosting
Azure,Azure SQL,eastus,416,203.81,196.94,240.75,267.34680339457,-26.596803394569974,26.596803394569974,Gradient Boosting
Azure,Virtual Machines,eastus,435,131.83,686.28,239.94,269.429059331791,-29.489059331790997,29.489059331790997,Gradient Boosting
Azure,Azure SQL,centralindia,61,397.57,282.45,239.86,153.73807124627186,86.12192875372816,86.12192875372816,Gradient Boosting
GCP,Compute Engine,us-central1,567,106.55,384.8,239.78,267.87966163173957,-28.099661631739565,28.099661631739565,Gradient Boosting
AWS,Lambda,eu-west-1,708,61.16,146.82,239.6,221.4920404131163,18.10795958688368,18.10795958688368,Gradient Boosting
Azure,Virtual Machines,westus,418,454.61,163.55,239.17,263.92393904324916,-24.753939043249176,24.753939043249176,Gradient Boosting
Azure,Virtual Machines,westeurope,359,106.78,263.08,239.11,214.67598855071572,24.4340114492843,24.4340114492843,Gradient Boosting
GCP,Compute Engine,us-west1,319,66.92,196.94,238.96,159.46487331780418,79.49512668219583,79.49512668219583,Gradient Boosting
GCP,Compute Engine,europe-west1,130,276.75,455.26,238.66,130.81833587870344,107.84166412129656,107.84166412129656,Gradient Boosting
Azure,Virtual Machines,centralindia,402,83.36,419.95,237.75,238.54559549732988,-0.7955954973298844,0.7955954973298844,Gradient Boosting
Azure,Azure SQL,westus,585,192.49,298.94,236.86,363.8955228668387,-127.03552286683868,127.03552286683868,Gradient Boosting
GCP,Cloud Functions,us-west1,53,280.76,218.6,236.67,48.78933821091458,187.88066178908542,187.88066178908542,Gradient Boosting
GCP,Cloud SQL,asia-south1,582,106.06,182.34,236.61,271.1858034275185,-34.57580342751851,34.57580342751851,Gradient Boosting
Azure,Virtual Machines,westus,126,580.6,393.48,236.53,164.98976064801477,71.54023935198524,71.54023935198524,Gradient Boosting
Azure,Virtual Machines,westus,233,215.41,1726.04,236.47,184.59521188083957,51.87478811916043,51.87478811916043,Gradient Boosting
AWS,Lambda,ap-south-1,105,107.34,305.14,236.27,82.20952458222965,154.06047541777036,154.06047541777036,Gradient Boosting
GCP,Compute Engine,europe-west1,490,94.08,88.49,235.92,224.5654830540463,11.35451694595369,11.35451694595369,Gradient Boosting
Azure,Virtual Machines,centralindia,379,183.6,221.0,235.76,220.65485105122977,15.105148948770221,15.105148948770221,Gradient Boosting
GCP,Cloud SQL,us-west1,605,123.04,298.26,235.68,279.8871774932303,-44.20717749323029,44.20717749323029,Gradient Boosting
GCP,Compute Engine,europe-west1,75,180.52,159.66,235.38,109.60311112387653,125.77688887612346,125.77688887612346,Gradient Boosting
Azure,Virtual Machines,westus,164,97.8,110.59,235.34,165.24787220231332,70.09212779768669,70.09212779768669,Gradient Boosting
GCP,Compute Engine,us-west1,613,111.33,213.69,235.01,300.03271393611783,-65.02271393611784,65.02271393611784,Gradient Boosting
AWS,RDS,us-east-1,122,136.94,82.26,235.0,131.64396257507505,103.35603742492495,103.35603742492495,Gradient Boosting
GCP,Cloud Functions,us-central1,700,40.56,628.55,234.68,193.62019401118323,41.05980598881678,41.05980598881678,Gradient Boosting
AWS,RDS,us-west-2,348,197.08,340.62,233.9,217.59801603261315,16.30198396738686,16.30198396738686,Gradient Boosting
AWS,RDS,us-west-2,400,164.98,546.96,233.52,239.35824966631498,-5.838249666314965,5.838249666314965,Gradient Boosting
Azure,Azure SQL,eastus,364,356.78,624.94,233.52,240.0577929024098,-6.537792902409791,6.537792902409791,Gradient Boosting
AWS,RDS,ap-south-1,393,67.33,397.98,233.37,237.74038879808225,-4.370388798082246,4.370388798082246,Gradient Boosting
GCP,Cloud SQL,asia-south1,425,137.24,1243.36,233.29,208.8375011443856,24.45249885561438,24.45249885561438,Gradient Boosting
Azure,Azure SQL,centralindia,343,188.61,1674.07,232.8,245.97036287139602,-13.170362871396009,13.170362871396009,Gradient Boosting
AWS,EC2,us-west-2,370,375.07,407.39,232.65,245.96914886941335,-13.31914886941334,13.31914886941334,Gradient Boosting
GCP,Cloud SQL,europe-west1,650,101.01,254.51,232.44,293.2109170420654,-60.77091704206538,60.77091704206538,Gradient Boosting
GCP,Cloud SQL,us-central1,435,232.2,458.03,232.28,198.4091155731245,33.870884426875506,33.870884426875506,Gradient Boosting
GCP,Cloud SQL,asia-south1,134,241.26,761.45,232.18,143.73399709302643,88.44600290697358,88.44600290697358,Gradient Boosting
Azure,Virtual Machines,westus,459,153.0,1426.71,232.11,295.65507266348413,-63.54507266348412,63.54507266348412,Gradient Boosting
GCP,Compute Engine,us-central1,485,115.89,890.58,232.04,235.99006398821973,-3.950063988219739,3.950063988219739,Gradient Boosting
AWS,RDS,us-east-1,125,516.98,441.44,232.0,150.75802323731918,81.24197676268082,81.24197676268082,Gradient Boosting
AWS,EC2,eu-west-1,460,275.53,429.01,231.61,323.1351194754125,-91.52511947541251,91.52511947541251,Gradient Boosting
Azure,Virtual Machines,centralindia,123,92.95,1042.4,231.58,173.52649838428815,58.053501615711866,58.053501615711866,Gradient Boosting
GCP,Cloud SQL,asia-south1,246,202.96,313.33,231.49,147.03593344112508,84.45406655887493,84.45406655887493,Gradient Boosting
GCP,Cloud SQL,asia-south1,521,260.5,76.02,231.46,248.57153630712762,-17.111536307127608,17.111536307127608,Gradient Boosting
AWS,Lambda,us-east-1,550,146.07,442.78,231.45,189.74171002446542,41.70828997553457,41.70828997553457,Gradient Boosting
GCP,Compute Engine,us-west1,56,734.53,656.65,231.34,147.57032012996405,83.76967987003596,83.76967987003596,Gradient Boosting
GCP,Cloud SQL,us-west1,526,248.0,54.34,231.31,257.0289495476476,-25.718949547647583,25.718949547647583,Gradient Boosting
Azure,Azure SQL,westeurope,196,187.74,149.2,229.32,190.79900193058035,38.52099806941965,38.52099806941965,Gradient Boosting
AWS,RDS,us-west-2,281,350.1,358.31,229.32,191.7940188812845,37.52598111871549,37.52598111871549,Gradient Boosting
GCP,Compute Engine,us-central1,477,407.84,959.05,229.25,237.06791667229123,-7.817916672291233,7.817916672291233,Gradient Boosting
AWS,EC2,us-east-1,378,78.75,740.96,229.16,265.6244037992577,-36.464403799257724,36.464403799257724,Gradient Boosting
GCP,Cloud SQL,us-west1,456,94.2,235.81,229.06,227.97253657499925,1.0874634250007489,1.0874634250007489,Gradient Boosting
AWS,Lambda,us-east-1,658,305.88,2085.6,228.5,269.52486805680775,-41.02486805680775,41.02486805680775,Gradient Boosting
Azure,Virtual Machines,eastus,449,76.75,356.81,228.33,288.6676274342032,-60.3376274342032,60.3376274342032,Gradient Boosting
GCP,Cloud SQL,us-west1,130,156.45,437.91,228.29,131.88438901803514,96.40561098196486,96.40561098196486,Gradient Boosting
AWS,Lambda,us-east-1,698,213.54,632.27,228.07,215.61747879731982,12.452521202680174,12.452521202680174,Gradient Boosting
GCP,Compute Engine,us-central1,576,128.16,474.64,228.0,269.3752857079298,-41.37528570792978,41.37528570792978,Gradient Boosting
AWS,EC2,ap-south-1,407,308.6,267.7,227.6,278.81915589150276,-51.219155891502766,51.219155891502766,Gradient Boosting
GCP,Cloud Functions,us-central1,460,110.67,451.6,227.59,141.5826796128071,86.00732038719289,86.00732038719289,Gradient Boosting
GCP,Compute Engine,europe-west1,425,98.87,1626.36,227.35,218.48130128092384,8.86869871907615,8.86869871907615,Gradient Boosting
GCP,Compute Engine,europe-west1,436,224.93,465.39,226.67,209.11693668322434,17.55306331677565,17.55306331677565,Gradient Boosting
GCP,Compute Engine,us-west1,520,182.46,399.65,226.43,245.1084081615291,-18.67840816152909,18.67840816152909,Gradient Boosting
Azure,Virtual Machines,eastus,476,381.34,226.25,226.3,286.6898389303348,-60.389838930334804,60.389838930334804,Gradient Boosting
GCP,Cloud SQL,asia-south1,139,68.29,415.67,226.27,142.2882274351916,83.98177256480841,83.98177256480841,Gradient Boosting
AWS,RDS,us-west-2,158,123.13,416.68,225.97,162.70643457557387,63.26356542442613,63.26356542442613,Gradient Boosting
AWS,Lambda,ap-south-1,687,206.07,2188.1,225.96,245.03951609925576,-19.079516099255756,19.079516099255756,Gradient Boosting
GCP,Compute Engine,us-central1,512,227.33,205.74,225.93,243.48883549232738,-17.558835492327376,17.558835492327376,Gradient Boosting
Azure,Azure SQL,eastus,330,143.61,248.23,225.76,224.5562874457027,1.203712554297283,1.203712554297283,Gradient Boosting
GCP,Compute Engine,asia-south1,560,262.7,212.64,225.16,266.2600889625376,-41.100088962537626,41.100088962537626,Gradient Boosting
Azure,Azure SQL,centralindia,318,414.27,765.56,225.06,220.10238562669343,4.957614373306569,4.957614373306569,Gradient Boosting
Azure,Azure SQL,westus,143,441.8,679.53,225.06,192.33169364202473,32.72830635797527,32.72830635797527,Gradient Boosting
Azure,Functions,westeurope,645,295.05,242.12,224.71,199.09888504274014,25.611114957259872,25.611114957259872,Gradient Boosting
Azure,Virtual Machines,centralindia,390,331.28,440.76,224.42,234.2261964235308,-9.806196423530821,9.806196423530821,Gradient Boosting
AWS,EC2,ap-south-1,369,267.92,861.94,224.38,253.07161903984556,-28.691619039845563,28.691619039845563,Gradient Boosting
AWS,S3,us-east-1,391,61.91,2473.56,223.52,125.32871408676507,98.19128591323494,98.19128591323494,Gradient Boosting
GCP,Compute Engine,us-central1,114,141.19,151.64,223.34,117.62358179247072,105.71641820752929,105.71641820752929,Gradient Boosting
GCP,Cloud SQL,us-west1,25,121.61,854.06,223.01,174.6330039457398,48.37699605426019,48.37699605426019,Gradient Boosting
GCP,Cloud Functions,us-west1,105,494.47,1021.34,222.71,76.41315786473554,146.29684213526446,146.29684213526446,Gradient Boosting
GCP,Compute Engine,us-central1,431,420.87,235.3,222.58,207.10185694588773,15.47814305411228,15.47814305411228,Gradient Boosting
GCP,Compute Engine,us-west1,227,202.83,1671.84,222.51,162.53001875230908,59.979981247690915,59.979981247690915,Gradient Boosting
Azure,Virtual Machines,eastus,240,252.03,930.2,222.22,181.56992147354032,40.65007852645968,40.65007852645968,Gradient Boosting
Azure,Azure SQL,westeurope,206,271.81,1377.25,221.89,205.18227084018864,16.70772915981135,16.70772915981135,Gradient Boosting
GCP,Cloud SQL,europe-west1,218,310.89,286.85,221.51,147.03593344112508,74.47406655887491,74.47406655887491,Gradient Boosting
Azure,Virtual Machines,westus,402,65.22,392.04,221.42,238.54559549732988,-17.125595497329897,17.125595497329897,Gradient Boosting
AWS,RDS,ap-south-1,149,109.01,765.0,221.27,176.3538121810886,44.916187818911396,44.916187818911396,Gradient Boosting
Azure,Virtual Machines,westeurope,48,730.14,332.8,221.26,156.93058506779516,64.32941493220483,64.32941493220483,Gradient Boosting
GCP,Compute Engine,us-central1,190,70.92,72.09,220.94,128.86645485666293,92.07354514333707,92.07354514333707,Gradient Boosting
AWS,RDS,ap-south-1,352,250.74,444.05,220.84,218.4677606838146,2.3722393161854143,2.3722393161854143,Gradient Boosting
Azure,Azure SQL,westeurope,342,193.26,309.95,220.81,230.0494211075974,-9.239421107597394,9.239421107597394,Gradient Boosting
GCP,Compute Engine,us-central1,436,66.98,713.87,220.64,213.75186561855094,6.888134381449049,6.888134381449049,Gradient Boosting
AWS,EC2,ap-south-1,328,253.68,768.1,220.59,238.88552362682518,-18.295523626825172,18.295523626825172,Gradient Boosting
Azure,Virtual Machines,eastus,386,75.92,841.6,220.52,227.15556519000626,-6.635565190006247,6.635565190006247,Gradient Boosting
GCP,Cloud SQL,us-central1,472,133.72,706.12,220.52,235.98058676957686,-15.46058676957685,15.46058676957685,Gradient Boosting
GCP,Cloud SQL,europe-west1,474,70.93,335.86,220.49,235.32295991841397,-14.832959918413962,14.832959918413962,Gradient Boosting
Azure,Virtual Machines,centralindia,429,52.29,1088.17,220.48,273.213567756504,-52.733567756504016,52.733567756504016,Gradient Boosting
AWS,RDS,eu-west-1,383,96.52,343.05,220.21,224.60492571557904,-4.394925715579035,4.394925715579035,Gradient Boosting
GCP,Compute Engine,europe-west1,492,133.97,264.8,220.2,230.81560916972302,-10.61560916972303,10.61560916972303,Gradient Boosting
AWS,RDS,ap-south-1,381,210.37,359.47,219.87,225.25056002981333,-5.380560029813324,5.380560029813324,Gradient Boosting
Azure,Virtual Machines,eastus,71,228.66,1720.25,219.85,174.0085778301895,45.8414221698105,45.8414221698105,Gradient Boosting
AWS,Lambda,ap-south-1,454,52.34,263.6,219.62,163.83475341165004,55.78524658834996,55.78524658834996,Gradient Boosting
AWS,EC2,us-east-1,293,106.85,301.15,219.5,200.10460515842843,19.395394841571573,19.395394841571573,Gradient Boosting
GCP,Cloud SQL,us-west1,425,173.65,1948.45,219.38,219.65729876876236,-0.27729876876236403,0.27729876876236403,Gradient Boosting
AWS,RDS,ap-south-1,91,264.57,444.38,219.05,140.68638510570926,78.36361489429075,78.36361489429075,Gradient Boosting
GCP,Compute Engine,us-central1,433,287.68,556.69,218.79,209.11693668322434,9.673063316775654,9.673063316775654,Gradient Boosting
GCP,Compute Engine,europe-west1,476,111.96,1278.83,218.75,240.5573240055659,-21.807324005565903,21.807324005565903,Gradient Boosting
GCP,Cloud SQL,asia-south1,496,117.65,137.92,218.6,235.97002614216828,-17.370026142168285,17.370026142168285,Gradient Boosting
Azure,Azure SQL,westeurope,352,129.95,345.54,218.5,232.97719911470514,-14.477199114705144,14.477199114705144,Gradient Boosting
AWS,RDS,us-east-1,104,158.3,997.2,218.4,161.1288576423557,57.271142357644294,57.271142357644294,Gradient Boosting
Azure,Azure SQL,westeurope,346,279.95,226.51,218.25,228.70116332616715,-10.451163326167148,10.451163326167148,Gradient Boosting
Azure,Azure SQL,eastus,326,11.11,96.43,218.24,215.08433777826852,3.1556622217314896,3.1556622217314896,Gradient Boosting
Azure,Azure SQL,westus,315,107.18,256.02,218.19,212.0174199127764,6.172580087223594,6.172580087223594,Gradient Boosting
AWS,Lambda,ap-south-1,672,65.43,435.16,218.12,217.4597284724665,0.6602715275334958,0.6602715275334958,Gradient Boosting
GCP,Compute Engine,asia-south1,483,255.09,843.72,218.01,237.06791667229123,-19.057916672291242,19.057916672291242,Gradient Boosting
Azure,Azure SQL,westeurope,384,136.87,480.01,217.51,246.76022420693295,-29.250224206932955,29.250224206932955,Gradient Boosting
GCP,Compute Engine,us-west1,530,70.51,208.05,217.43,250.99697115326504,-33.56697115326503,33.56697115326503,Gradient Boosting
GCP,Cloud SQL,asia-south1,540,43.23,1144.04,217.36,272.5174631804131,-55.15746318041306,55.15746318041306,Gradient Boosting
AWS,RDS,eu-west-1,344,333.16,283.37,217.03,217.37239978317226,-0.3423997831722545,0.3423997831722545,Gradient Boosting
Azure,Azure SQL,westeurope,71,87.17,139.49,216.91,144.68021693524994,72.22978306475005,72.22978306475005,Gradient Boosting
AWS,EC2,us-west-2,283,202.03,960.64,216.91,207.38838537736427,9.521614622635724,9.521614622635724,Gradient Boosting
AWS,EC2,ap-south-1,285,325.83,195.83,216.78,194.97390603226967,21.806093967730334,21.806093967730334,Gradient Boosting
GCP,Cloud SQL,us-central1,420,154.37,1126.09,216.4,208.9952821609936,7.404717839006395,7.404717839006395,Gradient Boosting
GCP,Cloud Storage,us-central1,61,130.13,462.49,216.38,38.20106466064949,178.17893533935052,178.17893533935052,Gradient Boosting
AWS,Lambda,us-west-2,565,132.35,421.28,216.23,191.97069627365386,24.259303726346133,24.259303726346133,Gradient Boosting
Azure,Virtual Machines,eastus,86,145.61,607.36,216.0,172.19448551345707,43.80551448654293,43.80551448654293,Gradient Boosting
AWS,EC2,us-east-1,221,205.72,231.17,215.8,196.1110807784721,19.688919221527925,19.688919221527925,Gradient Boosting
Azure,Virtual Machines,westus,254,352.37,2514.46,215.28,199.9664425120761,15.313557487923902,15.313557487923902,Gradient Boosting
Azure,Azure SQL,eastus,349,424.79,550.79,214.32,235.33332995815283,-21.013329958152838,21.013329958152838,Gradient Boosting
Azure,Functions,eastus,693,123.2,107.71,214.09,206.474683420555,7.615316579444993,7.615316579444993,Gradient Boosting
GCP,Compute Engine,us-west1,513,42.91,380.65,213.77,245.1084081615291,-31.338408161529088,31.338408161529088,Gradient Boosting
AWS,S3,us-east-1,647,253.61,679.96,213.5,128.2557209832199,85.2442790167801,85.2442790167801,Gradient Boosting
Azure,Azure SQL,centralindia,46,301.92,259.09,213.49,153.73807124627186,59.75192875372815,59.75192875372815,Gradient Boosting
GCP,Cloud SQL,us-west1,429,191.22,314.6,212.97,199.19725837979644,13.772741620203561,13.772741620203561,Gradient Boosting
GCP,Cloud SQL,europe-west1,156,114.08,644.63,212.75,143.73399709302643,69.01600290697357,69.01600290697357,Gradient Boosting
Azure,Azure SQL,westus,382,188.29,790.16,212.29,251.48468715118992,-39.194687151189925,39.194687151189925,Gradient Boosting
Azure,Virtual Machines,westus,438,131.58,89.33,211.79,274.379289187763,-62.589289187763,62.589289187763,Gradient Boosting
GCP,Cloud SQL,asia-south1,447,170.23,268.09,211.74,221.43545674946523,-9.695456749465222,9.695456749465222,Gradient Boosting
GCP,Cloud SQL,us-west1,318,175.59,687.84,211.7,149.6392069631316,62.060793036868375,62.060793036868375,Gradient Boosting
GCP,Cloud SQL,europe-west1,207,71.33,471.85,210.64,146.52703254176015,64.11296745823984,64.11296745823984,Gradient Boosting
GCP,Compute Engine,us-west1,56,75.01,205.3,210.58,102.2136831089704,108.36631689102961,108.36631689102961,Gradient Boosting
Azure,Blob Storage,westus,247,156.79,882.83,210.53,57.862625291296055,152.66737470870396,152.66737470870396,Gradient Boosting
Azure,Virtual Machines,westus,388,268.53,915.41,210.43,226.9314548530391,-16.501454853039093,16.501454853039093,Gradient Boosting
GCP,Cloud SQL,europe-west1,502,118.76,279.96,209.86,235.32295991841397,-25.462959918413958,25.462959918413958,Gradient Boosting
GCP,Compute Engine,europe-west1,56,211.71,831.58,209.82,146.34214689377464,63.47785310622535,63.47785310622535,Gradient Boosting
AWS,Lambda,eu-west-1,502,147.27,145.79,209.54,162.26238529325263,47.27761470674736,47.27761470674736,Gradient Boosting
Azure,Virtual Machines,westus,364,187.18,693.56,209.41,219.38022423412764,-9.970224234127642,9.970224234127642,Gradient Boosting
AWS,Lambda,us-east-1,700,274.41,461.8,209.31,218.6993841153973,-9.389384115397291,9.389384115397291,Gradient Boosting
Azure,Virtual Machines,eastus,402,199.7,313.49,208.68,237.91606477489194,-29.23606477489193,29.23606477489193,Gradient Boosting
GCP,Cloud Functions,us-central1,507,320.97,376.72,208.54,140.76767857534935,67.77232142465064,67.77232142465064,Gradient Boosting
AWS,Lambda,us-east-1,571,51.65,173.0,208.35,190.21701810675282,18.132981893247177,18.132981893247177,Gradient Boosting
GCP,Compute Engine,europe-west1,543,189.49,745.08,207.44,271.58756733891653,-64.14756733891653,64.14756733891653,Gradient Boosting
Azure,Azure SQL,eastus,319,387.1,159.08,207.22,210.445051794379,-3.2250517943789987,3.2250517943789987,Gradient Boosting
AWS,RDS,us-west-2,213,869.61,207.8,207.02,164.74565990908368,42.274340090916326,42.274340090916326,Gradient Boosting
AWS,Lambda,eu-west-1,130,46.59,355.07,206.95,86.82807411384469,120.1219258861553,120.1219258861553,Gradient Boosting
AWS,EC2,us-west-2,340,89.04,690.82,206.68,253.29572937681272,-46.61572937681271,46.61572937681271,Gradient Boosting
AWS,EC2,us-west-2,366,342.08,377.07,206.46,245.96914886941335,-39.50914886941334,39.50914886941334,Gradient Boosting
Azure,Functions,westus,519,64.18,381.67,206.46,153.5921614339344,52.867838566065615,52.867838566065615,Gradient Boosting
GCP,Cloud SQL,europe-west1,550,57.81,337.43,206.38,261.04860648272586,-54.66860648272586,54.66860648272586,Gradient Boosting
GCP,Cloud Functions,us-central1,46,562.16,115.1,206.14,49.581275460795,156.558724539205,156.558724539205,Gradient Boosting
GCP,Compute Engine,europe-west1,405,137.53,1666.84,206.11,209.88287746674152,-3.7728774667415053,3.7728774667415053,Gradient Boosting
AWS,RDS,eu-west-1,173,317.22,275.68,205.92,158.27938757480948,47.64061242519051,47.64061242519051,Gradient Boosting
AWS,EC2,us-west-2,78,482.88,205.81,205.55,141.7643034513774,63.78569654862261,63.78569654862261,Gradient Boosting
Azure,Azure SQL,eastus,378,444.45,602.07,205.24,251.48468715118992,-46.24468715118991,46.24468715118991,Gradient Boosting
Azure,Functions,eastus,579,51.84,877.56,205.19,182.319505501658,22.870494498341998,22.870494498341998,Gradient Boosting
GCP,Cloud SQL,asia-south1,390,397.99,561.02,204.88,187.87857362691588,17.001426373084115,17.001426373084115,Gradient Boosting
GCP,Cloud Functions,us-central1,27,341.77,404.64,204.85,110.30144526235316,94.54855473764684,94.54855473764684,Gradient Boosting
AWS,EC2,eu-west-1,46,184.64,553.37,204.81,163.55500105491913,41.25499894508087,41.25499894508087,Gradient Boosting
AWS,RDS,eu-west-1,308,100.1,785.69,204.78,210.9363058150782,-6.156305815078213,6.156305815078213,Gradient Boosting
Azure,Azure SQL,eastus,298,105.76,265.04,204.62,210.0717732419328,-5.451773241932784,5.451773241932784,Gradient Boosting
Azure,Azure SQL,centralindia,359,118.67,418.03,204.57,235.55744029512,-30.987440295119995,30.987440295119995,Gradient Boosting
AWS,RDS,us-west-2,427,284.77,277.12,204.54,253.15988362934465,-48.619883629344656,48.619883629344656,Gradient Boosting
GCP,Cloud Functions,us-west1,38,209.75,884.77,204.44,107.07177867956243,97.36822132043757,97.36822132043757,Gradient Boosting
AWS,Lambda,ap-south-1,698,160.88,531.83,204.04,218.6993841153973,-14.659384115397302,14.659384115397302,Gradient Boosting
GCP,Cloud SQL,us-central1,121,426.65,281.3,203.97,125.07046960423399,78.899530395766,78.899530395766,Gradient Boosting
Azure,Virtual Machines,westus,336,87.03,257.34,203.84,212.85498259462062,-9.01498259462062,9.01498259462062,Gradient Boosting
Azure,Functions,westus,664,235.61,770.25,203.59,211.70034159572856,-8.110341595728556,8.110341595728556,Gradient Boosting
AWS,Lambda,us-east-1,480,80.26,343.36,203.51,164.06036966109093,39.44963033890906,39.44963033890906,Gradient Boosting
GCP,Cloud SQL,asia-south1,474,278.72,383.66,203.25,234.53481711174203,-31.28481711174203,31.28481711174203,Gradient Boosting
GCP,Cloud SQL,us-west1,147,56.39,591.02,203.24,143.73399709302643,59.50600290697358,59.50600290697358,Gradient Boosting
GCP,Compute Engine,us-west1,540,139.27,602.14,203.16,271.58756733891653,-68.42756733891653,68.42756733891653,Gradient Boosting
AWS,RDS,us-west-2,118,375.62,109.74,202.92,131.64396257507505,71.27603742492494,71.27603742492494,Gradient Boosting
GCP,Cloud SQL,us-central1,311,219.16,3170.32,202.67,171.97941144689364,30.690588553106352,30.690588553106352,Gradient Boosting
AWS,RDS,us-east-1,275,93.65,109.01,202.43,182.96592847459175,19.464071525408258,19.464071525408258,Gradient Boosting
GCP,Cloud SQL,us-west1,291,186.7,467.92,202.36,146.24779063445314,56.112209365546875,56.112209365546875,Gradient Boosting
AWS,EC2,us-west-2,334,391.11,395.56,202.31,245.96914886941335,-43.65914886941334,43.65914886941334,Gradient Boosting
Azure,Azure SQL,eastus,368,141.18,208.33,201.88,229.7629688156035,-27.882968815603505,27.882968815603505,Gradient Boosting
GCP,Cloud Functions,us-west1,707,123.63,1159.01,201.75,196.37974231749556,5.370257682504445,5.370257682504445,Gradient Boosting
AWS,RDS,eu-west-1,181,144.44,794.17,201.57,178.74108317335967,22.828916826640324,22.828916826640324,Gradient Boosting
GCP,Compute Engine,europe-west1,291,290.02,740.76,201.53,162.89322597544796,38.63677402455204,38.63677402455204,Gradient Boosting
AWS,EC2,us-west-2,334,184.6,184.13,201.28,240.65713969475095,-39.37713969475095,39.37713969475095,Gradient Boosting
GCP,Cloud SQL,europe-west1,383,278.8,555.96,201.21,176.60122614126823,24.60877385873178,24.60877385873178,Gradient Boosting
AWS,RDS,ap-south-1,305,79.3,472.74,201.2,193.96377588909527,7.236224110904715,7.236224110904715,Gradient Boosting
GCP,Cloud Functions,us-central1,534,141.52,712.02,200.99,159.6728610601974,41.31713893980262,41.31713893980262,Gradient Boosting
GCP,Cloud SQL,us-central1,180,285.81,229.07,200.98,144.7407960034273,56.239203996572684,56.239203996572684,Gradient Boosting
Azure,Functions,westeurope,690,119.45,1000.31,200.54,211.92445193269572,-11.384451932695725,11.384451932695725,Gradient Boosting
Azure,Virtual Machines,westeurope,231,165.32,779.28,200.49,181.56992147354032,18.92007852645969,18.92007852645969,Gradient Boosting
Azure,Functions,centralindia,662,99.05,43.54,200.31,204.9533329278231,-4.64333292782311,4.64333292782311,Gradient Boosting
GCP,Compute Engine,us-west1,567,256.53,154.96,200.3,262.30196781466344,-62.00196781466343,62.00196781466343,Gradient Boosting
Azure,Azure SQL,westeurope,177,107.12,106.18,200.04,183.91582968448694,16.124170315513055,16.124170315513055,Gradient Boosting
Azure,Functions,eastus,677,210.08,111.14,199.81,204.72922259085595,-4.919222590855952,4.919222590855952,Gradient Boosting
Azure,Azure SQL,westeurope,312,79.5,355.6,199.54,215.60203301940362,-16.06203301940363,16.06203301940363,Gradient Boosting
GCP,Cloud SQL,asia-south1,456,102.95,356.04,199.47,226.537327544573,-27.067327544573004,27.067327544573004,Gradient Boosting
GCP,Cloud SQL,us-west1,438,248.66,175.96,199.32,209.54786289368036,-10.227862893680367,10.227862893680367,Gradient Boosting
AWS,EC2,us-west-2,266,240.71,400.4,198.93,200.28591520693206,-1.3559152069320533,1.3559152069320533,Gradient Boosting
AWS,EC2,us-east-1,280,34.64,504.0,198.75,200.51002554389922,-1.7600255438992178,1.7600255438992178,Gradient Boosting
GCP,Compute Engine,europe-west1,409,56.74,723.57,198.72,204.20969461799643,-5.4896946179964345,5.4896946179964345,Gradient Boosting
AWS,Lambda,eu-west-1,654,250.27,270.02,198.55,216.83019775002856,-18.28019775002855,18.28019775002855,Gradient Boosting
Azure,Virtual Machines,eastus,21,352.49,346.48,198.43,243.01276946678345,-44.582769466783446,44.582769466783446,Gradient Boosting
Azure,Azure SQL,westus,276,77.74,894.45,198.29,218.38084929281698,-20.090849292816984,20.090849292816984,Gradient Boosting
AWS,RDS,us-west-2,338,180.52,277.01,198.25,217.37239978317226,-19.122399783172256,19.122399783172256,Gradient Boosting
Azure,Virtual Machines,westus,124,412.95,194.75,198.18,159.33656946807838,38.843430531921626,38.843430531921626,Gradient Boosting
AWS,RDS,us-east-1,464,96.87,659.84,197.95,304.1949607114263,-106.2449607114263,106.2449607114263,Gradient Boosting
GCP,Compute Engine,europe-west1,599,343.14,316.2,197.66,290.3755897609921,-92.71558976099212,92.71558976099212,Gradient Boosting
AWS,Lambda,eu-west-1,55,886.09,637.23,197.55,85.39989947261711,112.1501005273829,112.1501005273829,Gradient Boosting
Azure,Virtual Machines,westus,145,44.19,400.98,197.49,170.10912613236925,27.380873867630754,27.380873867630754,Gradient Boosting
AWS,RDS,us-west-2,298,445.74,836.17,197.48,208.23884728985033,-10.758847289850337,10.758847289850337,Gradient Boosting
AWS,Lambda,ap-south-1,58,170.22,292.56,197.38,76.87408759783433,120.50591240216566,120.50591240216566,Gradient Boosting
AWS,EC2,ap-south-1,213,115.16,642.71,196.88,193.46825590339327,3.411744096606725,3.411744096606725,Gradient Boosting
Azure,Azure SQL,westeurope,247,337.17,555.3,196.88,213.43227601159285,-16.552276011592852,16.552276011592852,Gradient Boosting
Azure,Azure SQL,eastus,155,152.62,140.77,196.77,179.5667840465554,17.203215953444612,17.203215953444612,Gradient Boosting
GCP,Cloud Functions,us-central1,69,493.92,1816.32,196.74,79.33115869504526,117.40884130495475,117.40884130495475,Gradient Boosting
AWS,Lambda,us-east-1,615,61.43,245.13,196.62,202.3967199625557,-5.776719962555688,5.776719962555688,Gradient Boosting
AWS,EC2,eu-west-1,293,306.65,811.6,196.38,207.38838537736427,-11.008385377364277,11.008385377364277,Gradient Boosting
AWS,Lambda,eu-west-1,585,321.35,461.54,196.26,193.22958972159324,3.030410278406748,3.030410278406748,Gradient Boosting
GCP,Cloud SQL,europe-west1,430,118.51,411.78,195.97,198.4091155731245,-2.4391155731244964,2.4391155731244964,Gradient Boosting
Azure,Functions,westeurope,23,132.02,412.71,195.59,126.31655067692282,69.27344932307719,69.27344932307719,Gradient Boosting
GCP,Cloud SQL,asia-south1,149,526.82,660.4,195.41,144.52593434290688,50.88406565709312,50.88406565709312,Gradient Boosting
Azure,Functions,westus,142,150.25,3080.57,195.24,112.17474027518216,83.06525972481785,83.06525972481785,Gradient Boosting
GCP,Cloud SQL,us-central1,419,155.02,112.63,194.97,199.84432460355075,-4.874324603550747,4.874324603550747,Gradient Boosting
AWS,Lambda,ap-south-1,678,72.73,979.14,194.07,214.83108864908422,-20.76108864908423,20.76108864908423,Gradient Boosting
Azure,Virtual Machines,eastus,322,143.88,900.49,193.92,215.125505013856,-21.205505013856026,21.205505013856026,Gradient Boosting
GCP,Cloud SQL,us-west1,330,193.36,884.15,193.8,161.4276003875425,32.372399612457514,32.372399612457514,Gradient Boosting
Azure,Functions,eastus,318,182.74,472.56,193.51,90.55503759232579,102.9549624076742,102.9549624076742,Gradient Boosting
Azure,Azure SQL,westeurope,250,127.35,567.68,193.49,214.069388443476,-20.579388443475978,20.579388443475978,Gradient Boosting
AWS,Lambda,eu-west-1,677,134.72,146.01,193.28,215.93061666104424,-22.65061666104424,22.65061666104424,Gradient Boosting
AWS,RDS,us-east-1,326,172.4,606.16,192.82,223.53704979100067,-30.717049791000676,30.717049791000676,Gradient Boosting
GCP,Cloud Functions,asia-south1,709,283.16,805.07,192.54,193.39608367421607,-0.8560836742160802,0.8560836742160802,Gradient Boosting
AWS,Lambda,us-west-2,669,166.42,176.14,192.46,215.93061666104424,-23.470616661044232,23.470616661044232,Gradient Boosting
AWS,RDS,ap-south-1,338,121.72,588.49,192.12,235.6644009467647,-43.54440094676468,43.54440094676468,Gradient Boosting
Azure,Functions,westeurope,671,346.46,284.33,192.07,206.67234186010742,-14.60234186010743,14.60234186010743,Gradient Boosting
GCP,Cloud SQL,us-west1,131,79.77,225.45,191.8,130.2120222853064,61.58797771469361,61.58797771469361,Gradient Boosting
GCP,Compute Engine,us-west1,247,175.49,184.09,191.68,151.3345395435752,40.3454604564248,40.3454604564248,Gradient Boosting
AWS,Lambda,ap-south-1,623,392.49,246.96,191.46,204.6248870749497,-13.16488707494969,13.16488707494969,Gradient Boosting
Azure,Functions,westeurope,689,218.88,439.6,191.45,207.53102774027334,-16.081027740273356,16.081027740273356,Gradient Boosting
AWS,Lambda,us-east-1,653,108.14,517.82,191.33,217.4597284724665,-26.129728472466496,26.129728472466496,Gradient Boosting
Azure,Azure SQL,eastus,267,130.24,658.65,191.21,218.38084929281698,-27.170849292816968,27.170849292816968,Gradient Boosting
AWS,Lambda,us-west-2,643,110.97,1032.37,191.08,206.35306051095608,-15.273060510956071,15.273060510956071,Gradient Boosting
AWS,Lambda,us-west-2,601,515.55,185.54,190.97,201.61628909403873,-10.646289094038735,10.646289094038735,Gradient Boosting
AWS,RDS,us-west-2,249,351.21,285.09,190.97,190.69865798064217,0.27134201935783153,0.27134201935783153,Gradient Boosting
Azure,Functions,westeurope,674,356.53,523.5,190.43,207.0777622455782,-16.647762245578207,16.647762245578207,Gradient Boosting
AWS,EC2,us-east-1,300,1006.89,505.93,190.38,231.86599006745104,-41.48599006745104,41.48599006745104,Gradient Boosting
Azure,Functions,eastus,683,101.84,485.43,190.35,207.7551380772405,-17.405138077240508,17.405138077240508,Gradient Boosting
GCP,Compute Engine,asia-south1,449,195.23,422.59,190.23,231.2210295551938,-40.99102955519382,40.99102955519382,Gradient Boosting
Azure,Azure SQL,westeurope,175,351.44,153.37,190.15,179.5667840465554,10.583215953444608,10.583215953444608,Gradient Boosting
AWS,Lambda,us-east-1,588,433.96,777.11,189.99,188.60384843029593,1.386151569704083,1.386151569704083,Gradient Boosting
Azure,Azure SQL,eastus,139,127.17,704.37,189.9,192.5558039789919,-2.6558039789918837,2.6558039789918837,Gradient Boosting
Azure,Functions,centralindia,687,190.72,769.87,189.7,211.70034159572856,-22.00034159572857,22.00034159572857,Gradient Boosting
GCP,Cloud SQL,us-central1,407,405.71,424.15,189.5,188.86694457257,0.6330554274300084,0.6330554274300084,Gradient Boosting
AWS,Lambda,us-west-2,351,99.05,111.29,189.35,111.65760848269598,77.69239151730402,77.69239151730402,Gradient Boosting
AWS,EC2,us-east-1,348,198.45,928.14,189.29,253.07161903984556,-63.781619039845566,63.781619039845566,Gradient Boosting
AWS,RDS,us-east-1,327,128.01,1433.45,189.08,229.47453823443252,-40.3945382344325,40.3945382344325,Gradient Boosting
GCP,Cloud SQL,us-west1,364,317.5,500.37,189.02,169.8184267952695,19.201573204730522,19.201573204730522,Gradient Boosting
GCP,Cloud SQL,us-central1,250,251.17,189.1,188.84,147.6829996648794,41.157000335120614,41.157000335120614,Gradient Boosting
AWS,RDS,us-west-2,81,281.19,365.39,188.82,140.68638510570926,48.13361489429073,48.13361489429073,Gradient Boosting
Azure,Virtual Machines,westeurope,474,144.5,382.27,188.03,288.44351709723605,-100.41351709723605,100.41351709723605,Gradient Boosting
Azure,Virtual Machines,eastus,290,244.09,1416.39,187.88,196.0138132849979,-8.133813284997899,8.133813284997899,Gradient Boosting
Azure,Azure SQL,westus,290,812.52,352.1,187.87,212.98756656141518,-25.117566561415174,25.117566561415174,Gradient Boosting
AWS,Lambda,eu-west-1,546,284.37,155.71,187.7,187.98803185756438,-0.2880318575643912,0.2880318575643912,Gradient Boosting
GCP,Compute Engine,europe-west1,379,122.64,326.88,187.42,185.82577418182578,1.594225818174209,1.594225818174209,Gradient Boosting
AWS,Lambda,eu-west-1,648,175.33,225.12,187.35,208.4733117809681,-21.123311780968095,21.123311780968095,Gradient Boosting
GCP,Cloud SQL,us-west1,370,74.99,643.3,186.77,171.26419645310432,15.505803546895692,15.505803546895692,Gradient Boosting
AWS,Lambda,us-east-1,664,126.49,510.26,186.57,217.4597284724665,-30.889728472466516,30.889728472466516,Gradient Boosting
AWS,RDS,us-east-1,306,148.33,564.73,186.27,192.40263310071532,-6.13263310071531,6.13263310071531,Gradient Boosting
Azure,Functions,westeurope,627,132.12,1135.8,186.12,204.24181892261095,-18.12181892261094,18.12181892261094,Gradient Boosting
Azure,Blob Storage,eastus,59,357.4,5000.0,186.06,96.79554920266581,89.26445079733419,89.26445079733419,Gradient Boosting
AWS,Lambda,ap-south-1,238,228.59,385.26,185.72,99.4531362173753,86.2668637826247,86.2668637826247,Gradient Boosting
GCP,Cloud SQL,asia-south1,503,125.44,121.37,185.34,235.97002614216828,-50.630026142168276,50.630026142168276,Gradient Boosting
Azure,Virtual Machines,westus,314,243.94,870.89,185.0,197.9558249430658,-12.955824943065807,12.955824943065807,Gradient Boosting
Azure,Functions,centralindia,25,108.52,401.3,184.83,98.99170390571305,85.83829609428696,85.83829609428696,Gradient Boosting
Azure,Functions,eastus,713,253.88,275.99,184.63,207.12560735480255,-22.49560735480256,22.49560735480256,Gradient Boosting
Azure,Functions,centralindia,246,251.41,2273.85,184.6,111.1981533823469,73.40184661765309,73.40184661765309,Gradient Boosting
AWS,RDS,ap-south-1,289,488.01,152.52,184.58,182.21411662020748,2.3658833797925354,2.3658833797925354,Gradient Boosting
Azure,Azure SQL,westus,321,161.81,372.2,184.31,219.79309832935883,-35.483098329358825,35.483098329358825,Gradient Boosting
GCP,Cloud Functions,asia-south1,661,303.9,1733.7,183.94,196.18531989341906,-12.245319893419065,12.245319893419065,Gradient Boosting
Azure,Functions,westus,89,259.3,830.49,183.84,83.37794000266392,100.46205999733608,100.46205999733608,Gradient Boosting
GCP,Cloud SQL,europe-west1,146,250.85,174.88,183.6,140.61586070246292,42.98413929753707,42.98413929753707,Gradient Boosting
AWS,Lambda,ap-south-1,530,121.14,227.25,183.31,175.08800579517913,8.221994204820874,8.221994204820874,Gradient Boosting
AWS,RDS,us-east-1,299,58.88,194.95,183.11,182.96592847459175,0.14407152540826473,0.14407152540826473,Gradient Boosting
Azure,Functions,westus,655,71.41,272.19,182.96,205.75801307705925,-22.798013077059238,22.798013077059238,Gradient Boosting
AWS,EC2,us-east-1,277,82.67,180.58,182.9,195.19801636923683,-12.29801636923682,12.29801636923682,Gradient Boosting
Azure,Azure SQL,eastus,261,445.77,273.39,182.89,209.84766290496563,-26.957662904965645,26.957662904965645,Gradient Boosting
GCP,Cloud Functions,asia-south1,662,264.12,62.28,182.79,185.47903978495796,-2.68903978495797,2.68903978495797,Gradient Boosting
Azure,Functions,centralindia,145,120.14,464.98,182.74,79.85941565897144,102.88058434102857,102.88058434102857,Gradient Boosting
Azure,Virtual Machines,westeurope,360,459.83,322.07,182.7,213.92417669633144,-31.224176696331455,31.224176696331455,Gradient Boosting
Azure,Functions,westeurope,529,276.38,260.26,182.49,161.74331099014876,20.746689009851252,20.746689009851252,Gradient Boosting
GCP,Cloud SQL,us-central1,347,234.1,789.5,182.21,161.4276003875425,20.78239961245751,20.78239961245751,Gradient Boosting
GCP,Compute Engine,europe-west1,376,228.57,855.26,182.03,187.89650780077366,-5.866507800773661,5.866507800773661,Gradient Boosting
Azure,Functions,eastus,573,221.69,1526.4,182.0,185.31310520087183,-3.3131052008718314,3.3131052008718314,Gradient Boosting
GCP,Compute Engine,asia-south1,49,188.69,459.39,181.93,123.5271200895529,58.40287991044711,58.40287991044711,Gradient Boosting
GCP,Cloud Functions,us-central1,708,199.93,433.99,181.88,188.83869793980162,-6.958697939801624,6.958697939801624,Gradient Boosting
AWS,RDS,us-east-1,247,153.32,846.54,181.87,208.76654880726744,-26.896548807267436,26.896548807267436,Gradient Boosting
GCP,Cloud Storage,us-west1,633,176.43,408.27,181.66,113.99788939139357,67.66211060860643,67.66211060860643,Gradient Boosting
AWS,EC2,us-west-2,64,247.23,108.03,180.91,137.97881154441518,42.93118845558482,42.93118845558482,Gradient Boosting
AWS,RDS,us-west-2,239,353.94,313.35,180.76,190.69865798064217,-9.938657980642176,9.938657980642176,Gradient Boosting
Azure,Virtual Machines,westeurope,297,130.49,639.88,180.71,192.02599832297344,-11.315998322973428,11.315998322973428,Gradient Boosting
AWS,Lambda,eu-west-1,479,41.55,175.49,180.65,162.4864956302198,18.163504369780213,18.163504369780213,Gradient Boosting
AWS,RDS,ap-south-1,129,366.14,694.78,180.44,169.65847685677747,10.781523143222529,10.781523143222529,Gradient Boosting
Azure,Azure SQL,westus,225,86.8,569.48,179.96,214.069388443476,-34.10938844347598,34.10938844347598,Gradient Boosting
AWS,Lambda,ap-south-1,599,195.43,976.99,179.91,198.47999023717912,-18.569990237179127,18.569990237179127,Gradient Boosting
AWS,Lambda,us-east-1,675,351.43,633.01,179.69,214.60697831211706,-34.91697831211707,34.91697831211707,Gradient Boosting
GCP,Cloud Functions,us-central1,689,137.86,564.5,179.66,187.50166548838882,-7.841665488388827,7.841665488388827,Gradient Boosting
AWS,Lambda,eu-west-1,700,462.7,500.93,179.49,218.17168259798018,-38.68168259798017,38.68168259798017,Gradient Boosting
Azure,Functions,westus,605,237.9,106.48,179.24,187.3554715042342,-8.115471504234193,8.115471504234193,Gradient Boosting
AWS,Lambda,us-east-1,220,165.98,727.41,179.17,95.35509644349509,83.8149035565049,83.8149035565049,Gradient Boosting
AWS,Lambda,eu-west-1,514,798.43,262.82,179.1,169.79808531719462,9.301914682805375,9.301914682805375,Gradient Boosting
Azure,Functions,westeurope,107,89.67,95.21,178.93,68.20541594865833,110.72458405134168,110.72458405134168,Gradient Boosting
GCP,Cloud SQL,asia-south1,93,272.24,212.12,178.88,123.03657522404896,55.843424775951036,55.843424775951036,Gradient Boosting
GCP,Compute Engine,us-central1,49,152.26,484.71,178.71,123.5271200895529,55.18287991044711,55.18287991044711,Gradient Boosting
AWS,Lambda,us-west-2,621,164.8,410.24,178.69,205.0303074604205,-26.34030746042049,26.34030746042049,Gradient Boosting
Azure,Azure SQL,centralindia,199,85.92,1510.39,178.58,206.04256354566212,-27.462563545662107,27.462563545662107,Gradient Boosting
GCP,Cloud SQL,europe-west1,357,120.94,105.45,178.31,161.41703976013392,16.892960239866085,16.892960239866085,Gradient Boosting
GCP,Compute Engine,europe-west1,379,162.36,613.88,178.23,192.88772337306685,-14.657723373066858,14.657723373066858,Gradient Boosting
GCP,Cloud SQL,us-central1,536,208.33,771.23,178.17,261.7062333338887,-83.5362333338887,83.5362333338887,Gradient Boosting
AWS,RDS,eu-west-1,354,395.55,246.49,177.94,217.37239978317226,-39.43239978317226,39.43239978317226,Gradient Boosting
GCP,Compute Engine,asia-south1,421,212.83,114.24,177.85,203.405137368449,-25.55513736844901,25.55513736844901,Gradient Boosting
Azure,Azure SQL,westeurope,473,143.29,461.28,177.69,319.07686445124466,-141.38686445124466,141.38686445124466,Gradient Boosting
GCP,Compute Engine,asia-south1,429,82.16,573.04,177.44,208.45208609406882,-31.01208609406882,31.01208609406882,Gradient Boosting
AWS,EC2,us-west-2,292,175.32,374.54,177.4,200.28591520693206,-22.885915206932054,22.885915206932054,Gradient Boosting
AWS,RDS,us-east-1,258,214.74,1083.72,177.22,211.71568300095262,-34.495683000952624,34.495683000952624,Gradient Boosting
Azure,Virtual Machines,centralindia,203,173.8,297.37,176.9,173.71840051649986,3.1815994835001504,3.1815994835001504,Gradient Boosting
GCP,Cloud Functions,asia-south1,62,318.8,290.06,176.63,58.07130285890365,118.55869714109635,118.55869714109635,Gradient Boosting
GCP,Cloud SQL,asia-south1,365,317.32,400.14,176.11,169.8184267952695,6.2915732047305255,6.2915732047305255,Gradient Boosting
AWS,Lambda,ap-south-1,35,383.85,367.81,176.01,129.41982372890865,46.59017627109134,46.59017627109134,Gradient Boosting
Azure,Functions,westeurope,577,173.61,308.41,175.99,176.87232330172245,-0.8823233017224368,0.8823233017224368,Gradient Boosting
Azure,Functions,westeurope,151,392.22,596.41,175.93,85.59139591951721,90.3386040804828,90.3386040804828,Gradient Boosting
AWS,Lambda,us-east-1,591,303.51,618.18,175.91,197.88421947163363,-21.97421947163363,21.97421947163363,Gradient Boosting
GCP,Cloud SQL,europe-west1,353,98.6,395.11,175.85,159.98183072970767,15.868169270292327,15.868169270292327,Gradient Boosting
Azure,Virtual Machines,westus,316,449.36,208.0,175.83,191.15151962383936,-15.32151962383935,15.32151962383935,Gradient Boosting
Azure,Azure SQL,centralindia,219,105.97,862.97,175.75,218.38084929281698,-42.630849292816976,42.630849292816976,Gradient Boosting
GCP,Cloud Functions,us-central1,641,154.45,484.74,175.68,183.11382108388688,-7.433821083886869,7.433821083886869,Gradient Boosting
GCP,Cloud Functions,asia-south1,97,387.85,446.18,175.61,64.94414920906947,110.66585079093055,110.66585079093055,Gradient Boosting
AWS,EC2,us-west-2,326,63.52,405.76,175.42,219.8124034984249,-44.392403498424926,44.392403498424926,Gradient Boosting
GCP,Cloud SQL,us-central1,507,275.61,302.83,175.33,235.32295991841397,-59.99295991841396,59.99295991841396,Gradient Boosting
Azure,Azure SQL,westus,284,219.91,481.08,175.25,213.43227601159285,-38.18227601159285,38.18227601159285,Gradient Boosting
AWS,Lambda,ap-south-1,657,173.87,189.06,175.18,215.93061666104424,-40.75061666104423,40.75061666104423,Gradient Boosting
GCP,Cloud Functions,us-central1,662,190.3,253.03,175.09,186.37862087394228,-11.288620873942278,11.288620873942278,Gradient Boosting
GCP,Compute Engine,us-central1,169,296.11,603.81,175.03,142.21830989536934,32.81169010463066,32.81169010463066,Gradient Boosting
GCP,Compute Engine,asia-south1,227,265.73,560.11,174.98,160.28736214722767,14.692637852772322,14.692637852772322,Gradient Boosting
GCP,Cloud Functions,us-west1,154,203.33,201.94,174.89,66.88148651519738,108.0085134848026,108.0085134848026,Gradient Boosting
AWS,Lambda,us-west-2,622,225.87,589.15,174.68,200.93226768654029,-26.25226768654028,26.25226768654028,Gradient Boosting
Azure,Functions,westus,506,58.18,1082.09,174.58,155.32452575155907,19.255474248440947,19.255474248440947,Gradient Boosting
AWS,Lambda,eu-west-1,20,194.25,298.36,174.52,135.03810807366895,39.48189192633106,39.48189192633106,Gradient Boosting
Azure,Functions,eastus,474,286.42,306.16,174.29,152.76689777878968,21.52310222121031,21.52310222121031,Gradient Boosting
AWS,EC2,eu-west-1,62,361.94,176.06,174.19,137.97881154441518,36.21118845558482,36.21118845558482,Gradient Boosting
AWS,Lambda,eu-west-1,670,189.73,188.6,173.9,215.93061666104424,-42.030616661044235,42.030616661044235,Gradient Boosting
GCP,Cloud Functions,us-central1,592,119.18,529.03,173.87,179.54887539816727,-5.678875398167264,5.678875398167264,Gradient Boosting
AWS,Lambda,us-east-1,81,193.31,418.3,173.83,84.39050786002424,89.43949213997577,89.43949213997577,Gradient Boosting
AWS,Lambda,ap-south-1,557,67.34,461.85,173.83,191.97069627365386,-18.140696273653845,18.140696273653845,Gradient Boosting
AWS,Lambda,ap-south-1,638,264.09,384.42,173.77,210.22698994786913,-36.45698994786912,36.45698994786912,Gradient Boosting
Azure,Virtual Machines,eastus,297,136.58,592.78,173.43,191.80188798600628,-18.37188798600627,18.37188798600627,Gradient Boosting
AWS,Lambda,us-east-1,175,93.04,352.55,173.33,92.5152665111125,80.81473348888751,80.81473348888751,Gradient Boosting
Azure,Functions,westeurope,645,76.83,1063.49,173.29,205.66239647257373,-32.37239647257374,32.37239647257374,Gradient Boosting
GCP,Cloud Functions,europe-west1,225,117.64,179.6,173.12,75.6007614873759,97.5192385126241,97.5192385126241,Gradient Boosting
AWS,Lambda,ap-south-1,604,210.61,1151.64,172.5,203.72668992476838,-31.22668992476838,31.22668992476838,Gradient Boosting
Azure,Azure SQL,centralindia,290,73.2,1543.51,172.46,224.92960163030952,-52.46960163030951,52.46960163030951,Gradient Boosting
GCP,Cloud SQL,us-central1,70,116.73,424.18,172.39,122.90100770979365,49.48899229020634,49.48899229020634,Gradient Boosting
Azure,Azure SQL,centralindia,252,294.04,553.44,172.36,213.43227601159285,-41.072276011592834,41.072276011592834,Gradient Boosting
GCP,Cloud Storage,us-central1,657,192.1,422.95,172.32,120.78952456379524,51.53047543620475,51.53047543620475,Gradient Boosting
Azure,Azure SQL,westeurope,357,202.81,1025.99,172.27,240.0577929024098,-67.78779290240979,67.78779290240979,Gradient Boosting
GCP,Cloud Functions,europe-west1,484,111.61,1154.9,172.25,153.73562723371668,18.514372766283316,18.514372766283316,Gradient Boosting
AWS,EC2,us-west-2,143,155.31,614.99,172.22,187.14961151740366,-14.929611517403657,14.929611517403657,Gradient Boosting
GCP,Compute Engine,us-central1,307,123.86,516.37,172.22,161.21855148470522,11.001448515294783,11.001448515294783,Gradient Boosting
AWS,Lambda,us-east-1,619,518.52,572.39,172.01,202.54876705951904,-30.538767059519046,30.538767059519046,Gradient Boosting
AWS,Lambda,us-west-2,45,261.98,299.08,171.95,78.10855221034902,93.84144778965097,93.84144778965097,Gradient Boosting
Azure,Functions,westeurope,558,352.93,707.96,171.95,183.23383428470615,-11.28383428470616,11.28383428470616,Gradient Boosting
Azure,Virtual Machines,westus,294,235.83,359.56,171.8,187.278962351098,-15.478962351097977,15.478962351097977,Gradient Boosting
GCP,Cloud SQL,asia-south1,377,173.84,33.21,171.75,191.39189525555832,-19.641895255558325,19.641895255558325,Gradient Boosting
AWS,RDS,eu-west-1,183,269.01,296.6,171.66,162.40432287577386,9.255677124226139,9.255677124226139,Gradient Boosting
GCP,Cloud SQL,us-west1,351,303.78,166.17,171.62,161.41703976013392,10.202960239866087,10.202960239866087,Gradient Boosting
Azure,Virtual Machines,centralindia,60,101.9,119.73,171.38,146.64455752058385,24.73544247941615,24.73544247941615,Gradient Boosting
AWS,EC2,eu-west-1,195,115.79,315.92,171.23,187.5590453844742,-16.3290453844742,16.3290453844742,Gradient Boosting
GCP,Cloud Functions,europe-west1,612,179.05,1165.53,171.09,193.35434055582184,-22.264340555821832,22.264340555821832,Gradient Boosting
GCP,Cloud Storage,us-west1,327,152.12,4778.72,170.94,171.2149767243027,-0.2749767243026895,0.2749767243026895,Gradient Boosting
GCP,Cloud SQL,us-west1,235,160.47,851.19,170.87,147.69356029228797,23.176439707712035,23.176439707712035,Gradient Boosting
Azure,Blob Storage,eastus,713,481.9,987.26,170.81,121.24569506833834,49.56430493166167,49.56430493166167,Gradient Boosting
AWS,S3,eu-west-1,580,338.89,592.56,170.26,115.85925679332159,54.4007432066784,54.4007432066784,Gradient Boosting
Azure,Virtual Machines,westus,281,106.92,472.57,170.22,178.96058690785713,-8.740586907857136,8.740586907857136,Gradient Boosting
Azure,Virtual Machines,eastus,39,246.56,415.22,169.51,207.71162617053702,-38.201626170537025,38.201626170537025,Gradient Boosting
Azure,Azure SQL,centralindia,150,502.84,666.17,169.4,192.33169364202473,-22.931693642024726,22.931693642024726,Gradient Boosting
Azure,Azure SQL,westus,293,583.96,267.2,169.32,209.84766290496563,-40.52766290496564,40.52766290496564,Gradient Boosting
GCP,Cloud SQL,us-central1,362,412.11,1180.5,169.05,179.61062999802428,-10.560629998024268,10.560629998024268,Gradient Boosting
Azure,Virtual Machines,centralindia,255,292.68,336.51,169.03,176.64157545316124,-7.611575453161237,7.611575453161237,Gradient Boosting
GCP,Compute Engine,asia-south1,71,365.85,1579.28,168.98,147.18805579047887,21.79194420952112,21.79194420952112,Gradient Boosting
AWS,Lambda,us-east-1,178,244.54,173.53,168.82,91.55483754505383,77.26516245494616,77.26516245494616,Gradient Boosting
GCP,Cloud Functions,us-central1,196,225.98,105.91,168.8,72.45347621374736,96.34652378625265,96.34652378625265,Gradient Boosting
Azure,Virtual Machines,centralindia,217,162.74,305.5,168.71,176.64157545316124,-7.93157545316123,7.93157545316123,Gradient Boosting
Azure,Azure SQL,eastus,354,427.0,425.22,168.37,235.33332995815283,-66.96332995815283,66.96332995815283,Gradient Boosting
AWS,Lambda,ap-south-1,170,277.21,379.67,168.12,92.29115617414534,75.82884382585466,75.82884382585466,Gradient Boosting
GCP,Compute Engine,us-west1,397,468.38,238.82,168.02,197.55968594533323,-29.53968594533322,29.53968594533322,Gradient Boosting
AWS,EC2,eu-west-1,143,136.85,212.67,167.85,173.22623644613807,-5.37623644613808,5.37623644613808,Gradient Boosting
Azure,Azure SQL,westus,237,308.92,284.06,167.75,209.84766290496563,-42.09766290496563,42.09766290496563,Gradient Boosting
GCP,Compute Engine,asia-south1,341,95.9,221.11,167.74,171.25326674221503,-3.5132667422150234,3.5132667422150234,Gradient Boosting
AWS,Lambda,us-east-1,670,261.93,274.29,167.68,216.83019775002856,-49.15019775002855,49.15019775002855,Gradient Boosting
AWS,Lambda,us-east-1,594,192.14,347.93,167.66,201.80245510948393,-34.14245510948393,34.14245510948393,Gradient Boosting
Azure,Virtual Machines,eastus,335,52.88,471.43,167.54,213.2604029800914,-45.72040298009142,45.72040298009142,Gradient Boosting
Azure,Virtual Machines,westeurope,187,273.36,266.77,167.46,170.4969549477408,-3.0369549477407816,3.0369549477407816,Gradient Boosting
AWS,Lambda,ap-south-1,516,46.29,644.92,167.22,165.10140302956296,2.1185969704370393,2.1185969704370393,Gradient Boosting
Azure,Blob Storage,centralindia,204,182.48,193.23,167.1,47.58248289123575,119.51751710876425,119.51751710876425,Gradient Boosting
Azure,Functions,eastus,700,86.02,127.97,167.05,206.37978248080677,-39.329782480806756,39.329782480806756,Gradient Boosting
Azure,Functions,eastus,127,51.99,655.0,167.04,85.81550625648437,81.22449374351562,81.22449374351562,Gradient Boosting
AWS,RDS,us-east-1,245,77.46,229.22,166.62,183.2322284215733,-16.612228421573292,16.612228421573292,Gradient Boosting
GCP,Cloud SQL,asia-south1,326,111.33,959.34,166.32,153.04983580364552,13.270164196354472,13.270164196354472,Gradient Boosting
Azure,Virtual Machines,westeurope,278,84.35,947.13,166.31,181.79403181050748,-15.484031810507474,15.484031810507474,Gradient Boosting
GCP,Cloud Functions,europe-west1,683,138.73,377.31,166.27,188.80509118472693,-22.535091184726923,22.535091184726923,Gradient Boosting
GCP,Compute Engine,us-west1,374,109.46,441.27,166.25,179.7897442551148,-13.539744255114812,13.539744255114812,Gradient Boosting
AWS,Lambda,us-east-1,47,307.36,97.6,166.23,68.82658756235995,97.40341243764004,97.40341243764004,Gradient Boosting
GCP,Cloud SQL,us-west1,128,272.95,167.73,166.17,127.35079072839481,38.819209271605175,38.819209271605175,Gradient Boosting
AWS,EC2,eu-west-1,267,180.78,1449.57,165.97,212.67479772881182,-46.704797728811826,46.704797728811826,Gradient Boosting
Azure,Virtual Machines,centralindia,239,110.09,2228.06,165.93,199.37688345278298,-33.44688345278297,33.44688345278297,Gradient Boosting
AWS,RDS,us-east-1,200,166.74,677.52,165.92,184.56543444630847,-18.645434446308485,18.645434446308485,Gradient Boosting
AWS,RDS,us-west-2,86,272.92,220.69,165.9,129.57503478714568,36.32496521285432,36.32496521285432,Gradient Boosting
AWS,S3,us-east-1,632,133.12,247.15,165.74,115.58984540630529,50.15015459369472,50.15015459369472,Gradient Boosting
AWS,Lambda,us-west-2,546,112.85,939.54,165.63,185.86778058755237,-20.23778058755238,20.23778058755238,Gradient Boosting
GCP,Cloud SQL,asia-south1,371,71.17,274.14,165.63,170.60656960194143,-4.976569601941435,4.976569601941435,Gradient Boosting
Azure,Functions,eastus,662,228.11,331.2,165.61,206.67234186010742,-41.06234186010741,41.06234186010741,Gradient Boosting
AWS,S3,us-east-1,664,184.74,680.94,165.58,129.81309961220254,35.76690038779748,35.76690038779748,Gradient Boosting
GCP,Cloud SQL,asia-south1,354,128.04,571.56,165.48,160.39483282462365,5.085167175376341,5.085167175376341,Gradient Boosting
Azure,Functions,centralindia,150,410.16,448.72,165.29,79.63530532200429,85.6546946779957,85.6546946779957,Gradient Boosting
GCP,Cloud Functions,us-central1,671,127.11,177.84,164.74,185.70315012192512,-20.96315012192511,20.96315012192511,Gradient Boosting
GCP,Compute Engine,asia-south1,359,205.59,653.09,164.64,181.03114407973928,-16.39114407973929,16.39114407973929,Gradient Boosting
AWS,EC2,us-west-2,349,386.11,396.01,164.57,245.96914886941335,-81.39914886941335,81.39914886941335,Gradient Boosting
AWS,RDS,us-east-1,283,223.66,126.38,164.46,182.7418181376246,-18.281818137624583,18.281818137624583,Gradient Boosting
GCP,Cloud SQL,us-central1,336,436.72,990.95,164.31,160.89989887012538,3.4101011298746187,3.4101011298746187,Gradient Boosting
Azure,Azure SQL,westus,282,76.4,162.24,164.2,208.72351546050254,-44.52351546050255,44.52351546050255,Gradient Boosting
Azure,Azure SQL,westeurope,232,80.4,137.61,163.96,208.72351546050254,-44.76351546050253,44.76351546050253,Gradient Boosting
Azure,Virtual Machines,westus,53,268.37,1131.11,163.87,185.18902687109477,-21.319026871094763,21.319026871094763,Gradient Boosting
GCP,Cloud SQL,us-west1,152,291.46,790.14,163.78,143.73399709302643,20.04600290697357,20.04600290697357,Gradient Boosting
Azure,Virtual Machines,westus,237,148.54,404.72,163.69,177.04699583863203,-13.35699583863203,13.35699583863203,Gradient Boosting
GCP,Cloud Functions,asia-south1,618,188.1,403.96,163.66,181.8375753034186,-18.177575303418593,18.177575303418593,Gradient Boosting
AWS,Lambda,eu-west-1,571,106.57,113.99,163.62,190.21701810675282,-26.597018106752813,26.597018106752813,Gradient Boosting
Azure,Functions,centralindia,711,149.49,483.47,163.53,207.53102774027334,-44.001027740273344,44.001027740273344,Gradient Boosting
Azure,Functions,centralindia,162,68.8,238.9,163.44,75.26446167589705,88.17553832410294,88.17553832410294,Gradient Boosting
Azure,Functions,westus,552,672.69,508.19,162.98,179.71512604779804,-16.735126047798047,16.735126047798047,Gradient Boosting
GCP,Compute Engine,europe-west1,203,604.91,483.32,162.55,149.4189135452932,13.131086454706804,13.131086454706804,Gradient Boosting
GCP,Compute Engine,us-central1,202,176.98,397.02,162.21,145.35715067009966,16.85284932990035,16.85284932990035,Gradient Boosting
Azure,Azure SQL,centralindia,166,113.2,851.87,162.09,192.5558039789919,-30.465803978991886,30.465803978991886,Gradient Boosting
AWS,Lambda,ap-south-1,475,187.79,148.09,161.84,162.26238529325263,-0.4223852932526313,0.4223852932526313,Gradient Boosting
GCP,Compute Engine,asia-south1,149,201.69,948.11,161.59,144.4362657704117,17.15373422958831,17.15373422958831,Gradient Boosting
Azure,Azure SQL,eastus,249,77.7,280.94,161.59,210.0717732419328,-48.481773241932785,48.481773241932785,Gradient Boosting
Azure,Virtual Machines,centralindia,215,333.94,2319.22,161.14,198.77980762038374,-37.63980762038375,37.63980762038375,Gradient Boosting
GCP,Compute Engine,us-central1,335,150.22,749.18,160.95,180.9796029570756,-20.02960295707561,20.02960295707561,Gradient Boosting
Azure,Functions,westeurope,567,207.77,251.05,160.82,176.87232330172245,-16.052323301722453,16.052323301722453,Gradient Boosting
AWS,RDS,eu-west-1,124,108.66,3641.14,160.62,182.23035684440757,-21.610356844407562,21.610356844407562,Gradient Boosting
GCP,Compute Engine,asia-south1,381,228.07,420.99,160.43,187.30904725136807,-26.879047251368064,26.879047251368064,Gradient Boosting
GCP,Compute Engine,asia-south1,358,159.81,802.2,160.23,180.9796029570756,-20.74960295707561,20.74960295707561,Gradient Boosting
Azure,Virtual Machines,westeurope,291,183.73,365.48,160.21,187.278962351098,-27.06896235109798,27.06896235109798,Gradient Boosting
AWS,Lambda,ap-south-1,440,193.53,259.67,160.13,161.48656240051153,-1.3565624005115353,1.3565624005115353,Gradient Boosting
GCP,Cloud Storage,europe-west1,600,90.4,675.28,160.09,116.88107266367622,43.20892733632378,43.20892733632378,Gradient Boosting
GCP,Compute Engine,us-west1,387,494.14,313.61,159.96,186.37592534848017,-26.415925348480158,26.415925348480158,Gradient Boosting
GCP,Cloud SQL,europe-west1,347,116.06,253.94,159.67,160.7699735363796,-1.099973536379622,1.099973536379622,Gradient Boosting
GCP,Compute Engine,europe-west1,357,335.77,224.49,159.6,173.64724866847578,-14.047248668475788,14.047248668475788,Gradient Boosting
Azure,Functions,centralindia,540,351.79,307.25,159.53,174.86744738950117,-15.337447389501165,15.337447389501165,Gradient Boosting
AWS,Lambda,ap-south-1,41,380.66,1264.79,159.49,87.59406257622716,71.89593742377285,71.89593742377285,Gradient Boosting
GCP,Cloud Functions,europe-west1,652,208.94,2013.29,159.3,215.46710674532207,-56.16710674532206,56.16710674532206,Gradient Boosting
AWS,EC2,eu-west-1,243,128.5,129.56,159.29,195.19801636923683,-35.90801636923683,35.90801636923683,Gradient Boosting
GCP,Cloud Functions,us-west1,601,302.22,382.58,159.27,181.24668460292798,-21.976684602927975,21.976684602927975,Gradient Boosting
Azure,Blob Storage,centralindia,222,112.45,456.43,159.23,50.546589586503764,108.68341041349623,108.68341041349623,Gradient Boosting
GCP,Cloud Functions,asia-south1,651,277.65,422.95,159.19,184.43530050918997,-25.245300509189974,25.245300509189974,Gradient Boosting
AWS,Lambda,us-west-2,126,222.39,721.59,159.09,88.19311640026513,70.89688359973488,70.89688359973488,Gradient Boosting
GCP,Cloud Functions,europe-west1,640,297.89,1474.35,159.06,194.62614271630136,-35.56614271630136,35.56614271630136,Gradient Boosting
Azure,Blob Storage,westeurope,523,163.18,517.06,158.97,94.2986720620575,64.6713279379425,64.6713279379425,Gradient Boosting
Azure,Azure SQL,centralindia,213,180.85,169.22,158.95,190.79900193058035,-31.849001930580357,31.849001930580357,Gradient Boosting
Azure,Functions,centralindia,542,92.15,240.32,158.84,175.09155772646832,-16.25155772646832,16.25155772646832,Gradient Boosting
Azure,Virtual Machines,eastus,252,429.03,140.46,158.75,174.76561615431388,-16.015616154313875,16.015616154313875,Gradient Boosting
AWS,Lambda,ap-south-1,652,155.24,201.95,158.49,209.79479120627119,-51.304791206271176,51.304791206271176,Gradient Boosting
GCP,Cloud Functions,asia-south1,618,148.45,408.58,158.38,181.8375753034186,-23.457575303418594,23.457575303418594,Gradient Boosting
AWS,EC2,us-east-1,144,276.99,641.55,158.3,187.14961151740366,-28.849611517403645,28.849611517403645,Gradient Boosting
Azure,Azure SQL,eastus,125,354.49,174.17,158.19,173.87959164928762,-15.689591649287621,15.689591649287621,Gradient Boosting
Azure,Functions,centralindia,469,80.98,131.14,157.78,151.6427503343266,6.137249665673409,6.137249665673409,Gradient Boosting
GCP,Cloud Functions,us-west1,702,122.61,597.14,157.78,193.62019401118323,-35.84019401118323,35.84019401118323,Gradient Boosting
Azure,Functions,eastus,523,364.42,477.35,157.46,162.14873137561955,-4.68873137561954,4.68873137561954,Gradient Boosting
Azure,Functions,centralindia,500,105.4,606.0,156.64,155.72742214514028,0.9125778548597054,0.9125778548597054,Gradient Boosting
Azure,Functions,centralindia,120,111.06,225.47,156.64,68.20541594865833,88.43458405134166,88.43458405134166,Gradient Boosting
Azure,Functions,westeurope,299,87.02,272.22,156.6,86.61597531673063,69.98402468326937,69.98402468326937,Gradient Boosting
AWS,Lambda,us-west-2,283,224.66,1056.59,156.5,133.00958435445332,23.490415645546676,23.490415645546676,Gradient Boosting
AWS,EC2,ap-south-1,226,191.18,193.21,156.47,194.97390603226967,-38.50390603226967,38.50390603226967,Gradient Boosting
GCP,Cloud Functions,us-central1,646,355.36,522.42,156.38,183.11382108388688,-26.73382108388688,26.73382108388688,Gradient Boosting
Azure,Virtual Machines,eastus,272,46.48,1276.02,156.38,186.64213947800542,-30.262139478005423,30.262139478005423,Gradient Boosting
AWS,Lambda,eu-west-1,456,297.65,129.18,156.32,162.26238529325263,-5.9423852932526415,5.9423852932526415,Gradient Boosting
AWS,Lambda,eu-west-1,594,137.18,225.53,156.25,200.2285810786128,-43.97858107861279,43.97858107861279,Gradient Boosting
GCP,Cloud Functions,us-central1,245,72.8,1464.39,156.11,90.2068643116582,65.90313568834182,65.90313568834182,Gradient Boosting
GCP,Cloud Functions,europe-west1,505,128.09,468.77,155.84,142.139963558223,13.700036441777002,13.700036441777002,Gradient Boosting
GCP,Compute Engine,europe-west1,381,115.21,432.16,155.81,186.23119456729657,-30.421194567296567,30.421194567296567,Gradient Boosting
GCP,Cloud Storage,europe-west1,625,135.95,1000.28,155.79,120.20151577362492,35.58848422637507,35.58848422637507,Gradient Boosting
Azure,Blob Storage,westeurope,587,181.3,400.62,155.76,96.65593414264545,59.10406585735454,59.10406585735454,Gradient Boosting
Azure,Azure SQL,westeurope,209,102.93,1179.12,155.45,205.37669326426516,-49.92669326426517,49.92669326426517,Gradient Boosting
AWS,EC2,us-east-1,101,342.75,346.33,155.4,166.83618080308176,-11.436180803081754,11.436180803081754,Gradient Boosting
Azure,Azure SQL,eastus,218,39.13,1052.74,155.26,218.38084929281698,-63.120849292816985,63.120849292816985,Gradient Boosting
AWS,Lambda,us-east-1,447,36.24,587.47,155.14,160.14213402324063,-5.002134023240643,5.002134023240643,Gradient Boosting
Azure,Functions,centralindia,67,268.29,268.25,155.04,65.45270135820796,89.58729864179203,89.58729864179203,Gradient Boosting
Azure,Virtual Machines,westus,263,150.8,88.34,155.03,175.293317671731,-20.263317671730988,20.263317671730988,Gradient Boosting
AWS,EC2,us-east-1,239,175.56,136.14,155.0,194.97390603226967,-39.97390603226967,39.97390603226967,Gradient Boosting
GCP,Cloud SQL,asia-south1,362,141.97,264.86,154.96,170.60656960194143,-15.646569601941422,15.646569601941422,Gradient Boosting
GCP,Compute Engine,europe-west1,217,46.15,1866.15,154.84,154.79769755640206,0.042302443597947104,0.042302443597947104,Gradient Boosting
GCP,Cloud Functions,us-central1,701,223.82,174.14,154.76,190.81635320006288,-36.05635320006289,36.05635320006289,Gradient Boosting
Azure,Functions,eastus,539,238.71,267.96,154.71,174.86744738950117,-20.157447389501158,20.157447389501158,Gradient Boosting
AWS,Lambda,ap-south-1,465,266.11,926.61,154.66,159.91802368627347,-5.258023686273475,5.258023686273475,Gradient Boosting
GCP,Cloud SQL,europe-west1,193,197.95,381.1,154.59,146.52703254176015,8.062967458239854,8.062967458239854,Gradient Boosting
Azure,Functions,westeurope,510,437.98,302.18,154.38,153.57336831409464,0.8066316859053586,0.8066316859053586,Gradient Boosting
GCP,Cloud Functions,europe-west1,568,168.92,369.79,154.37,169.05548499729827,-14.68548499729826,14.68548499729826,Gradient Boosting
AWS,RDS,us-west-2,59,283.88,912.13,154.33,157.83677205103817,-3.506772051038155,3.506772051038155,Gradient Boosting
AWS,Lambda,us-east-1,21,253.65,2032.99,153.95,139.92846594529996,14.021534054700027,14.021534054700027,Gradient Boosting
GCP,Cloud Functions,us-west1,535,187.19,296.48,153.9,161.83529892423272,-7.935298924232711,7.935298924232711,Gradient Boosting
Azure,Virtual Machines,centralindia,246,70.72,1426.57,153.68,186.64213947800542,-32.96213947800541,32.96213947800541,Gradient Boosting
Azure,Functions,westeurope,243,230.69,191.81,153.61,85.0436071983332,68.56639280166681,68.56639280166681,Gradient Boosting
GCP,Cloud Functions,asia-south1,656,190.27,262.57,153.51,186.37862087394228,-32.86862087394229,32.86862087394229,Gradient Boosting
GCP,Compute Engine,asia-south1,51,147.42,294.32,153.5,119.05309868686179,34.44690131313821,34.44690131313821,Gradient Boosting
GCP,Cloud Functions,asia-south1,660,85.48,798.57,153.44,192.60969352598048,-39.16969352598048,39.16969352598048,Gradient Boosting
AWS,RDS,us-east-1,241,412.02,1190.28,153.24,213.17787426382884,-59.93787426382883,59.93787426382883,Gradient Boosting
GCP,Compute Engine,europe-west1,47,250.94,225.66,152.99,115.69840532607307,37.29159467392694,37.29159467392694,Gradient Boosting
Azure,Functions,westus,80,233.79,108.17,152.81,60.48393013459821,92.32606986540179,92.32606986540179,Gradient Boosting
AWS,EC2,eu-west-1,244,258.74,227.61,152.8,195.84478083149054,-43.04478083149053,43.04478083149053,Gradient Boosting
Azure,Functions,centralindia,566,61.31,769.04,152.46,182.319505501658,-29.859505501657992,29.859505501657992,Gradient Boosting
Azure,Functions,westus,600,250.64,239.02,152.29,189.29859077348564,-37.00859077348565,37.00859077348565,Gradient Boosting
Azure,Functions,westeurope,697,252.29,292.15,151.81,207.12560735480255,-55.31560735480255,55.31560735480255,Gradient Boosting
Azure,Virtual Machines,westus,279,113.29,531.1,151.67,178.96058690785713,-27.290586907857147,27.290586907857147,Gradient Boosting
GCP,Cloud Functions,asia-south1,578,486.56,406.82,151.41,168.56139023495587,-17.15139023495587,17.15139023495587,Gradient Boosting
GCP,Compute Engine,asia-south1,324,137.36,332.22,151.36,166.48363636830973,-15.123636368309718,15.123636368309718,Gradient Boosting
AWS,Lambda,us-west-2,551,135.17,76.88,151.28,189.99290776978566,-38.71290776978566,38.71290776978566,Gradient Boosting
GCP,Compute Engine,us-west1,161,143.79,198.47,151.28,128.3744487206022,22.9055512793978,22.9055512793978,Gradient Boosting
Azure,Azure SQL,westus,237,132.07,243.04,150.99,210.0717732419328,-59.08177324193278,59.08177324193278,Gradient Boosting
Azure,Functions,centralindia,92,43.06,635.46,150.98,83.60205033963108,67.37794966036891,67.37794966036891,Gradient Boosting
GCP,Cloud SQL,asia-south1,426,335.11,266.55,150.53,199.19725837979644,-48.667258379796436,48.667258379796436,Gradient Boosting
Azure,Virtual Machines,centralindia,236,112.2,462.17,149.98,177.2711061755992,-27.291106175599197,27.291106175599197,Gradient Boosting
AWS,Lambda,us-east-1,51,214.11,646.47,149.85,84.17172623642773,65.67827376357226,65.67827376357226,Gradient Boosting
Azure,Functions,eastus,151,201.23,1354.36,149.55,87.26836529853205,62.281634701467965,62.281634701467965,Gradient Boosting
AWS,Lambda,eu-west-1,510,216.46,347.8,149.16,168.7955283304461,-19.635528330446107,19.635528330446107,Gradient Boosting
GCP,Cloud SQL,us-central1,424,138.75,243.8,149.01,199.19725837979644,-50.18725837979645,50.18725837979645,Gradient Boosting
AWS,Lambda,ap-south-1,241,155.41,364.8,148.9,99.4531362173753,49.4468637826247,49.4468637826247,Gradient Boosting
Azure,Functions,eastus,610,363.14,501.36,148.86,190.15268785140233,-41.29268785140232,41.29268785140232,Gradient Boosting
GCP,Cloud Functions,us-central1,665,315.55,580.3,148.83,192.38558318901332,-43.555583189013305,43.555583189013305,Gradient Boosting
AWS,Lambda,us-west-2,532,176.33,461.75,148.71,176.617573625113,-27.907573625113002,27.907573625113002,Gradient Boosting
AWS,S3,eu-west-1,681,253.14,593.65,148.66,130.82360009740535,17.83639990259465,17.83639990259465,Gradient Boosting
Azure,Functions,westus,609,279.62,310.12,148.64,189.74726746593154,-41.10726746593156,41.10726746593156,Gradient Boosting
Azure,Functions,westeurope,523,109.68,410.91,148.49,162.3728417125867,-13.882841712586696,13.882841712586696,Gradient Boosting
GCP,Cloud SQL,europe-west1,288,191.21,224.72,148.45,147.6829996648794,0.7670003351205992,0.7670003351205992,Gradient Boosting
GCP,Cloud Functions,asia-south1,677,335.45,230.35,148.34,185.7453397319395,-37.405339731939506,37.405339731939506,Gradient Boosting
AWS,EC2,us-west-2,215,95.96,482.77,148.26,200.51002554389922,-52.25002554389923,52.25002554389923,Gradient Boosting
Azure,Virtual Machines,westeurope,135,294.7,171.1,148.13,165.02376186534616,-16.893761865346164,16.893761865346164,Gradient Boosting
GCP,Compute Engine,europe-west1,314,310.18,181.36,148.1,157.9007340961906,-9.80073409619061,9.80073409619061,Gradient Boosting
AWS,RDS,ap-south-1,256,122.41,430.5,148.08,192.01812921825166,-43.938129218251646,43.938129218251646,Gradient Boosting
GCP,Cloud Functions,europe-west1,695,304.26,1039.18,147.91,193.953367619632,-46.043367619631994,46.043367619631994,Gradient Boosting
Azure,Virtual Machines,westeurope,85,355.16,1861.21,147.73,175.8165120771736,-28.08651207717361,28.08651207717361,Gradient Boosting
Azure,Azure SQL,centralindia,173,272.38,203.43,147.69,179.5667840465554,-31.8767840465554,31.8767840465554,Gradient Boosting
GCP,Cloud Functions,europe-west1,502,272.55,2405.06,147.69,170.57222972329922,-22.88222972329922,22.88222972329922,Gradient Boosting
Azure,Azure SQL,westeurope,210,602.58,848.13,147.6,200.45633576289478,-52.85633576289479,52.85633576289479,Gradient Boosting
GCP,Cloud Functions,us-central1,616,172.21,304.66,147.59,180.8412642174572,-33.25126421745719,33.25126421745719,Gradient Boosting
AWS,EC2,eu-west-1,200,40.22,643.64,147.53,193.46825590339327,-45.93825590339327,45.93825590339327,Gradient Boosting
GCP,Cloud SQL,us-west1,239,362.96,829.66,147.5,147.69356029228797,-0.19356029228796956,0.19356029228796956,Gradient Boosting
Azure,Virtual Machines,eastus,176,190.29,1441.67,147.43,180.04461316684785,-32.614613166847846,32.614613166847846,Gradient Boosting
Azure,Azure SQL,westus,208,137.17,211.11,147.26,190.79900193058035,-43.539001930580355,43.539001930580355,Gradient Boosting
AWS,RDS,us-west-2,261,217.6,252.9,147.1,190.69865798064217,-43.59865798064217,43.59865798064217,Gradient Boosting
AWS,EC2,us-east-1,225,391.88,344.3,146.97,200.10611107090216,-53.13611107090216,53.13611107090216,Gradient Boosting
GCP,Cloud Functions,asia-south1,490,290.51,1187.93,146.73,152.3180505828273,-5.5880505828273215,5.5880505828273215,Gradient Boosting
GCP,Cloud SQL,asia-south1,270,104.26,771.2,146.64,147.69356029228797,-1.0535602922879832,1.0535602922879832,Gradient Boosting
AWS,EC2,eu-west-1,223,285.17,385.42,146.63,200.28591520693206,-53.655915206932065,53.655915206932065,Gradient Boosting
GCP,Cloud Functions,us-central1,554,153.04,321.47,146.6,168.09278066641158,-21.49278066641159,21.49278066641159,Gradient Boosting
Azure,Virtual Machines,centralindia,292,171.17,346.26,146.59,187.0991582150681,-40.509158215068084,40.509158215068084,Gradient Boosting
GCP,Cloud Functions,europe-west1,670,280.43,143.27,146.57,186.03632373037382,-39.46632373037383,39.46632373037383,Gradient Boosting
Azure,Functions,centralindia,624,1584.34,326.88,146.48,195.8878719529926,-49.40787195299262,49.40787195299262,Gradient Boosting
AWS,Lambda,us-east-1,548,418.75,652.05,146.26,185.64367025058522,-39.383670250585226,39.383670250585226,Gradient Boosting
AWS,RDS,ap-south-1,185,237.76,597.75,146.18,178.74108317335967,-32.56108317335966,32.56108317335966,Gradient Boosting
AWS,Lambda,us-west-2,532,144.13,751.11,146.04,172.5195338512328,-26.479533851232816,26.479533851232816,Gradient Boosting
GCP,Cloud SQL,us-west1,34,143.38,158.37,145.99,168.24171741175883,-22.25171741175882,22.25171741175882,Gradient Boosting
GCP,Cloud Functions,us-west1,701,130.38,274.4,145.74,188.06649719080738,-42.32649719080737,42.32649719080737,Gradient Boosting
Azure,Functions,westus,609,57.14,379.76,145.64,189.23835906835419,-43.5983590683542,43.5983590683542,Gradient Boosting
GCP,Cloud Functions,us-central1,588,84.17,552.27,145.64,170.79620587424668,-25.156205874246695,25.156205874246695,Gradient Boosting
AWS,RDS,us-west-2,174,203.34,327.03,145.49,158.27938757480948,-12.789387574809467,12.789387574809467,Gradient Boosting
AWS,Lambda,eu-west-1,27,101.91,47.58,145.43,122.7449548446581,22.68504515534191,22.68504515534191,Gradient Boosting
GCP,Cloud SQL,us-west1,294,126.35,192.36,145.2,147.6829996648794,-2.482999664879401,2.482999664879401,Gradient Boosting
AWS,Lambda,us-west-2,99,74.5,627.65,145.13,88.74421681177489,56.385783188225105,56.385783188225105,Gradient Boosting
Azure,Functions,centralindia,491,175.2,623.27,145.07,155.50331180817312,-10.43331180817313,10.43331180817313,Gradient Boosting
GCP,Compute Engine,us-central1,329,165.66,58.82,144.99,161.1772574390052,-16.18725743900518,16.18725743900518,Gradient Boosting
AWS,Lambda,eu-west-1,622,347.82,305.21,144.96,204.6248870749497,-59.66488707494969,59.66488707494969,Gradient Boosting
Azure,Functions,eastus,544,367.18,498.76,144.91,175.27286777497196,-30.36286777497196,30.36286777497196,Gradient Boosting
GCP,Cloud Functions,asia-south1,538,361.98,635.11,144.59,172.7969974595498,-28.206997459549797,28.206997459549797,Gradient Boosting
GCP,Cloud Functions,us-west1,646,105.56,383.61,144.53,182.74704072036343,-38.21704072036343,38.21704072036343,Gradient Boosting
GCP,Compute Engine,asia-south1,151,401.24,422.69,144.29,136.50552827597124,7.784471724028748,7.784471724028748,Gradient Boosting
Azure,Virtual Machines,westus,277,157.0,636.45,144.26,181.56992147354032,-37.30992147354033,37.30992147354033,Gradient Boosting
GCP,Cloud Functions,us-central1,201,294.7,1338.82,144.14,84.57089149643399,59.569108503566,59.569108503566,Gradient Boosting
Azure,Virtual Machines,westeurope,29,346.53,497.94,144.1,240.01811399505294,-95.91811399505295,95.91811399505295,Gradient Boosting
GCP,Cloud Functions,us-central1,612,404.31,361.42,144.02,181.24668460292798,-37.226684602927975,37.226684602927975,Gradient Boosting
Azure,Functions,centralindia,492,77.94,223.88,143.84,146.87921426071102,-3.03921426071102,3.03921426071102,Gradient Boosting
Azure,Azure SQL,westus,250,109.19,908.22,143.65,218.38084929281698,-74.73084929281697,74.73084929281697,Gradient Boosting
AWS,EC2,eu-west-1,292,92.17,184.08,143.52,195.19801636923683,-51.678016369236815,51.678016369236815,Gradient Boosting
GCP,Cloud Functions,asia-south1,57,95.09,398.37,143.21,63.36032529905254,79.84967470094747,79.84967470094747,Gradient Boosting
AWS,Lambda,us-west-2,449,217.14,794.94,143.01,159.91802368627347,-16.90802368627348,16.90802368627348,Gradient Boosting
GCP,Cloud Functions,us-central1,21,209.91,441.13,142.98,119.73456505367875,23.24543494632124,23.24543494632124,Gradient Boosting
GCP,Cloud Functions,asia-south1,70,364.47,477.69,142.91,63.13621496208538,79.77378503791462,79.77378503791462,Gradient Boosting
GCP,Cloud Functions,us-central1,171,530.0,251.66,142.66,69.02168154650806,73.63831845349193,73.63831845349193,Gradient Boosting
GCP,Compute Engine,us-central1,253,408.25,180.48,142.61,151.46864504127453,-8.858645041274514,8.858645041274514,Gradient Boosting
GCP,Cloud Functions,asia-south1,534,112.56,151.15,142.54,151.8396209103748,-9.299620910374813,9.299620910374813,Gradient Boosting
Azure,Functions,eastus,568,159.58,548.54,142.41,177.9091245442673,-35.49912454426732,35.49912454426732,Gradient Boosting
Azure,Azure SQL,eastus,217,111.3,79.72,142.16,208.72351546050254,-66.56351546050254,66.56351546050254,Gradient Boosting
AWS,Lambda,eu-west-1,186,44.73,500.36,142.13,95.12664784035073,47.00335215964927,47.00335215964927,Gradient Boosting
Azure,Azure SQL,westus,250,461.57,527.29,141.9,213.43227601159285,-71.53227601159284,71.53227601159284,Gradient Boosting
GCP,Cloud Functions,us-central1,486,150.75,985.21,141.76,147.07135089523806,-5.311350895238064,5.311350895238064,Gradient Boosting
AWS,Lambda,us-east-1,56,101.09,583.44,141.54,84.39583657339489,57.144163426605104,57.144163426605104,Gradient Boosting
Azure,Functions,westus,484,327.0,217.42,141.47,147.79354304375917,-6.323543043759173,6.323543043759173,Gradient Boosting
GCP,Cloud Functions,us-central1,618,502.37,523.83,141.45,182.62951255329904,-41.17951255329905,41.17951255329905,Gradient Boosting
AWS,Lambda,us-east-1,540,162.6,1306.86,141.41,190.89036993817447,-49.480369938174476,49.480369938174476,Gradient Boosting
GCP,Cloud Functions,asia-south1,171,38.19,242.44,141.29,68.4538546335948,72.83614536640519,72.83614536640519,Gradient Boosting
Azure,Azure SQL,centralindia,57,146.14,1012.92,141.2,169.91762280492725,-28.71762280492726,28.71762280492726,Gradient Boosting
GCP,Cloud Functions,asia-south1,509,107.1,512.82,141.15,141.5826796128071,-0.43267961280710665,0.43267961280710665,Gradient Boosting
GCP,Cloud SQL,europe-west1,302,68.82,156.35,140.96,149.62864633572303,-8.668646335723025,8.668646335723025,Gradient Boosting
Azure,Blob Storage,eastus,518,160.16,501.97,140.9,90.17687247402606,50.72312752597395,50.72312752597395,Gradient Boosting
GCP,Compute Engine,asia-south1,60,314.74,543.05,140.77,126.796945714866,13.973054285134012,13.973054285134012,Gradient Boosting
AWS,Lambda,us-west-2,499,160.46,583.89,140.65,159.91802368627347,-19.268023686273466,19.268023686273466,Gradient Boosting
GCP,Cloud Functions,us-central1,599,137.55,543.61,140.43,181.8375753034186,-41.40757530341858,41.40757530341858,Gradient Boosting
AWS,EC2,us-west-2,211,156.01,740.54,140.32,194.84282560341003,-54.52282560341004,54.52282560341004,Gradient Boosting
Azure,Functions,centralindia,191,108.91,240.35,140.25,80.47135481131019,59.77864518868981,59.77864518868981,Gradient Boosting
Azure,Blob Storage,westus,718,450.11,1279.67,140.03,129.47955601522978,10.550443984770226,10.550443984770226,Gradient Boosting
Azure,Functions,eastus,525,153.97,194.59,140.02,160.3950532087185,-20.375053208718498,20.375053208718498,Gradient Boosting
Azure,Functions,westeurope,511,219.9,402.88,139.79,154.50649021698254,-14.71649021698255,14.71649021698255,Gradient Boosting
GCP,Cloud Functions,asia-south1,521,220.68,215.97,139.73,151.61551057340765,-11.885510573407657,11.885510573407657,Gradient Boosting
Azure,Functions,eastus,545,207.04,317.92,139.63,174.86744738950117,-35.23744738950117,35.23744738950117,Gradient Boosting
GCP,Compute Engine,us-west1,269,99.83,766.36,139.58,155.20166954784634,-15.621669547846324,15.621669547846324,Gradient Boosting
Azure,Azure SQL,westus,60,263.77,406.76,139.54,159.5059674634025,-19.965967463402507,19.965967463402507,Gradient Boosting
Azure,Azure SQL,centralindia,110,873.16,616.3,139.44,191.6623762453443,-52.22237624534429,52.22237624534429,Gradient Boosting
Azure,Azure SQL,centralindia,256,223.07,1102.5,139.39,224.1974020285534,-84.80740202855341,84.80740202855341,Gradient Boosting
GCP,Cloud SQL,asia-south1,350,712.26,414.12,139.38,178.07126176426738,-38.69126176426738,38.69126176426738,Gradient Boosting
Azure,Functions,eastus,701,185.05,513.01,139.35,207.53102774027334,-68.18102774027335,68.18102774027335,Gradient Boosting
Azure,Functions,westeurope,626,252.03,386.43,139.25,195.065119102274,-55.815119102274,55.815119102274,Gradient Boosting
GCP,Cloud Functions,us-central1,473,107.53,619.19,139.21,147.2954612322052,-8.085461232205205,8.085461232205205,Gradient Boosting
GCP,Cloud Functions,us-west1,587,208.34,477.75,139.15,170.57209553727952,-31.422095537279517,31.422095537279517,Gradient Boosting
AWS,EC2,us-west-2,126,183.44,1015.2,139.13,188.74829155438758,-49.61829155438758,49.61829155438758,Gradient Boosting
Azure,Functions,westus,515,71.55,290.02,138.79,153.1867410484636,-14.39674104846361,14.39674104846361,Gradient Boosting
GCP,Cloud SQL,us-central1,157,242.83,703.76,138.4,143.73399709302643,-5.333997093026426,5.333997093026426,Gradient Boosting
GCP,Cloud Functions,us-west1,496,74.49,239.62,138.33,140.13769183439982,-1.8076918343998045,1.8076918343998045,Gradient Boosting
AWS,RDS,eu-west-1,198,133.63,563.42,138.31,169.8051347263481,-31.495134726348084,31.495134726348084,Gradient Boosting
AWS,RDS,ap-south-1,244,104.17,595.01,138.06,208.9906591442346,-70.9306591442346,70.9306591442346,Gradient Boosting
GCP,Cloud Functions,us-central1,516,152.99,229.36,137.95,144.2395693617522,-6.2895693617522,6.2895693617522,Gradient Boosting
GCP,Compute Engine,europe-west1,256,303.92,433.32,137.9,157.18044435604986,-19.280444356049856,19.280444356049856,Gradient Boosting
AWS,Lambda,us-west-2,490,110.66,147.54,137.88,162.4864956302198,-24.606495630219797,24.606495630219797,Gradient Boosting
AWS,S3,us-west-2,530,198.21,1079.28,137.73,110.0068163944872,27.723183605512787,27.723183605512787,Gradient Boosting
Azure,Virtual Machines,eastus,198,198.98,621.12,137.59,178.64674653687894,-41.05674653687893,41.05674653687893,Gradient Boosting
Azure,Functions,centralindia,224,89.11,844.43,137.52,92.97748629971433,44.54251370028568,44.54251370028568,Gradient Boosting
Azure,Virtual Machines,eastus,185,112.57,231.56,137.49,169.63910745025925,-32.14910745025924,32.14910745025924,Gradient Boosting
AWS,Lambda,eu-west-1,434,821.42,398.32,137.47,143.0060383266743,-5.536038326674287,5.536038326674287,Gradient Boosting
GCP,Cloud SQL,asia-south1,307,1048.88,312.32,137.38,172.9831438167549,-35.60314381675491,35.60314381675491,Gradient Boosting
AWS,EC2,us-west-2,137,145.77,2275.0,137.09,210.04437567585262,-72.95437567585262,72.95437567585262,Gradient Boosting
Azure,Functions,eastus,459,163.57,450.55,137.04,153.17231816426047,-16.132318164260482,16.132318164260482,Gradient Boosting
Azure,Azure SQL,eastus,137,113.52,795.92,136.96,192.5558039789919,-55.59580397899188,55.59580397899188,Gradient Boosting
Azure,Azure SQL,westus,221,58.33,240.4,136.89,210.0717732419328,-73.1817732419328,73.1817732419328,Gradient Boosting
Azure,Blob Storage,westus,212,243.61,383.9,136.84,49.336161058136796,87.50383894186321,87.50383894186321,Gradient Boosting
AWS,S3,us-east-1,38,409.89,1766.03,136.81,93.25940093326071,43.550599066739295,43.550599066739295,Gradient Boosting
Azure,Virtual Machines,westus,202,125.42,1330.2,136.45,182.53232964965167,-46.08232964965168,46.08232964965168,Gradient Boosting
AWS,EC2,eu-west-1,190,86.87,843.4,136.34,193.43951216304686,-57.09951216304685,57.09951216304685,Gradient Boosting
Azure,Virtual Machines,westeurope,182,91.74,202.27,136.28,169.3728075032777,-33.0928075032777,33.0928075032777,Gradient Boosting
GCP,Cloud Functions,europe-west1,444,132.03,246.26,136.2,141.1436524722616,-4.943652472261618,4.943652472261618,Gradient Boosting
GCP,Cloud Functions,europe-west1,530,137.53,260.88,136.02,153.52105230025379,-17.501052300253775,17.501052300253775,Gradient Boosting
GCP,Cloud SQL,us-central1,373,334.02,134.06,135.84,178.03643517169448,-42.196435171694475,42.196435171694475,Gradient Boosting
GCP,Cloud Functions,asia-south1,231,51.16,270.23,135.83,76.94901926880617,58.880980731193844,58.880980731193844,Gradient Boosting
Azure,Blob Storage,westus,430,84.05,1182.0,135.7,91.02661843887974,44.67338156112025,44.67338156112025,Gradient Boosting
AWS,Lambda,us-east-1,162,193.68,1289.18,135.51,92.25318119616198,43.256818803838016,43.256818803838016,Gradient Boosting
GCP,Cloud Functions,europe-west1,115,95.09,267.31,135.23,61.66110885333761,73.56889114666238,73.56889114666238,Gradient Boosting
GCP,Cloud SQL,us-central1,270,349.52,657.48,135.16,147.69356029228797,-12.533560292287973,12.533560292287973,Gradient Boosting
GCP,Compute Engine,us-west1,298,120.96,532.68,135.12,149.48888792844824,-14.368887928448231,14.368887928448231,Gradient Boosting
GCP,Cloud SQL,us-central1,271,228.26,609.3,135.02,147.69356029228797,-12.67356029228796,12.67356029228796,Gradient Boosting
GCP,Cloud Functions,us-west1,40,109.15,279.13,134.96,58.29541319587081,76.6645868041292,76.6645868041292,Gradient Boosting
AWS,Lambda,ap-south-1,464,68.77,403.28,134.85,164.24017379712083,-29.390173797120838,29.390173797120838,Gradient Boosting
AWS,EC2,us-west-2,195,447.98,410.11,134.67,187.2126539155607,-52.54265391556072,52.54265391556072,Gradient Boosting
GCP,Compute Engine,us-west1,375,232.51,448.52,134.44,182.18372618137556,-47.743726181375564,47.743726181375564,Gradient Boosting
Azure,Functions,eastus,284,185.19,302.75,134.38,86.39186497976347,47.98813502023653,47.98813502023653,Gradient Boosting
Azure,Virtual Machines,westus,232,150.27,298.4,134.36,176.64157545316124,-42.281575453161224,42.281575453161224,Gradient Boosting
AWS,Lambda,us-west-2,321,307.62,1184.91,134.36,105.9580716424419,28.40192835755812,28.40192835755812,Gradient Boosting
Azure,Functions,centralindia,429,71.85,427.28,134.35,131.15823013155884,3.191769868441156,3.191769868441156,Gradient Boosting
GCP,Cloud Functions,asia-south1,566,204.92,150.71,134.15,166.74452288498134,-32.59452288498133,32.59452288498133,Gradient Boosting
Azure,Functions,westeurope,453,200.56,180.72,134.06,151.41863999735943,-17.358639997359433,17.358639997359433,Gradient Boosting
AWS,RDS,us-west-2,266,128.54,722.85,133.9,208.9906591442346,-75.09065914423459,75.09065914423459,Gradient Boosting
GCP,Cloud SQL,us-west1,414,194.39,255.07,133.89,189.65508737924193,-55.76508737924195,55.76508737924195,Gradient Boosting
AWS,Lambda,us-east-1,492,166.01,275.33,133.69,163.61064307468288,-29.920643074682886,29.920643074682886,Gradient Boosting
AWS,Lambda,ap-south-1,151,120.81,1271.51,133.56,93.11347390163546,40.446526098364544,40.446526098364544,Gradient Boosting
GCP,Cloud SQL,us-west1,128,798.77,253.86,133.42,158.04938611181052,-24.629386111810533,24.629386111810533,Gradient Boosting
GCP,Cloud Storage,asia-south1,648,964.68,74.66,133.38,114.73254321435851,18.64745678564148,18.64745678564148,Gradient Boosting
GCP,Cloud Functions,us-central1,616,541.8,407.37,133.38,182.62951255329904,-49.24951255329904,49.24951255329904,Gradient Boosting
Azure,Functions,westeurope,35,175.02,147.5,132.99,114.49793775355441,18.4920622464456,18.4920622464456,Gradient Boosting
Azure,Virtual Machines,westeurope,181,183.7,411.84,132.75,172.4963971246403,-39.74639712464031,39.74639712464031,Gradient Boosting
GCP,Cloud Storage,us-central1,244,138.54,535.14,132.66,49.34292130071881,83.31707869928118,83.31707869928118,Gradient Boosting
Azure,Functions,centralindia,51,114.72,182.91,132.64,56.394847047186055,76.24515295281392,76.24515295281392,Gradient Boosting
Azure,Azure SQL,eastus,214,151.92,99.26,132.62,193.72217686724173,-61.102176867241724,61.102176867241724,Gradient Boosting
AWS,RDS,eu-west-1,171,128.87,794.82,132.29,176.3538121810886,-44.06381218108862,44.06381218108862,Gradient Boosting
GCP,Cloud Functions,europe-west1,476,150.96,1034.72,132.27,147.62863484065394,-15.358634840653934,15.358634840653934,Gradient Boosting
GCP,Compute Engine,asia-south1,262,416.49,99.37,132.05,151.46864504127453,-19.418645041274516,19.418645041274516,Gradient Boosting
AWS,EC2,us-east-1,184,89.49,238.43,132.04,180.56818577272594,-48.52818577272595,48.52818577272595,Gradient Boosting
GCP,Cloud SQL,europe-west1,263,263.51,586.36,131.94,147.69356029228797,-15.753560292287972,15.753560292287972,Gradient Boosting
Azure,Functions,centralindia,158,37.71,407.89,131.94,79.85941565897144,52.080584341028555,52.080584341028555,Gradient Boosting
GCP,Compute Engine,us-west1,154,202.89,484.43,131.82,133.23570265065814,-1.4157026506581474,1.4157026506581474,Gradient Boosting
Azure,Functions,eastus,422,139.76,260.51,131.6,130.5286994091209,1.0713005908791047,1.0713005908791047,Gradient Boosting
Azure,Azure SQL,eastus,221,116.62,638.22,131.59,218.38084929281698,-86.79084929281697,86.79084929281697,Gradient Boosting
GCP,Cloud Functions,us-central1,452,67.58,1532.64,131.46,153.84421356969776,-22.38421356969775,22.38421356969775,Gradient Boosting
AWS,RDS,eu-west-1,205,210.87,477.79,131.35,170.91805684079372,-39.56805684079373,39.56805684079373,Gradient Boosting
Azure,Functions,centralindia,466,110.17,964.75,131.06,159.35251909874054,-28.29251909874054,28.29251909874054,Gradient Boosting
GCP,Cloud Functions,europe-west1,242,89.3,400.78,130.84,77.94533035476756,52.89466964523244,52.89466964523244,Gradient Boosting
Azure,Blob Storage,centralindia,590,228.17,1668.18,130.8,128.73018094653432,2.069819053465693,2.069819053465693,Gradient Boosting
Azure,Virtual Machines,eastus,262,630.66,376.72,130.54,177.83893308851248,-47.298933088512484,47.298933088512484,Gradient Boosting
Azure,Functions,westeurope,356,328.93,1659.17,130.41,111.16312588495683,19.24687411504317,19.24687411504317,Gradient Boosting
Azure,Virtual Machines,westus,136,250.48,1274.63,130.35,177.43323183760964,-47.083231837609645,47.083231837609645,Gradient Boosting
Azure,Functions,westeurope,110,144.82,630.79,130.2,84.48584253652783,45.71415746347216,45.71415746347216,Gradient Boosting
Azure,Functions,eastus,257,57.88,225.27,130.11,85.26771753530036,44.84228246469965,44.84228246469965,Gradient Boosting
GCP,Cloud SQL,us-west1,266,595.39,262.04,130.08,147.82787069100553,-17.747870691005517,17.747870691005517,Gradient Boosting
Azure,Functions,centralindia,407,531.56,342.32,129.92,130.08883772597926,-0.16883772597927305,0.16883772597927305,Gradient Boosting
GCP,Compute Engine,europe-west1,177,186.25,2118.58,129.89,172.15676660573985,-42.26676660573986,42.26676660573986,Gradient Boosting
Azure,Virtual Machines,eastus,213,447.85,344.06,129.77,173.41631524852363,-43.64631524852362,43.64631524852362,Gradient Boosting
Azure,Functions,westus,492,252.71,397.31,129.74,149.5472212106602,-19.807221210660202,19.807221210660202,Gradient Boosting
AWS,Lambda,eu-west-1,414,248.92,1561.28,129.74,137.050506841773,-7.310506841772991,7.310506841772991,Gradient Boosting
Azure,Functions,eastus,506,302.16,198.35,129.68,147.79354304375917,-18.113543043759165,18.113543043759165,Gradient Boosting
Azure,Azure SQL,centralindia,24,554.24,1797.92,129.65,273.3707175074399,-143.7207175074399,143.7207175074399,Gradient Boosting
AWS,Lambda,us-west-2,462,105.49,682.98,129.65,160.14213402324063,-30.492134023240624,30.492134023240624,Gradient Boosting
GCP,Compute Engine,europe-west1,173,116.17,568.5,129.59,126.9252842274242,2.6647157725758035,2.6647157725758035,Gradient Boosting
AWS,S3,eu-west-1,688,470.01,587.07,129.44,130.29589857998823,-0.855898579988235,0.855898579988235,Gradient Boosting
AWS,RDS,us-east-1,122,212.09,263.47,129.31,137.59135097577595,-8.28135097577595,8.28135097577595,Gradient Boosting
AWS,Lambda,eu-west-1,430,119.08,761.34,128.9,137.90393565357184,-9.00393565357183,9.00393565357183,Gradient Boosting
GCP,Cloud Functions,europe-west1,542,230.19,149.36,128.89,165.29693091817595,-36.40693091817596,36.40693091817596,Gradient Boosting
Azure,Azure SQL,eastus,101,180.64,968.3,128.76,184.96779240957997,-56.20779240957998,56.20779240957998,Gradient Boosting
AWS,EC2,eu-west-1,198,608.19,98.68,128.72,183.22028350819588,-54.50028350819588,54.50028350819588,Gradient Boosting
GCP,Cloud Functions,asia-south1,573,42.03,173.5,128.68,166.9686332219485,-38.28863322194849,38.28863322194849,Gradient Boosting
AWS,EC2,us-east-1,159,248.09,307.95,128.5,178.13282523532968,-49.632825235329676,49.632825235329676,Gradient Boosting
Azure,Azure SQL,centralindia,171,451.55,268.96,128.47,180.91504182798565,-52.44504182798565,52.44504182798565,Gradient Boosting
Azure,Azure SQL,centralindia,167,214.77,735.03,128.24,192.33169364202473,-64.09169364202472,64.09169364202472,Gradient Boosting
Azure,Functions,centralindia,469,138.16,628.88,128.16,159.1284087617734,-30.96840876177339,30.96840876177339,Gradient Boosting
GCP,Cloud SQL,asia-south1,292,633.43,499.95,128.13,147.0397278843336,-18.90972788433359,18.90972788433359,Gradient Boosting
AWS,RDS,eu-west-1,256,76.18,459.4,128.12,192.01812921825166,-63.898129218251654,63.898129218251654,Gradient Boosting
Azure,Virtual Machines,centralindia,206,189.26,205.17,127.87,172.3701427350696,-44.5001427350696,44.5001427350696,Gradient Boosting
AWS,Lambda,ap-south-1,432,196.45,379.25,127.71,141.77786509048488,-14.067865090484887,14.067865090484887,Gradient Boosting
GCP,Compute Engine,europe-west1,139,140.91,688.41,127.71,144.4362657704117,-16.7262657704117,16.7262657704117,Gradient Boosting
AWS,Lambda,us-west-2,431,86.63,438.17,127.7,142.00197542745204,-14.301975427452035,14.301975427452035,Gradient Boosting
Azure,Azure SQL,westus,263,181.97,444.41,127.63,213.43227601159285,-85.80227601159285,85.80227601159285,Gradient Boosting
Azure,Virtual Machines,westeurope,209,345.56,93.94,127.53,172.3701427350696,-44.840142735069605,44.840142735069605,Gradient Boosting
Azure,Functions,westus,114,56.51,325.08,127.35,69.55367373008859,57.796326269911404,57.796326269911404,Gradient Boosting
GCP,Cloud Functions,europe-west1,510,72.91,122.39,127.35,144.7546636971537,-17.404663697153694,17.404663697153694,Gradient Boosting
GCP,Cloud Storage,us-central1,239,209.21,1005.73,127.25,60.386026655657325,66.86397334434267,66.86397334434267,Gradient Boosting
GCP,Cloud Storage,us-central1,210,101.48,814.89,127.23,60.7800060916929,66.4499939083071,66.4499939083071,Gradient Boosting
Azure,Functions,centralindia,473,105.39,240.26,127.22,152.99100811575684,-25.771008115756842,25.771008115756842,Gradient Boosting
Azure,Functions,westeurope,399,61.0,220.33,127.15,119.86238096410327,7.287619035896739,7.287619035896739,Gradient Boosting
Azure,Azure SQL,westus,184,639.48,729.55,127.1,203.40151540506196,-76.30151540506196,76.30151540506196,Gradient Boosting
GCP,Cloud Functions,europe-west1,312,217.74,535.01,126.92,79.666866688644,47.253133311355995,47.253133311355995,Gradient Boosting
GCP,Cloud Functions,us-west1,553,286.21,483.31,126.86,169.08909175237298,-42.22909175237298,42.22909175237298,Gradient Boosting
GCP,Cloud Functions,us-west1,429,459.14,545.14,126.79,118.59266938875395,8.197330611246059,8.197330611246059,Gradient Boosting
Azure,Virtual Machines,westeurope,237,227.82,737.48,126.71,181.56992147354032,-54.859921473540325,54.859921473540325,Gradient Boosting
AWS,Lambda,ap-south-1,473,192.64,188.52,126.68,162.26238529325263,-35.58238529325263,35.58238529325263,Gradient Boosting
Azure,Virtual Machines,centralindia,133,579.65,70.68,126.65,165.8156991152266,-39.1656991152266,39.1656991152266,Gradient Boosting
GCP,Cloud Storage,asia-south1,60,2000.0,866.07,126.63,55.935425312078046,70.69457468792194,70.69457468792194,Gradient Boosting
Azure,Functions,westus,400,139.76,571.69,126.28,122.43633174602728,3.843668253972723,3.843668253972723,Gradient Boosting
GCP,Cloud SQL,us-central1,21,281.43,637.08,126.14,165.88986201688022,-39.749862016880215,39.749862016880215,Gradient Boosting
AWS,Lambda,us-west-2,546,185.87,214.92,126.07,187.98803185756438,-61.91803185756439,61.91803185756439,Gradient Boosting
AWS,S3,us-west-2,290,1058.52,1244.4,126.01,68.55837764965985,57.45162235034016,57.45162235034016,Gradient Boosting
GCP,Cloud SQL,us-west1,106,74.62,318.93,125.92,123.4974115341586,2.4225884658414003,2.4225884658414003,Gradient Boosting
Azure,Functions,westus,212,89.99,1132.71,125.89,93.68219110598382,32.20780889401618,32.20780889401618,Gradient Boosting
AWS,RDS,us-east-1,265,59.76,943.14,125.81,208.9906591442346,-83.1806591442346,83.1806591442346,Gradient Boosting
Azure,Virtual Machines,westus,132,154.82,2793.97,125.78,197.4353083423124,-71.6553083423124,71.6553083423124,Gradient Boosting
AWS,RDS,ap-south-1,220,167.47,492.23,125.68,176.1156148906506,-50.435614890650584,50.435614890650584,Gradient Boosting
GCP,Compute Engine,asia-south1,312,197.58,303.05,125.6,163.07300752779585,-37.47300752779586,37.47300752779586,Gradient Boosting
GCP,Compute Engine,europe-west1,261,545.01,451.94,125.54,157.9723816059303,-32.4323816059303,32.4323816059303,Gradient Boosting
GCP,Cloud SQL,us-west1,229,862.54,656.97,125.38,165.78299132684768,-40.40299132684768,40.40299132684768,Gradient Boosting
Azure,Blob Storage,westus,542,281.65,279.8,125.37,92.76263406004684,32.60736593995317,32.60736593995317,Gradient Boosting
GCP,Cloud SQL,europe-west1,100,204.84,1043.0,125.31,136.64522063433552,-11.335220634335514,11.335220634335514,Gradient Boosting
GCP,Cloud Functions,europe-west1,274,359.29,878.18,125.25,83.43400163719852,41.81599836280148,41.81599836280148,Gradient Boosting
Azure,Functions,centralindia,382,182.74,623.27,124.98,115.08232096024835,9.897679039751651,9.897679039751651,Gradient Boosting
AWS,Lambda,ap-south-1,423,269.96,138.16,124.74,140.02418692358384,-15.284186923583846,15.284186923583846,Gradient Boosting
Azure,Functions,westeurope,397,42.48,219.83,124.72,119.86238096410327,4.857619035896732,4.857619035896732,Gradient Boosting
Azure,Azure SQL,westeurope,187,317.06,246.17,124.59,185.03997712895003,-60.449977128950025,60.449977128950025,Gradient Boosting
Azure,Virtual Machines,centralindia,209,203.66,248.06,124.53,173.71840051649986,-49.188400516499854,49.188400516499854,Gradient Boosting
GCP,Compute Engine,asia-south1,98,235.72,1660.11,124.47,150.93969987244162,-26.469699872441623,26.469699872441623,Gradient Boosting
AWS,EC2,us-east-1,265,104.53,191.8,124.44,195.19801636923683,-70.75801636923683,70.75801636923683,Gradient Boosting
GCP,Cloud Functions,us-central1,512,539.52,437.23,124.39,147.10977553204273,-22.719775532042732,22.719775532042732,Gradient Boosting
GCP,Cloud Functions,europe-west1,619,143.18,243.41,124.13,181.39854816287308,-57.26854816287309,57.26854816287309,Gradient Boosting
AWS,Lambda,us-east-1,388,283.95,492.36,124.06,119.96997565862857,4.090024341371432,4.090024341371432,Gradient Boosting
Azure,Functions,westus,469,234.53,643.55,123.98,159.1284087617734,-35.14840876177338,35.14840876177338,Gradient Boosting
Azure,Functions,westeurope,124,109.32,171.66,123.81,69.31096933164771,54.49903066835229,54.49903066835229,Gradient Boosting
AWS,EC2,us-west-2,217,66.31,162.87,123.73,195.19801636923683,-71.46801636923682,71.46801636923682,Gradient Boosting
AWS,Lambda,us-west-2,387,158.35,254.99,123.7,119.5645552731578,4.135444726842209,4.135444726842209,Gradient Boosting
Azure,Functions,westus,35,285.77,261.98,123.68,117.67746139792054,6.002538602079468,6.002538602079468,Gradient Boosting
AWS,Lambda,eu-west-1,467,268.84,137.83,123.64,162.26238529325263,-38.622385293252634,38.622385293252634,Gradient Boosting
AWS,RDS,ap-south-1,210,85.17,375.31,123.38,171.14216717776088,-47.76216717776089,47.76216717776089,Gradient Boosting
GCP,Cloud Functions,europe-west1,535,132.75,287.78,123.35,162.61669320661576,-39.26669320661577,39.26669320661577,Gradient Boosting
GCP,Cloud Storage,us-west1,687,493.08,1560.91,123.16,145.0271082940566,-21.867108294056607,21.867108294056607,Gradient Boosting
GCP,Cloud SQL,us-west1,357,138.37,148.08,122.83,161.41703976013392,-38.58703976013392,38.58703976013392,Gradient Boosting
GCP,Cloud Functions,us-west1,661,148.37,446.37,122.72,187.37493195990368,-64.65493195990368,64.65493195990368,Gradient Boosting
AWS,RDS,us-west-2,101,285.57,725.46,122.7,162.56140109988772,-39.861401099887715,39.861401099887715,Gradient Boosting
Azure,Functions,westeurope,470,134.98,1472.43,122.53,162.62819540098698,-40.09819540098698,40.09819540098698,Gradient Boosting
Azure,Azure SQL,westus,191,628.0,249.42,122.41,185.03997712895003,-62.62997712895003,62.62997712895003,Gradient Boosting
Azure,Virtual Machines,centralindia,84,346.57,939.65,122.38,172.19448551345707,-49.81448551345707,49.81448551345707,Gradient Boosting
Azure,Functions,eastus,417,431.91,309.94,122.26,120.45882689114926,1.8011731088507474,1.8011731088507474,Gradient Boosting
AWS,RDS,eu-west-1,226,198.12,71.65,122.23,182.7418181376246,-60.51181813762459,60.51181813762459,Gradient Boosting
AWS,EC2,ap-south-1,109,141.67,329.37,122.16,163.58399930468013,-41.42399930468014,41.42399930468014,Gradient Boosting
GCP,Cloud Functions,europe-west1,559,307.8,96.84,122.08,167.30180683039723,-45.22180683039723,45.22180683039723,Gradient Boosting
GCP,Compute Engine,us-central1,200,90.31,348.92,121.98,137.61989560416745,-15.63989560416745,15.63989560416745,Gradient Boosting
GCP,Cloud Functions,us-central1,380,268.27,213.17,121.92,95.89349059166199,26.026509408338015,26.026509408338015,Gradient Boosting
AWS,RDS,eu-west-1,247,438.55,713.64,121.89,208.23884728985033,-86.34884728985033,86.34884728985033,Gradient Boosting
Azure,Functions,westus,552,301.61,176.75,121.86,175.5240655202922,-53.6640655202922,53.6640655202922,Gradient Boosting
Azure,Functions,westeurope,468,103.03,112.73,121.78,151.6427503343266,-29.86275033432659,29.86275033432659,Gradient Boosting
AWS,Lambda,ap-south-1,386,148.71,619.63,121.77,115.87193588474841,5.898064115251586,5.898064115251586,Gradient Boosting
Azure,Functions,westeurope,142,740.45,248.98,121.73,87.28206277113891,34.44793722886109,34.44793722886109,Gradient Boosting
GCP,Cloud SQL,europe-west1,227,232.58,191.84,121.64,147.6829996648794,-26.04299966487939,26.04299966487939,Gradient Boosting
GCP,Cloud Functions,europe-west1,127,133.55,1067.96,121.46,86.08477857149856,35.37522142850143,35.37522142850143,Gradient Boosting
Azure,Functions,westeurope,401,128.25,339.69,121.33,121.4362549949744,-0.10625499497440671,0.10625499497440671,Gradient Boosting
AWS,Lambda,us-west-2,509,510.43,114.23,121.27,163.05432254313308,-41.78432254313309,41.78432254313309,Gradient Boosting
AWS,Lambda,us-east-1,58,138.39,378.78,121.24,82.58257361304014,38.657426386959855,38.657426386959855,Gradient Boosting
GCP,Cloud Functions,asia-south1,553,412.19,342.2,120.81,168.31839691585247,-47.50839691585247,47.50839691585247,Gradient Boosting
GCP,Cloud SQL,europe-west1,268,77.55,270.09,120.79,147.03593344112508,-26.245933441125075,26.245933441125075,Gradient Boosting
GCP,Cloud SQL,asia-south1,133,264.35,417.51,120.71,142.2882274351916,-21.578227435191607,21.578227435191607,Gradient Boosting
AWS,Lambda,us-east-1,426,113.82,430.0,120.58,142.00197542745204,-21.42197542745204,21.42197542745204,Gradient Boosting
AWS,RDS,ap-south-1,175,303.13,203.97,120.46,152.33199917410857,-31.87199917410858,31.87199917410858,Gradient Boosting
AWS,EC2,eu-west-1,198,577.73,264.51,120.39,188.12687229738748,-67.73687229738748,67.73687229738748,Gradient Boosting
GCP,Cloud Storage,us-central1,638,76.33,78.77,120.06,113.7284803151363,6.331519684863707,6.331519684863707,Gradient Boosting
GCP,Cloud SQL,europe-west1,259,158.17,364.31,119.85,146.24779063445314,-26.397790634453145,26.397790634453145,Gradient Boosting
AWS,EC2,eu-west-1,213,240.04,317.74,119.74,187.33493504750703,-67.59493504750704,67.59493504750704,Gradient Boosting
Azure,Functions,westus,393,112.67,1665.42,119.71,131.07193636773084,-11.361936367730848,11.361936367730848,Gradient Boosting
Azure,Blob Storage,eastus,450,311.7,569.29,119.67,86.52436192778256,33.14563807221744,33.14563807221744,Gradient Boosting
GCP,Cloud Functions,us-central1,424,187.98,319.82,119.5,118.1240598202097,1.3759401797903053,1.3759401797903053,Gradient Boosting
Azure,Virtual Machines,eastus,209,462.23,525.48,119.49,173.59611938455353,-54.10611938455354,54.10611938455354,Gradient Boosting
GCP,Cloud Functions,asia-south1,432,113.68,732.82,119.41,125.0572628625364,-5.647262862536408,5.647262862536408,Gradient Boosting
GCP,Compute Engine,europe-west1,235,398.89,1055.78,119.26,169.96556274325323,-50.705562743253225,50.705562743253225,Gradient Boosting
AWS,RDS,us-west-2,117,279.86,1895.29,119.2,166.64236067679965,-47.44236067679965,47.44236067679965,Gradient Boosting
GCP,Cloud Storage,europe-west1,385,90.71,1036.53,119.17,72.00592901743926,47.164070982560744,47.164070982560744,Gradient Boosting
AWS,Lambda,us-west-2,91,125.22,221.89,119.07,79.75336426693548,39.316635733064516,39.316635733064516,Gradient Boosting
GCP,Compute Engine,europe-west1,186,80.48,840.16,119.04,147.37283908262054,-28.332839082620538,28.332839082620538,Gradient Boosting
Azure,Functions,westus,445,115.87,313.36,118.89,152.99100811575684,-34.10100811575684,34.10100811575684,Gradient Boosting
Azure,Virtual Machines,centralindia,226,239.93,192.45,118.75,175.293317671731,-56.54331767173099,56.54331767173099,Gradient Boosting
GCP,Cloud SQL,us-central1,247,89.21,377.69,118.75,146.24779063445314,-27.49779063445314,27.49779063445314,Gradient Boosting
AWS,Lambda,us-east-1,153,250.74,113.39,118.63,87.42990224408942,31.200097755910576,31.200097755910576,Gradient Boosting
Azure,Blob Storage,westus,452,237.81,437.28,118.62,80.81760208339801,37.80239791660199,37.80239791660199,Gradient Boosting
Azure,Functions,centralindia,153,168.81,377.56,118.44,79.63530532200429,38.80469467799571,38.80469467799571,Gradient Boosting
AWS,RDS,eu-west-1,165,131.18,224.42,118.41,152.55610951107573,-34.146109511075736,34.146109511075736,Gradient Boosting
AWS,RDS,ap-south-1,249,211.42,671.1,118.24,208.76654880726744,-90.52654880726745,90.52654880726745,Gradient Boosting
GCP,Cloud SQL,europe-west1,284,159.5,155.94,118.18,147.6829996648794,-29.502999664879383,29.502999664879383,Gradient Boosting
GCP,Cloud SQL,us-west1,118,279.99,667.78,117.96,135.2126771768035,-17.252677176803516,17.252677176803516,Gradient Boosting
AWS,RDS,us-east-1,178,77.42,408.26,117.74,165.31781590481208,-47.577815904812084,47.577815904812084,Gradient Boosting
AWS,Lambda,ap-south-1,206,107.04,767.19,117.68,92.65603184380086,25.023968156199146,25.023968156199146,Gradient Boosting
Azure,Blob Storage,westus,677,97.55,245.2,117.67,106.74336454598256,10.926635454017443,10.926635454017443,Gradient Boosting
GCP,Cloud SQL,us-west1,223,80.77,650.48,117.3,147.69356029228797,-30.393560292287972,30.393560292287972,Gradient Boosting
AWS,EC2,us-east-1,177,307.84,320.79,117.09,184.11348947874797,-67.02348947874796,67.02348947874796,Gradient Boosting
Azure,Virtual Machines,westeurope,204,109.92,968.12,116.89,178.8708568738461,-61.98085687384609,61.98085687384609,Gradient Boosting
AWS,S3,ap-south-1,505,67.68,1287.72,116.8,112.13234173889113,4.667658261108869,4.667658261108869,Gradient Boosting
Azure,Functions,eastus,433,141.26,69.11,116.79,129.18044162769064,-12.390441627690635,12.390441627690635,Gradient Boosting
GCP,Cloud Functions,asia-south1,412,163.13,1590.31,116.78,118.8341770997187,-2.0541770997187,2.0541770997187,Gradient Boosting
GCP,Cloud Functions,europe-west1,511,115.91,320.67,116.67,146.10292147858394,-29.432921478583935,29.432921478583935,Gradient Boosting
GCP,Cloud Storage,us-west1,517,113.87,468.17,116.66,87.95007844060089,28.709921559399106,28.709921559399106,Gradient Boosting
GCP,Cloud Storage,us-central1,700,248.1,257.16,116.61,121.8478701582224,-5.237870158222407,5.237870158222407,Gradient Boosting
AWS,RDS,ap-south-1,224,58.17,1073.04,116.53,211.93979333791978,-95.40979333791978,95.40979333791978,Gradient Boosting
AWS,EC2,ap-south-1,165,100.49,261.76,116.51,178.35693557229683,-61.84693557229683,61.84693557229683,Gradient Boosting
Azure,Blob Storage,westeurope,522,102.9,1537.78,116.37,113.80363374340217,2.5663662565978314,2.5663662565978314,Gradient Boosting
AWS,S3,eu-west-1,700,575.79,423.09,116.37,121.46586842301568,-5.095868423015673,5.095868423015673,Gradient Boosting
GCP,Compute Engine,asia-south1,174,91.04,316.05,116.36,122.99928598388252,-6.639285983882516,6.639285983882516,Gradient Boosting
GCP,Cloud Storage,us-west1,610,1134.9,905.95,116.33,118.97741156045309,-2.6474115604530937,2.6474115604530937,Gradient Boosting
Azure,Virtual Machines,westus,185,371.49,576.15,116.29,176.26670768255525,-59.976707682555244,59.976707682555244,Gradient Boosting
Azure,Virtual Machines,westus,172,370.97,583.47,116.07,174.4079414303104,-58.337941430310394,58.337941430310394,Gradient Boosting
GCP,Cloud Functions,europe-west1,411,73.81,364.63,116.03,107.39932909322683,8.630670906773176,8.630670906773176,Gradient Boosting
Azure,Virtual Machines,westeurope,241,144.51,598.98,115.9,181.56992147354032,-65.66992147354031,65.66992147354031,Gradient Boosting
Azure,Virtual Machines,centralindia,176,67.03,1369.54,115.84,180.90490587232134,-65.06490587232133,65.06490587232133,Gradient Boosting
Azure,Functions,westus,433,157.95,236.9,115.82,129.4467415746722,-13.626741574672195,13.626741574672195,Gradient Boosting
GCP,Cloud Functions,us-west1,435,109.61,242.98,115.62,118.34817015717685,-2.728170157176848,2.728170157176848,Gradient Boosting
AWS,RDS,us-west-2,171,1356.66,412.17,115.42,169.62601714969963,-54.20601714969963,54.20601714969963,Gradient Boosting
AWS,S3,ap-south-1,637,135.68,1882.52,115.4,173.4047573093031,-58.0047573093031,58.0047573093031,Gradient Boosting
GCP,Cloud Storage,us-west1,292,109.29,906.38,115.29,60.61013699262448,54.67986300737552,54.67986300737552,Gradient Boosting
Azure,Azure SQL,westus,161,340.89,322.58,115.27,180.91504182798565,-65.64504182798565,65.64504182798565,Gradient Boosting
GCP,Compute Engine,us-central1,240,104.99,231.99,115.27,144.86578958091496,-29.595789580914968,29.595789580914968,Gradient Boosting
AWS,Lambda,eu-west-1,398,238.8,282.77,115.26,131.8302737044596,-16.57027370445958,16.57027370445958,Gradient Boosting
GCP,Compute Engine,europe-west1,220,175.93,638.08,114.97,159.62340035013486,-44.65340035013486,44.65340035013486,Gradient Boosting
AWS,Lambda,ap-south-1,468,146.87,551.81,114.87,164.01606346015367,-49.14606346015367,49.14606346015367,Gradient Boosting
Azure,Blob Storage,westeurope,402,144.66,468.86,114.78,68.87498610063454,45.90501389936546,45.90501389936546,Gradient Boosting
AWS,RDS,ap-south-1,184,891.4,188.4,114.77,157.32728684470615,-42.557286844706155,42.557286844706155,Gradient Boosting
Azure,Virtual Machines,eastus,176,174.01,517.04,114.72,172.4963971246403,-57.77639712464031,57.77639712464031,Gradient Boosting
AWS,Lambda,eu-west-1,319,189.07,716.28,114.7,97.30074311433869,17.399256885661316,17.399256885661316,Gradient Boosting
AWS,EC2,us-east-1,77,337.06,381.22,114.52,165.36293530190324,-50.84293530190324,50.84293530190324,Gradient Boosting
Azure,Blob Storage,centralindia,243,173.64,1510.25,114.46,69.43180890242768,45.02819109757232,45.02819109757232,Gradient Boosting
Azure,Azure SQL,eastus,123,156.28,861.32,114.44,191.22614025903533,-76.78614025903534,76.78614025903534,Gradient Boosting
GCP,Cloud SQL,europe-west1,245,117.16,178.52,114.43,147.6829996648794,-33.25299966487938,33.25299966487938,Gradient Boosting
Azure,Blob Storage,eastus,238,196.16,277.39,114.4,48.78992216708156,65.61007783291845,65.61007783291845,Gradient Boosting
AWS,Lambda,us-west-2,342,164.7,208.61,114.35,111.43349814572882,2.916501854271175,2.916501854271175,Gradient Boosting
Azure,Azure SQL,westeurope,222,209.77,854.11,114.12,218.15673895584982,-104.03673895584981,104.03673895584981,Gradient Boosting
GCP,Compute Engine,europe-west1,185,156.33,1316.6,114.05,157.67473276967033,-43.62473276967033,43.62473276967033,Gradient Boosting
GCP,Cloud Functions,us-west1,95,138.31,126.91,114.0,59.49200457852294,54.50799542147706,54.50799542147706,Gradient Boosting
GCP,Cloud SQL,europe-west1,86,295.68,263.74,113.99,120.46053680352742,-6.470536803527423,6.470536803527423,Gradient Boosting
Azure,Azure SQL,eastus,155,82.0,292.52,113.93,181.1391521649528,-67.2091521649528,67.2091521649528,Gradient Boosting
GCP,Compute Engine,us-west1,261,743.43,1191.84,113.82,168.0524768604772,-54.23247686047722,54.23247686047722,Gradient Boosting
AWS,Lambda,us-east-1,73,203.03,244.25,113.69,78.79547917312333,34.89452082687667,34.89452082687667,Gradient Boosting
GCP,Cloud Functions,us-central1,453,134.31,74.47,113.63,139.0140004084483,-25.384000408448316,25.384000408448316,Gradient Boosting
AWS,EC2,us-west-2,171,348.23,200.4,113.49,173.22623644613807,-59.73623644613808,59.73623644613808,Gradient Boosting
Azure,Functions,westeurope,482,139.56,42.72,113.4,146.75000486349208,-33.350004863492074,33.350004863492074,Gradient Boosting
GCP,Cloud SQL,us-west1,98,141.84,397.16,113.38,127.24938794817363,-13.869387948173639,13.869387948173639,Gradient Boosting
Azure,Functions,eastus,381,48.81,449.8,113.26,109.3503406997026,3.909659300297406,3.909659300297406,Gradient Boosting
AWS,S3,us-east-1,672,65.24,434.49,113.18,119.43427553020447,-6.254275530204467,6.254275530204467,Gradient Boosting
GCP,Cloud SQL,asia-south1,294,174.7,114.48,113.0,147.6829996648794,-34.68299966487939,34.68299966487939,Gradient Boosting
Azure,Blob Storage,centralindia,233,144.14,682.48,112.89,57.862625291296055,55.027374708703945,55.027374708703945,Gradient Boosting
GCP,Cloud Functions,us-west1,444,144.2,191.11,112.85,139.0140004084483,-26.164000408448317,26.164000408448317,Gradient Boosting
AWS,RDS,us-west-2,241,175.81,462.86,112.82,191.7940188812845,-78.97401888128451,78.97401888128451,Gradient Boosting
Azure,Virtual Machines,westeurope,217,247.2,680.26,112.8,181.56992147354032,-68.76992147354032,68.76992147354032,Gradient Boosting
GCP,Cloud SQL,europe-west1,190,287.76,433.03,112.72,144.89960876442981,-32.179608764429815,32.179608764429815,Gradient Boosting
AWS,RDS,eu-west-1,192,95.86,581.11,112.69,184.78954478327563,-72.09954478327563,72.09954478327563,Gradient Boosting
AWS,S3,ap-south-1,586,566.09,822.82,112.3,118.13419782810854,-5.834197828108543,5.834197828108543,Gradient Boosting
AWS,Lambda,us-west-2,392,135.77,502.1,112.24,132.23569408993038,-19.99569408993038,19.99569408993038,Gradient Boosting
AWS,RDS,us-west-2,165,195.02,334.14,111.81,158.27938757480948,-46.469387574809474,46.469387574809474,Gradient Boosting
AWS,RDS,ap-south-1,64,406.57,118.46,111.78,118.2226802506185,-6.442680250618494,6.442680250618494,Gradient Boosting
Azure,Azure SQL,westus,179,115.58,140.51,111.71,183.91582968448694,-72.20582968448694,72.20582968448694,Gradient Boosting
AWS,Lambda,eu-west-1,116,405.78,399.41,111.65,85.49841039388815,26.151589606111855,26.151589606111855,Gradient Boosting
AWS,Lambda,ap-south-1,432,246.04,435.95,111.57,141.77786509048488,-30.207865090484887,30.207865090484887,Gradient Boosting
AWS,Lambda,ap-south-1,424,114.44,269.32,111.44,141.59655504198125,-30.15655504198125,30.15655504198125,Gradient Boosting
GCP,Cloud Functions,europe-west1,114,49.37,341.12,111.36,63.48074689420721,47.87925310579279,47.87925310579279,Gradient Boosting
GCP,Cloud Functions,us-central1,145,214.84,905.43,111.33,78.04641276514204,33.28358723485796,33.28358723485796,Gradient Boosting
Azure,Azure SQL,westeurope,46,147.12,462.07,111.22,159.5059674634025,-48.2859674634025,48.2859674634025,Gradient Boosting
Azure,Azure SQL,westus,163,479.03,150.7,111.22,179.5667840465554,-68.3467840465554,68.3467840465554,Gradient Boosting
Azure,Azure SQL,westeurope,141,242.05,392.02,111.18,187.60723069776776,-76.42723069776775,76.42723069776775,Gradient Boosting
GCP,Cloud SQL,us-west1,285,170.65,155.45,111.17,147.6829996648794,-36.51299966487939,36.51299966487939,Gradient Boosting
Azure,Virtual Machines,westeurope,179,507.46,516.24,111.16,173.28833437452076,-62.12833437452076,62.12833437452076,Gradient Boosting
Azure,Blob Storage,westus,572,74.32,1348.28,110.96,120.78620673543666,-9.82620673543667,9.82620673543667,Gradient Boosting
Azure,Azure SQL,westus,154,133.71,807.71,110.92,192.5558039789919,-81.63580397899189,81.63580397899189,Gradient Boosting
GCP,Cloud Functions,us-central1,497,301.78,412.26,110.83,141.35856927583995,-30.528569275839956,30.528569275839956,Gradient Boosting
AWS,S3,ap-south-1,602,56.28,749.9,110.47,126.91481120466142,-16.44481120466142,16.44481120466142,Gradient Boosting
AWS,S3,ap-south-1,597,209.77,1138.62,110.46,134.10203165970887,-23.642031659708877,23.642031659708877,Gradient Boosting
Azure,Functions,centralindia,401,149.29,246.93,110.46,120.98652840856637,-10.526528408566378,10.526528408566378,Gradient Boosting
GCP,Cloud Storage,asia-south1,507,345.98,1007.69,110.43,97.59048429032238,12.839515709677627,12.839515709677627,Gradient Boosting
GCP,Compute Engine,europe-west1,178,202.59,271.71,110.39,141.7302847158698,-31.3402847158698,31.3402847158698,Gradient Boosting
GCP,Compute Engine,us-central1,249,152.07,1352.42,110.18,166.85237377161522,-56.67237377161521,56.67237377161521,Gradient Boosting
Azure,Virtual Machines,eastus,230,775.26,180.75,110.1,176.5214909079204,-66.4214909079204,66.4214909079204,Gradient Boosting
Azure,Functions,centralindia,242,278.02,698.4,109.93,92.75337596274717,17.176624037252836,17.176624037252836,Gradient Boosting
GCP,Compute Engine,us-central1,214,84.76,234.93,109.66,142.31824600973505,-32.65824600973505,32.65824600973505,Gradient Boosting
Azure,Functions,westeurope,470,275.49,104.74,109.57,151.41863999735943,-41.84863999735944,41.84863999735944,Gradient Boosting
GCP,Cloud SQL,us-west1,107,392.88,1330.73,109.53,139.2727419727004,-29.7427419727004,29.7427419727004,Gradient Boosting
GCP,Cloud Functions,us-west1,473,100.68,824.44,109.46,147.2954612322052,-37.83546123220522,37.83546123220522,Gradient Boosting
GCP,Cloud SQL,us-central1,237,29.61,347.48,109.43,147.03593344112508,-37.605933441125075,37.605933441125075,Gradient Boosting
Azure,Virtual Machines,centralindia,198,106.57,1134.27,109.37,193.71277869055695,-84.34277869055694,84.34277869055694,Gradient Boosting
GCP,Cloud Functions,us-west1,454,45.81,465.96,109.35,141.5826796128071,-32.23267961280712,32.23267961280712,Gradient Boosting
GCP,Cloud Storage,asia-south1,704,215.01,466.47,109.23,122.25329054369318,-13.023290543693179,13.023290543693179,Gradient Boosting
GCP,Compute Engine,us-central1,81,1136.18,298.18,109.09,125.35903179534837,-16.26903179534837,16.26903179534837,Gradient Boosting
Azure,Azure SQL,centralindia,240,203.43,1709.12,109.08,224.06930892483604,-114.98930892483604,114.98930892483604,Gradient Boosting
Azure,Functions,westus,482,471.18,382.06,109.04,150.2287288176585,-41.188728817658486,41.188728817658486,Gradient Boosting
AWS,EC2,ap-south-1,135,133.16,294.46,108.79,178.35693557229683,-69.56693557229683,69.56693557229683,Gradient Boosting
Azure,Virtual Machines,centralindia,189,151.83,53.37,108.73,169.14869716631054,-60.41869716631054,60.41869716631054,Gradient Boosting
Azure,Azure SQL,westus,197,354.48,591.71,108.72,200.45633576289478,-91.73633576289478,91.73633576289478,Gradient Boosting
Azure,Azure SQL,westus,28,83.85,66.81,108.66,262.61942565308965,-153.95942565308965,153.95942565308965,Gradient Boosting
AWS,S3,us-east-1,534,77.66,939.01,108.58,105.07575058743024,3.504249412569763,3.504249412569763,Gradient Boosting
AWS,S3,us-east-1,105,38.24,1574.93,108.48,65.68028555305509,42.79971444694492,42.79971444694492,Gradient Boosting
GCP,Cloud SQL,europe-west1,247,555.24,226.94,108.45,148.47493691475984,-40.024936914759834,40.024936914759834,Gradient Boosting
Azure,Functions,eastus,401,170.23,1352.33,108.31,130.21164366225736,-21.901643662257356,21.901643662257356,Gradient Boosting
AWS,S3,ap-south-1,209,337.43,1733.14,108.27,67.1431000920635,41.12689990793649,41.12689990793649,Gradient Boosting
GCP,Compute Engine,us-west1,228,106.11,985.67,108.24,152.06594942023256,-43.82594942023256,43.82594942023256,Gradient Boosting
Azure,Blob Storage,eastus,144,91.32,2304.91,108.16,81.81824896077207,26.34175103922793,26.34175103922793,Gradient Boosting
AWS,RDS,us-east-1,139,150.72,493.35,108.07,162.4823242386067,-54.412324238606715,54.412324238606715,Gradient Boosting
AWS,EC2,us-west-2,146,135.54,1054.44,108.02,188.74829155438758,-80.72829155438758,80.72829155438758,Gradient Boosting
AWS,Lambda,ap-south-1,392,180.88,355.09,108.0,132.23569408993038,-24.235694089930377,24.235694089930377,Gradient Boosting
Azure,Azure SQL,centralindia,116,218.96,907.95,107.9,191.22614025903533,-83.32614025903533,83.32614025903533,Gradient Boosting
GCP,Compute Engine,us-west1,114,249.03,461.0,107.84,129.71278249571404,-21.872782495714034,21.872782495714034,Gradient Boosting
GCP,Cloud SQL,europe-west1,127,146.41,371.95,107.68,129.0231574611235,-21.343157461123496,21.343157461123496,Gradient Boosting
Azure,Virtual Machines,eastus,169,85.18,244.45,107.55,166.59612998374357,-59.04612998374357,59.04612998374357,Gradient Boosting
Azure,Functions,westeurope,361,225.57,107.64,107.46,100.58975284983565,6.870247150164346,6.870247150164346,Gradient Boosting
GCP,Cloud Functions,us-west1,138,68.94,172.32,107.34,67.10559685216454,40.234403147835465,40.234403147835465,Gradient Boosting
GCP,Cloud SQL,us-central1,224,200.05,561.54,107.33,144.91075818304034,-37.580758183040345,37.580758183040345,Gradient Boosting
Azure,Virtual Machines,westeurope,68,57.77,552.53,107.28,160.40054357126405,-53.12054357126405,53.12054357126405,Gradient Boosting
Azure,Azure SQL,centralindia,184,421.96,236.15,107.25,183.95801929450133,-76.70801929450133,76.70801929450133,Gradient Boosting
AWS,S3,ap-south-1,692,423.59,859.84,107.19,130.29589857998823,-23.105898579988235,23.105898579988235,Gradient Boosting
AWS,S3,ap-south-1,699,129.13,200.15,107.03,120.66112503368403,-13.631125033684029,13.631125033684029,Gradient Boosting
GCP,Cloud Functions,europe-west1,344,198.57,388.04,106.96,91.45526011305489,15.504739886945103,15.504739886945103,Gradient Boosting
Azure,Virtual Machines,westus,211,277.47,563.76,106.81,172.78678845055785,-65.97678845055785,65.97678845055785,Gradient Boosting
AWS,Lambda,ap-south-1,403,417.65,751.32,106.77,128.13765431605017,-21.367654316050178,21.367654316050178,Gradient Boosting
Azure,Functions,westeurope,388,245.72,234.9,106.67,107.63885214281594,-0.9688521428159333,0.9688521428159333,Gradient Boosting
AWS,Lambda,ap-south-1,107,318.14,259.82,106.56,81.98541424526249,24.574585754737512,24.574585754737512,Gradient Boosting
GCP,Compute Engine,us-west1,41,177.6,505.33,106.56,123.5271200895529,-16.967120089552893,16.967120089552893,Gradient Boosting
Azure,Functions,westeurope,581,241.82,1468.46,106.27,186.79610898577837,-80.52610898577838,80.52610898577838,Gradient Boosting
GCP,Cloud Functions,us-west1,326,58.89,1680.18,106.17,95.56313982301573,10.60686017698427,10.60686017698427,Gradient Boosting
Azure,Functions,westeurope,404,268.35,322.09,106.14,120.98652840856637,-14.846528408566371,14.846528408566371,Gradient Boosting
GCP,Cloud Functions,us-west1,435,91.74,675.82,106.13,125.0572628625364,-18.92726286253641,18.92726286253641,Gradient Boosting
GCP,Cloud Functions,us-central1,371,598.0,447.28,106.12,92.24719736293531,13.872802637064694,13.872802637064694,Gradient Boosting
GCP,Compute Engine,asia-south1,217,364.04,487.72,106.1,154.63290078486995,-48.53290078486995,48.53290078486995,Gradient Boosting
Azure,Virtual Machines,eastus,199,99.33,108.14,106.0,172.59425307203676,-66.59425307203676,66.59425307203676,Gradient Boosting
Azure,Functions,westeurope,346,292.36,220.0,105.95,100.58975284983565,5.360247150164355,5.360247150164355,Gradient Boosting
Azure,Blob Storage,centralindia,653,680.34,747.08,105.81,120.16862556698706,-14.358625566987058,14.358625566987058,Gradient Boosting
GCP,Cloud Storage,us-west1,73,267.76,1570.37,105.73,67.41634798271488,38.31365201728512,38.31365201728512,Gradient Boosting
Azure,Azure SQL,centralindia,103,158.21,902.11,105.37,183.53524895204797,-78.16524895204796,78.16524895204796,Gradient Boosting
AWS,S3,us-east-1,551,132.18,1136.58,105.36,124.13088029080966,-18.770880290809657,18.770880290809657,Gradient Boosting
GCP,Compute Engine,europe-west1,217,225.49,298.8,105.1,154.22748039939916,-49.12748039939916,49.12748039939916,Gradient Boosting
GCP,Cloud Functions,europe-west1,431,184.54,507.71,105.09,119.67765485158695,-14.587654851586947,14.587654851586947,Gradient Boosting
GCP,Cloud Functions,asia-south1,350,109.26,1111.32,105.06,104.06899751063003,0.9910024893699756,0.9910024893699756,Gradient Boosting
Azure,Blob Storage,centralindia,513,82.11,528.23,104.99,90.40098281099321,14.589017189006782,14.589017189006782,Gradient Boosting
AWS,EC2,ap-south-1,168,393.18,268.78,104.91,178.13282523532968,-73.22282523532968,73.22282523532968,Gradient Boosting
AWS,S3,eu-west-1,659,243.93,618.52,104.82,129.81309961220254,-24.993099612202542,24.993099612202542,Gradient Boosting
GCP,Compute Engine,us-central1,23,95.19,454.0,104.82,196.08989293064104,-91.26989293064105,91.26989293064105,Gradient Boosting
Azure,Virtual Machines,westeurope,187,378.5,397.64,104.78,172.4963971246403,-67.71639712464031,67.71639712464031,Gradient Boosting
GCP,Cloud Storage,us-central1,217,134.72,425.83,104.59,49.34292130071881,55.2470786992812,55.2470786992812,Gradient Boosting
Azure,Virtual Machines,westus,161,415.92,258.87,104.59,166.3720196467764,-61.782019646776405,61.782019646776405,Gradient Boosting
Azure,Blob Storage,westus,202,175.12,960.07,104.57,58.003443796880504,46.56655620311949,46.56655620311949,Gradient Boosting
AWS,RDS,ap-south-1,152,311.52,482.99,104.51,162.4823242386067,-57.9723242386067,57.9723242386067,Gradient Boosting
AWS,Lambda,us-west-2,313,139.19,634.85,104.44,97.30074311433869,7.139256885661311,7.139256885661311,Gradient Boosting
GCP,Cloud Functions,europe-west1,462,112.7,670.42,104.39,147.8527451776211,-43.4627451776211,43.4627451776211,Gradient Boosting
GCP,Cloud Functions,us-west1,56,74.38,694.58,104.31,74.76029931571844,29.54970068428156,29.54970068428156,Gradient Boosting
AWS,S3,us-west-2,562,97.01,1014.46,104.22,117.4540348495998,-13.234034849599794,13.234034849599794,Gradient Boosting
GCP,Cloud SQL,us-central1,204,53.8,381.7,104.06,146.52703254176015,-42.46703254176015,42.46703254176015,Gradient Boosting
AWS,Lambda,us-east-1,161,103.46,443.12,103.99,92.5152665111125,11.474733488887495,11.474733488887495,Gradient Boosting
AWS,EC2,us-east-1,98,534.31,604.74,103.96,183.46078491675027,-79.50078491675028,79.50078491675028,Gradient Boosting
Azure,Blob Storage,eastus,113,165.67,970.34,103.83,54.28677159050102,49.54322840949898,49.54322840949898,Gradient Boosting
GCP,Cloud SQL,us-west1,243,370.48,502.06,103.81,146.24779063445314,-42.43779063445314,42.43779063445314,Gradient Boosting
GCP,Cloud Storage,us-west1,687,398.95,481.58,103.77,122.25329054369318,-18.483290543693187,18.483290543693187,Gradient Boosting
Azure,Blob Storage,centralindia,240,92.8,2525.84,103.71,92.7854651524823,10.924534847517691,10.924534847517691,Gradient Boosting
GCP,Cloud Functions,us-central1,375,270.13,314.46,103.5,97.24174837309225,6.25825162690775,6.25825162690775,Gradient Boosting
Azure,Virtual Machines,westeurope,140,118.02,397.19,103.48,170.10912613236925,-66.62912613236925,66.62912613236925,Gradient Boosting
Azure,Blob Storage,eastus,229,375.62,991.46,103.43,57.862625291296055,45.56737470870395,45.56737470870395,Gradient Boosting
GCP,Cloud Storage,europe-west1,601,537.93,561.89,103.39,108.15054715656382,-4.760547156563817,4.760547156563817,Gradient Boosting
GCP,Cloud Storage,us-west1,636,354.45,611.59,103.37,122.1519323676213,-18.781932367621295,18.781932367621295,Gradient Boosting
AWS,S3,eu-west-1,632,94.77,157.76,103.36,114.24158762487502,-10.881587624875024,10.881587624875024,Gradient Boosting
AWS,S3,ap-south-1,230,162.41,185.43,103.33,48.93225501978589,54.39774498021411,54.39774498021411,Gradient Boosting
GCP,Cloud Functions,us-west1,342,244.18,236.01,103.28,89.37699119264477,13.903008807355235,13.903008807355235,Gradient Boosting
GCP,Compute Engine,us-west1,183,181.51,363.3,103.26,143.7297268927693,-40.46972689276929,40.46972689276929,Gradient Boosting
Azure,Blob Storage,centralindia,496,790.94,1214.95,103.25,104.4245753983673,-1.1745753983672955,1.1745753983672955,Gradient Boosting
GCP,Cloud Functions,us-west1,407,389.14,88.7,103.24,108.15920902296375,-4.919209022963756,4.919209022963756,Gradient Boosting
GCP,Cloud Functions,us-central1,511,65.41,308.67,103.15,145.54563753316805,-42.39563753316804,42.39563753316804,Gradient Boosting
Azure,Blob Storage,eastus,687,248.14,212.76,103.09,107.08343909992901,-3.993439099929006,3.993439099929006,Gradient Boosting
AWS,Lambda,ap-south-1,313,243.93,33.05,102.93,99.64510472131786,3.284895278682143,3.284895278682143,Gradient Boosting
GCP,Cloud Functions,asia-south1,345,165.87,446.94,102.86,91.45526011305489,11.404739886945109,11.404739886945109,Gradient Boosting
Azure,Functions,westus,24,989.61,244.96,102.8,130.2497880942536,-27.449788094253606,27.449788094253606,Gradient Boosting
AWS,Lambda,ap-south-1,381,201.85,143.09,102.79,118.21629749172753,-15.426297491727524,15.426297491727524,Gradient Boosting
AWS,S3,us-west-2,226,71.45,350.5,102.75,50.730239387624195,52.019760612375805,52.019760612375805,Gradient Boosting
GCP,Cloud Functions,us-west1,395,89.92,353.73,102.69,110.13699752683195,-7.44699752683195,7.44699752683195,Gradient Boosting
Azure,Functions,eastus,323,313.99,199.17,102.64,92.21198826593867,10.428011734061329,10.428011734061329,Gradient Boosting
GCP,Cloud Storage,us-central1,228,105.21,1088.79,102.5,65.15356790282415,37.34643209717585,37.34643209717585,Gradient Boosting
Azure,Virtual Machines,westus,60,213.92,551.93,102.39,160.1764332342969,-57.786433234296894,57.786433234296894,Gradient Boosting
AWS,RDS,ap-south-1,186,492.21,208.56,102.36,155.92923295765584,-53.56923295765584,53.56923295765584,Gradient Boosting
AWS,S3,ap-south-1,32,155.14,932.27,102.27,92.12489730387423,10.145102696125761,10.145102696125761,Gradient Boosting
Azure,Blob Storage,westeurope,710,167.31,279.32,102.22,107.98302018891334,-5.7630201889133446,5.7630201889133446,Gradient Boosting
AWS,S3,ap-south-1,603,350.61,443.87,101.97,115.38563605844054,-13.41563605844054,13.41563605844054,Gradient Boosting
Azure,Functions,westeurope,444,122.43,642.22,101.95,159.35251909874054,-57.40251909874054,57.40251909874054,Gradient Boosting
GCP,Cloud SQL,us-west1,202,335.15,380.11,101.93,146.52703254176015,-44.59703254176014,44.59703254176014,Gradient Boosting
GCP,Cloud SQL,asia-south1,235,124.99,743.59,101.76,147.69356029228797,-45.933560292287964,45.933560292287964,Gradient Boosting
GCP,Cloud Storage,us-central1,574,257.26,1100.89,101.73,123.52339279135877,-21.79339279135877,21.79339279135877,Gradient Boosting
Azure,Blob Storage,eastus,431,291.2,379.03,101.71,66.63331694783298,35.07668305216701,35.07668305216701,Gradient Boosting
AWS,EC2,us-east-1,91,146.45,2907.47,101.68,195.06154066868046,-93.38154066868046,93.38154066868046,Gradient Boosting
GCP,Cloud Functions,us-central1,152,107.21,334.35,101.66,68.4538546335948,33.206145366405195,33.206145366405195,Gradient Boosting
GCP,Cloud Functions,europe-west1,527,398.04,320.61,101.63,153.52105230025379,-51.89105230025379,51.89105230025379,Gradient Boosting
GCP,Cloud Functions,us-west1,366,237.42,268.17,101.31,90.4589490270935,10.851050972906506,10.851050972906506,Gradient Boosting
Azure,Virtual Machines,eastus,114,107.14,208.37,101.26,158.45512642205614,-57.195126422056134,57.195126422056134,Gradient Boosting
Azure,Blob Storage,westus,49,363.83,2436.07,101.2,79.34607748873202,21.85392251126798,21.85392251126798,Gradient Boosting
GCP,Cloud Storage,asia-south1,592,47.54,734.27,100.97,116.28530189813071,-15.315301898130713,15.315301898130713,Gradient Boosting
AWS,Lambda,us-east-1,180,109.77,277.7,100.88,93.12720566345125,7.752794336548746,7.752794336548746,Gradient Boosting
AWS,EC2,us-east-1,150,115.59,343.47,100.87,180.17657361316645,-79.30657361316645,79.30657361316645,Gradient Boosting
Azure,Functions,westeurope,315,177.01,661.65,100.74,96.51112818983871,4.22887181016128,4.22887181016128,Gradient Boosting
GCP,Cloud Storage,europe-west1,246,272.92,723.14,100.72,57.91935939682422,42.80064060317578,42.80064060317578,Gradient Boosting
Azure,Azure SQL,westus,156,51.85,385.29,100.67,187.83134103473492,-87.16134103473492,87.16134103473492,Gradient Boosting
GCP,Cloud Storage,europe-west1,642,186.96,196.31,100.51,112.02721820926385,-11.517218209263845,11.517218209263845,Gradient Boosting
Azure,Functions,eastus,377,211.61,1006.6,100.24,115.08232096024835,-14.842320960248358,14.842320960248358,Gradient Boosting
Azure,Virtual Machines,westeurope,249,289.3,1579.45,100.23,185.78184677253194,-85.55184677253193,85.55184677253193,Gradient Boosting
GCP,Cloud Functions,europe-west1,387,322.4,1098.8,100.18,109.99150415115527,-9.811504151155262,9.811504151155262,Gradient Boosting
AWS,EC2,eu-west-1,145,134.16,827.27,99.82,188.97240189135474,-89.15240189135474,89.15240189135474,Gradient Boosting
Azure,Functions,westus,398,161.54,487.68,99.74,121.39194879403715,-21.651948794037153,21.651948794037153,Gradient Boosting
GCP,Cloud SQL,asia-south1,168,106.78,1096.34,99.74,150.41084253423634,-50.67084253423634,50.67084253423634,Gradient Boosting
Azure,Blob Storage,eastus,143,170.87,1237.07,99.57,65.10900341153267,34.460996588467324,34.460996588467324,Gradient Boosting
GCP,Cloud Storage,europe-west1,447,161.26,1933.89,99.35,131.86549676603988,-32.51549676603989,32.51549676603989,Gradient Boosting
AWS,RDS,ap-south-1,138,72.14,389.25,99.16,162.70643457557387,-63.54643457557387,63.54643457557387,Gradient Boosting
Azure,Functions,centralindia,330,293.82,363.99,99.14,102.34343101673669,-3.203431016736687,3.203431016736687,Gradient Boosting
GCP,Cloud Storage,europe-west1,122,405.16,736.33,99.07,55.156421597903574,43.91357840209642,43.91357840209642,Gradient Boosting
GCP,Cloud Functions,us-central1,379,537.04,523.59,98.89,99.02999670893404,-0.13999670893403504,0.13999670893403504,Gradient Boosting
AWS,S3,us-east-1,48,270.7,145.37,98.62,25.003396425437437,73.61660357456256,73.61660357456256,Gradient Boosting
AWS,S3,us-east-1,635,191.45,526.52,98.57,116.95065617396617,-18.380656173966173,18.380656173966173,Gradient Boosting
AWS,S3,ap-south-1,130,211.19,511.74,98.5,42.780772639954996,55.719227360045004,55.719227360045004,Gradient Boosting
GCP,Cloud Storage,asia-south1,687,151.84,312.48,98.5,121.8478701582224,-23.347870158222406,23.347870158222406,Gradient Boosting
Azure,Functions,centralindia,185,516.95,790.47,98.38,98.92629486020677,-0.5462948602067712,0.5462948602067712,Gradient Boosting
GCP,Compute Engine,us-west1,114,169.21,212.99,98.37,121.581702940345,-23.211702940344992,23.211702940344992,Gradient Boosting
AWS,S3,us-west-2,556,131.03,788.93,98.35,116.08336713028875,-17.733367130288755,17.733367130288755,Gradient Boosting
AWS,Lambda,ap-south-1,324,122.42,430.2,98.29,105.03352206570005,-6.7435220657000485,6.7435220657000485,Gradient Boosting
GCP,Compute Engine,us-west1,199,141.18,858.1,97.97,156.5577137898532,-58.58771378985321,58.58771378985321,Gradient Boosting
Azure,Blob Storage,eastus,307,392.47,2684.36,97.93,91.01229970529643,6.917700294703579,6.917700294703579,Gradient Boosting
AWS,EC2,us-west-2,115,467.07,1913.29,97.87,187.93387060769192,-90.06387060769191,90.06387060769191,Gradient Boosting
AWS,RDS,us-east-1,103,115.49,365.39,97.83,142.01839797654034,-44.188397976540344,44.188397976540344,Gradient Boosting
AWS,S3,us-east-1,611,89.83,971.22,97.77,128.28547892397245,-30.515478923972452,30.515478923972452,Gradient Boosting
Azure,Virtual Machines,eastus,160,165.91,122.4,97.69,165.02376186534616,-67.33376186534616,67.33376186534616,Gradient Boosting
Azure,Virtual Machines,centralindia,149,71.27,2079.95,97.64,183.71798753564846,-86.07798753564846,86.07798753564846,Gradient Boosting
GCP,Cloud Storage,europe-west1,172,253.69,433.32,97.56,47.68553688478756,49.87446311521244,49.87446311521244,Gradient Boosting
AWS,S3,us-west-2,553,180.0,684.59,97.53,115.85925679332159,-18.32925679332159,18.32925679332159,Gradient Boosting
GCP,Cloud Storage,europe-west1,702,406.36,727.73,97.49,129.46893065016587,-31.97893065016588,31.97893065016588,Gradient Boosting
AWS,Lambda,ap-south-1,396,196.51,303.21,97.39,131.8302737044596,-34.440273704459585,34.440273704459585,Gradient Boosting
Azure,Functions,westeurope,191,125.51,283.3,97.32,80.47135481131019,16.8486451886898,16.8486451886898,Gradient Boosting
GCP,Cloud Functions,asia-south1,350,56.37,455.58,97.26,91.67937045002205,5.580629549977957,5.580629549977957,Gradient Boosting
Azure,Functions,centralindia,370,81.99,275.58,97.24,102.16212096823307,-4.922120968233074,4.922120968233074,Gradient Boosting
Azure,Azure SQL,eastus,119,365.78,818.19,97.19,191.22614025903533,-94.03614025903534,94.03614025903534,Gradient Boosting
GCP,Cloud Storage,europe-west1,186,290.74,251.86,97.07,46.672728561719794,50.3972714382802,50.3972714382802,Gradient Boosting
AWS,RDS,us-east-1,170,168.59,705.13,97.05,176.12970184412146,-79.07970184412146,79.07970184412146,Gradient Boosting
AWS,Lambda,us-east-1,293,123.53,372.1,96.99,99.67724655434246,-2.6872465543424653,2.6872465543424653,Gradient Boosting
AWS,Lambda,us-west-2,387,344.37,460.27,96.88,119.96997565862857,-23.089975658628575,23.089975658628575,Gradient Boosting
GCP,Cloud Storage,europe-west1,525,181.07,1081.13,96.79,113.10819938506611,-16.31819938506611,16.31819938506611,Gradient Boosting
AWS,RDS,ap-south-1,192,358.92,376.76,96.76,170.91805684079372,-74.15805684079372,74.15805684079372,Gradient Boosting
Azure,Virtual Machines,westeurope,82,211.52,165.76,96.73,156.1620882971596,-59.43208829715961,59.43208829715961,Gradient Boosting
AWS,Lambda,ap-south-1,335,112.69,65.63,96.64,111.65760848269598,-15.017608482695977,15.017608482695977,Gradient Boosting
Azure,Blob Storage,eastus,83,59.28,205.97,96.38,33.2262250734714,63.1537749265286,63.1537749265286,Gradient Boosting
AWS,S3,us-west-2,702,300.31,588.39,96.34,130.82360009740535,-34.48360009740534,34.48360009740534,Gradient Boosting
AWS,RDS,us-east-1,160,109.82,854.58,96.32,176.3538121810886,-80.03381218108862,80.03381218108862,Gradient Boosting
AWS,Lambda,ap-south-1,333,268.1,425.82,96.32,113.18717631262986,-16.867176312629866,16.867176312629866,Gradient Boosting
AWS,S3,eu-west-1,168,931.99,443.66,96.29,47.77337762472241,48.5166223752776,48.5166223752776,Gradient Boosting
GCP,Cloud Functions,asia-south1,362,211.0,1973.58,96.22,118.66178485033173,-22.44178485033173,22.44178485033173,Gradient Boosting
AWS,EC2,us-east-1,234,150.16,347.6,95.62,200.10611107090216,-104.48611107090215,104.48611107090215,Gradient Boosting
AWS,Lambda,us-west-2,333,60.86,111.56,95.59,111.65760848269598,-16.067608482695974,16.067608482695974,Gradient Boosting
GCP,Cloud Functions,us-central1,426,145.95,64.64,95.47,116.77580203877943,-21.305802038779433,21.305802038779433,Gradient Boosting
AWS,S3,us-west-2,683,102.37,351.02,95.43,120.71823737407252,-25.28823737407251,25.28823737407251,Gradient Boosting
Azure,Blob Storage,eastus,571,321.23,380.06,95.42,95.17293035773888,0.24706964226112405,0.24706964226112405,Gradient Boosting
AWS,RDS,us-west-2,135,108.02,640.83,95.41,176.3538121810886,-80.94381218108862,80.94381218108862,Gradient Boosting
GCP,Cloud Storage,asia-south1,617,234.13,401.2,95.34,108.28592633525278,-12.945926335252778,12.945926335252778,Gradient Boosting
GCP,Cloud Storage,asia-south1,686,196.68,283.88,95.22,121.8478701582224,-26.627870158222407,26.627870158222407,Gradient Boosting
AWS,Lambda,eu-west-1,297,84.33,293.26,95.21,99.27182616887168,-4.06182616887169,4.06182616887169,Gradient Boosting
GCP,Cloud Storage,asia-south1,690,213.54,147.53,95.19,120.94828906923807,-25.758289069238074,25.758289069238074,Gradient Boosting
AWS,EC2,eu-west-1,122,90.69,663.76,95.08,183.0590945832889,-87.9790945832889,87.9790945832889,Gradient Boosting
Azure,Functions,eastus,613,123.94,201.47,95.01,188.62312002146845,-93.61312002146845,93.61312002146845,Gradient Boosting
GCP,Cloud Storage,europe-west1,230,326.92,589.09,94.96,55.7617990966149,39.19820090338509,39.19820090338509,Gradient Boosting
AWS,S3,ap-south-1,385,139.82,161.58,94.81,65.16762986428544,29.642370135714557,29.642370135714557,Gradient Boosting
Azure,Blob Storage,westeurope,129,437.67,277.24,94.62,36.997152171436106,57.6228478285639,57.6228478285639,Gradient Boosting
AWS,RDS,eu-west-1,84,246.28,1654.94,94.59,164.50825211117507,-69.91825211117506,69.91825211117506,Gradient Boosting
GCP,Compute Engine,europe-west1,182,336.05,111.46,94.52,139.69373141187833,-45.173731411878336,45.173731411878336,Gradient Boosting
AWS,S3,eu-west-1,173,79.33,368.17,94.43,46.769314725500195,47.66068527449981,47.66068527449981,Gradient Boosting
AWS,Lambda,us-east-1,236,175.64,1583.73,94.37,103.08131407752549,-8.711314077525486,8.711314077525486,Gradient Boosting
AWS,S3,eu-west-1,416,234.83,1623.77,94.32,103.83047914751394,-9.510479147513948,9.510479147513948,Gradient Boosting
GCP,Cloud Storage,europe-west1,154,166.11,677.28,94.28,55.1416613920092,39.1383386079908,39.1383386079908,Gradient Boosting
GCP,Cloud SQL,us-central1,207,231.41,257.11,94.04,147.3151753484321,-53.275175348432086,53.275175348432086,Gradient Boosting
GCP,Cloud Storage,europe-west1,651,197.48,529.45,93.93,115.51209182431141,-21.582091824311405,21.582091824311405,Gradient Boosting
AWS,S3,us-east-1,595,557.47,550.22,93.6,116.17757330832096,-22.577573308320964,22.577573308320964,Gradient Boosting
Azure,Blob Storage,westeurope,580,281.31,972.31,93.48,108.5731629532773,-15.0931629532773,15.0931629532773,Gradient Boosting
AWS,S3,us-east-1,667,252.2,236.3,93.43,118.17146366576374,-24.74146366576373,24.74146366576373,Gradient Boosting
Azure,Blob Storage,eastus,234,347.94,480.03,93.29,50.322479249536606,42.9675207504634,42.9675207504634,Gradient Boosting
Azure,Blob Storage,centralindia,594,168.93,740.97,93.28,109.57781467814111,-16.29781467814111,16.29781467814111,Gradient Boosting
GCP,Cloud Functions,us-central1,386,105.39,416.49,93.17,98.46216979602077,-5.292169796020772,5.292169796020772,Gradient Boosting
Azure,Blob Storage,centralindia,660,1797.02,158.64,93.14,106.84784635622044,-13.707846356220443,13.707846356220443,Gradient Boosting
GCP,Cloud Storage,europe-west1,465,192.74,937.71,93.09,97.59048429032238,-4.500484290322376,4.500484290322376,Gradient Boosting
GCP,Cloud Storage,asia-south1,688,119.64,70.9,93.08,122.64955117511052,-29.56955117511052,29.56955117511052,Gradient Boosting
Azure,Functions,centralindia,346,285.01,273.62,92.78,101.93801063126591,-9.15801063126591,9.15801063126591,Gradient Boosting
GCP,Cloud Functions,us-west1,330,92.09,373.58,92.76,91.08847974953143,1.6715202504685749,1.6715202504685749,Gradient Boosting
AWS,S3,us-west-2,32,80.18,463.37,92.73,80.98979037423682,11.740209625763185,11.740209625763185,Gradient Boosting
AWS,S3,us-east-1,554,740.03,260.27,92.72,105.3769448347865,-12.6569448347865,12.6569448347865,Gradient Boosting
AWS,S3,us-east-1,680,144.45,397.6,92.7,119.21016519323732,-26.510165193237313,26.510165193237313,Gradient Boosting
Azure,Virtual Machines,eastus,94,107.55,202.04,92.66,157.34722388819222,-64.68722388819222,64.68722388819222,Gradient Boosting
Azure,Virtual Machines,westeurope,148,152.2,612.98,92.58,174.4079414303104,-81.82794143031039,81.82794143031039,Gradient Boosting
GCP,Cloud Functions,us-west1,367,139.79,453.89,92.56,91.45526011305489,1.1047398869451115,1.1047398869451115,Gradient Boosting
GCP,Compute Engine,us-west1,178,86.58,176.9,92.46,128.86645485666293,-36.40645485666293,36.40645485666293,Gradient Boosting
Azure,Virtual Machines,eastus,160,172.64,335.92,92.43,166.3720196467764,-73.9420196467764,73.9420196467764,Gradient Boosting
GCP,Cloud Storage,asia-south1,38,112.3,550.84,92.31,71.13572242184266,21.174277578157344,21.174277578157344,Gradient Boosting
AWS,Lambda,ap-south-1,346,245.4,694.24,92.24,109.08913653874964,-16.849136538749647,16.849136538749647,Gradient Boosting
Azure,Blob Storage,westeurope,64,170.28,489.9,92.22,38.14359637062575,54.07640362937425,54.07640362937425,Gradient Boosting
GCP,Cloud SQL,asia-south1,45,60.7,239.88,92.22,114.39643196876686,-22.176431968766863,22.176431968766863,Gradient Boosting
GCP,Cloud Storage,asia-south1,656,294.16,529.61,91.78,121.19924058663862,-29.419240586638622,29.419240586638622,Gradient Boosting
GCP,Cloud Functions,us-central1,422,107.92,369.61,91.71,118.75359054264763,-27.043590542647635,27.043590542647635,Gradient Boosting
Azure,Functions,westeurope,319,265.63,625.66,91.7,96.51112818983871,-4.811128189838712,4.811128189838712,Gradient Boosting
Azure,Blob Storage,eastus,682,178.78,449.55,91.66,108.38844057438412,-16.728440574384123,16.728440574384123,Gradient Boosting
Azure,Virtual Machines,eastus,143,68.64,1034.18,91.62,174.63205176727755,-83.01205176727754,83.01205176727754,Gradient Boosting
Azure,Azure SQL,centralindia,69,271.74,181.14,91.58,144.4561065982828,-52.87610659828279,52.87610659828279,Gradient Boosting
AWS,Lambda,us-west-2,327,184.86,438.77,91.56,104.8094117287329,-13.249411728732895,13.249411728732895,Gradient Boosting
Azure,Blob Storage,centralindia,503,147.45,1054.93,91.56,94.93668184311244,-3.3766818431124364,3.3766818431124364,Gradient Boosting
Azure,Blob Storage,westeurope,707,292.63,338.99,91.53,108.20863643835422,-16.678636438354218,16.678636438354218,Gradient Boosting
Azure,Functions,centralindia,184,58.4,1027.19,91.39,88.4268875857226,2.963112414277404,2.963112414277404,Gradient Boosting
AWS,RDS,eu-west-1,185,99.53,405.66,91.33,165.31781590481208,-73.98781590481208,73.98781590481208,Gradient Boosting
AWS,S3,ap-south-1,406,94.15,1207.95,91.32,96.06723615344097,-4.74723615344098,4.74723615344098,Gradient Boosting
Azure,Blob Storage,centralindia,203,180.14,779.94,91.13,58.003443796880504,33.12655620311949,33.12655620311949,Gradient Boosting
Azure,Functions,eastus,372,622.77,430.64,90.87,118.0029234307074,-27.132923430707393,27.132923430707393,Gradient Boosting
AWS,EC2,eu-west-1,110,88.82,417.49,90.86,167.32110579027298,-76.46110579027298,76.46110579027298,Gradient Boosting
GCP,Cloud SQL,asia-south1,81,143.98,2115.87,90.82,141.7084697622606,-50.8884697622606,50.8884697622606,Gradient Boosting
GCP,Cloud Functions,asia-south1,135,549.63,820.02,90.78,78.83835001502246,11.941649984977545,11.941649984977545,Gradient Boosting
GCP,Compute Engine,us-west1,183,166.89,652.89,90.61,154.93029001252285,-64.32029001252285,64.32029001252285,Gradient Boosting
AWS,S3,ap-south-1,582,183.5,212.37,90.61,104.28351760207342,-13.673517602073417,13.673517602073417,Gradient Boosting
AWS,Lambda,us-east-1,260,314.31,844.29,90.6,95.35509644349509,-4.755096443495091,4.755096443495091,Gradient Boosting
AWS,RDS,ap-south-1,142,201.98,302.1,90.35,158.27938757480948,-67.92938757480948,67.92938757480948,Gradient Boosting
GCP,Cloud Storage,europe-west1,600,175.53,777.49,90.3,116.65696232670906,-26.356962326709066,26.356962326709066,Gradient Boosting
GCP,Cloud Functions,europe-west1,361,108.37,166.26,89.98,89.33480158263039,0.6451984173696133,0.6451984173696133,Gradient Boosting
GCP,Cloud Storage,europe-west1,523,162.98,466.93,89.95,99.10145648585552,-9.151456485855519,9.151456485855519,Gradient Boosting
AWS,S3,us-east-1,359,158.29,186.34,89.88,55.11738314824166,34.76261685175834,34.76261685175834,Gradient Boosting
AWS,Lambda,us-west-2,338,231.92,322.14,89.79,112.78175592715908,-22.991755927159076,22.991755927159076,Gradient Boosting
AWS,S3,us-west-2,252,65.56,2222.72,89.71,93.92416633042781,-4.214166330427815,4.214166330427815,Gradient Boosting
Azure,Functions,centralindia,211,212.26,408.81,89.69,83.87411042857286,5.815889571427135,5.815889571427135,Gradient Boosting
AWS,S3,ap-south-1,547,176.1,658.23,89.59,113.85438088110033,-24.264380881100323,24.264380881100323,Gradient Boosting
GCP,Cloud Storage,us-central1,605,222.31,489.28,89.54,108.28592633525278,-18.745926335252776,18.745926335252776,Gradient Boosting
Azure,Blob Storage,westeurope,693,106.9,388.86,89.47,108.61255091135128,-19.14255091135128,19.14255091135128,Gradient Boosting
Azure,Blob Storage,centralindia,572,66.72,616.21,89.38,106.40358006357269,-17.023580063572695,17.023580063572695,Gradient Boosting
Azure,Azure SQL,westus,113,151.51,818.34,89.37,191.22614025903533,-101.85614025903533,101.85614025903533,Gradient Boosting
Azure,Blob Storage,centralindia,685,268.82,346.47,89.29,108.20863643835422,-18.918636438354213,18.918636438354213,Gradient Boosting
GCP,Compute Engine,europe-west1,167,216.85,558.63,89.15,136.50552827597124,-47.35552827597124,47.35552827597124,Gradient Boosting
AWS,S3,us-east-1,649,109.49,445.81,89.12,117.17476651093332,-28.05476651093332,28.05476651093332,Gradient Boosting
AWS,EC2,us-east-1,188,32.68,404.45,88.99,186.33704199261464,-97.34704199261465,97.34704199261465,Gradient Boosting
AWS,S3,us-east-1,646,281.65,387.91,88.81,116.95065617396617,-28.140656173966164,28.140656173966164,Gradient Boosting
GCP,Cloud SQL,europe-west1,63,304.0,741.74,88.81,132.29684039595548,-43.48684039595548,43.48684039595548,Gradient Boosting
Azure,Blob Storage,westus,191,53.59,169.35,88.77,44.58514765944386,44.184852340556134,44.184852340556134,Gradient Boosting
AWS,Lambda,us-east-1,306,373.49,767.15,88.65,97.30074311433869,-8.650743114338681,8.650743114338681,Gradient Boosting
AWS,RDS,us-east-1,59,157.21,751.49,88.61,157.83677205103817,-69.22677205103817,69.22677205103817,Gradient Boosting
GCP,Cloud Functions,us-west1,300,192.54,320.84,88.43,76.72490893183901,11.705091068160996,11.705091068160996,Gradient Boosting
Azure,Virtual Machines,eastus,125,104.06,1061.93,88.38,182.4463072366669,-94.06630723666692,94.06630723666692,Gradient Boosting
AWS,S3,us-west-2,633,131.56,320.5,88.35,115.58984540630529,-27.239845406305292,27.239845406305292,Gradient Boosting
AWS,S3,ap-south-1,639,340.55,205.23,88.28,115.19697800706513,-26.916978007065126,26.916978007065126,Gradient Boosting
AWS,S3,eu-west-1,610,121.65,200.44,88.2,113.85606822850666,-25.656068228506655,25.656068228506655,Gradient Boosting
Azure,Azure SQL,westus,115,357.66,373.24,88.15,180.81448491751058,-92.66448491751058,92.66448491751058,Gradient Boosting
AWS,S3,us-east-1,240,340.91,716.32,88.1,62.083504725881234,26.01649527411876,26.01649527411876,Gradient Boosting
AWS,RDS,us-east-1,107,178.33,645.97,88.07,161.1288576423557,-73.05885764235572,73.05885764235572,Gradient Boosting
AWS,Lambda,us-east-1,376,570.17,275.67,88.06,120.35649252303821,-32.29649252303821,32.29649252303821,Gradient Boosting
Azure,Blob Storage,westeurope,319,251.8,1232.54,87.99,67.85306587931831,20.136934120681687,20.136934120681687,Gradient Boosting
GCP,Cloud Storage,europe-west1,202,97.53,237.18,87.89,48.249522516834865,39.640477483165135,39.640477483165135,Gradient Boosting
AWS,S3,us-east-1,247,417.66,130.27,87.85,48.93225501978589,38.9177449802141,38.9177449802141,Gradient Boosting
AWS,EC2,eu-west-1,116,107.66,883.98,87.71,183.0590945832889,-95.3490945832889,95.3490945832889,Gradient Boosting
Azure,Functions,eastus,318,176.97,51.62,87.67,88.80135942542475,-1.1313594254247477,1.1313594254247477,Gradient Boosting
Azure,Blob Storage,westus,573,143.23,197.44,87.65,93.41925219083784,-5.7692521908378325,5.7692521908378325,Gradient Boosting
AWS,EC2,ap-south-1,110,198.2,984.6,87.65,182.83498424632174,-95.18498424632173,95.18498424632173,Gradient Boosting
GCP,Cloud Functions,asia-south1,330,212.51,770.9,87.62,97.168041732453,-9.548041732453001,9.548041732453001,Gradient Boosting
AWS,RDS,us-east-1,149,114.27,122.17,87.55,152.55610951107573,-65.00610951107573,65.00610951107573,Gradient Boosting
AWS,EC2,eu-west-1,158,99.64,458.07,87.54,181.86993172092252,-94.32993172092252,94.32993172092252,Gradient Boosting
Azure,Functions,westeurope,358,176.45,171.88,87.52,100.58975284983565,-13.069752849835652,13.069752849835652,Gradient Boosting
GCP,Cloud Storage,us-central1,574,190.01,548.65,87.38,107.670211267001,-20.290211267001,20.290211267001,Gradient Boosting
Azure,Blob Storage,westus,33,174.7,467.67,87.35,85.0410351223259,2.3089648776741,2.3089648776741,Gradient Boosting
GCP,Cloud Storage,europe-west1,505,348.33,484.66,87.3,86.75278104003294,0.5472189599670543,0.5472189599670543,Gradient Boosting
Azure,Functions,eastus,328,106.6,118.85,87.3,92.43609860290583,-5.136098602905832,5.136098602905832,Gradient Boosting
AWS,Lambda,us-west-2,34,76.83,227.63,87.18,122.7449548446581,-35.56495484465809,35.56495484465809,Gradient Boosting
AWS,Lambda,us-east-1,253,84.06,689.83,87.17,95.57920678046224,-8.409206780462242,8.409206780462242,Gradient Boosting
Azure,Azure SQL,westeurope,127,226.95,215.0,87.17,173.87959164928762,-86.70959164928762,86.70959164928762,Gradient Boosting
Azure,Functions,westus,70,261.98,357.65,87.14,69.92672276089908,17.21327723910092,17.21327723910092,Gradient Boosting
AWS,S3,ap-south-1,280,255.29,1705.61,87.12,71.25290992041725,15.867090079582752,15.867090079582752,Gradient Boosting
GCP,Cloud Functions,asia-south1,427,303.61,357.18,87.07,118.52948020568047,-31.459480205680478,31.459480205680478,Gradient Boosting
Azure,Blob Storage,westus,621,49.25,80.88,87.07,97.69256924580606,-10.622569245806062,10.622569245806062,Gradient Boosting
GCP,Compute Engine,europe-west1,172,154.15,113.51,87.06,125.25035798448027,-38.19035798448027,38.19035798448027,Gradient Boosting
AWS,RDS,us-west-2,41,100.81,3052.59,86.94,176.3517058822346,-89.4117058822346,89.4117058822346,Gradient Boosting
AWS,S3,us-east-1,149,271.19,96.21,86.85,41.68395045847711,45.16604954152288,45.16604954152288,Gradient Boosting
GCP,Cloud Functions,us-west1,382,266.54,190.27,86.81,95.89349059166199,-9.083490591661985,9.083490591661985,Gradient Boosting
Azure,Azure SQL,westus,136,165.66,293.56,86.79,180.91504182798565,-94.12504182798564,94.12504182798564,Gradient Boosting
AWS,S3,eu-west-1,586,78.55,1217.72,86.77,124.81992069060192,-38.04992069060192,38.04992069060192,Gradient Boosting
Azure,Virtual Machines,westeurope,165,313.51,489.77,86.61,169.8850157954021,-83.2750157954021,83.2750157954021,Gradient Boosting
Azure,Blob Storage,westus,619,64.36,561.36,86.51,106.53476480480879,-20.024764804808783,20.024764804808783,Gradient Boosting
AWS,Lambda,ap-south-1,350,284.82,304.38,86.42,112.78175592715908,-26.36175592715908,26.36175592715908,Gradient Boosting
Azure,Functions,eastus,294,100.13,534.77,86.32,87.0213957022014,-0.7013957022014097,0.7013957022014097,Gradient Boosting
GCP,Cloud SQL,us-central1,170,302.3,464.11,86.31,142.2882274351916,-55.9782274351916,55.9782274351916,Gradient Boosting
GCP,Cloud Functions,europe-west1,354,72.64,267.76,86.27,90.68305936406065,-4.413059364060658,4.413059364060658,Gradient Boosting
GCP,Cloud Storage,us-west1,598,142.02,388.92,86.21,108.28592633525278,-22.075926335252788,22.075926335252788,Gradient Boosting
GCP,Cloud Functions,asia-south1,321,107.61,1225.95,86.16,94.89726954161875,-8.737269541618758,8.737269541618758,Gradient Boosting
AWS,S3,us-east-1,704,146.53,248.98,86.01,120.26851078766448,-34.25851078766448,34.25851078766448,Gradient Boosting
AWS,RDS,eu-west-1,150,105.11,231.17,85.99,152.82240945805728,-66.83240945805728,66.83240945805728,Gradient Boosting
GCP,Cloud Storage,europe-west1,304,141.11,1657.82,85.98,75.57992337433424,10.400076625665761,10.400076625665761,Gradient Boosting
AWS,Lambda,eu-west-1,288,221.4,224.13,85.91,97.69945805047426,-11.789458050474266,11.789458050474266,Gradient Boosting
GCP,Cloud Functions,us-west1,382,235.7,362.88,85.88,97.64716875856303,-11.767168758563031,11.767168758563031,Gradient Boosting
AWS,S3,us-west-2,536,167.61,358.55,85.85,102.54931607184659,-16.699316071846596,16.699316071846596,Gradient Boosting
AWS,EC2,eu-west-1,106,163.24,838.97,85.67,182.83498424632174,-97.16498424632174,97.16498424632174,Gradient Boosting
AWS,Lambda,us-east-1,114,128.87,619.37,85.55,87.3116733542429,-1.7616733542429017,1.7616733542429017,Gradient Boosting
GCP,Cloud SQL,europe-west1,159,423.39,429.14,85.39,141.7605259177745,-56.370525917774486,56.370525917774486,Gradient Boosting
GCP,Cloud Functions,us-west1,326,162.48,315.92,85.38,82.08118444319655,3.298815556803447,3.298815556803447,Gradient Boosting
Azure,Functions,westus,298,70.43,880.57,85.34,92.97748629971433,-7.637486299714325,7.637486299714325,Gradient Boosting
GCP,Cloud SQL,asia-south1,131,246.77,700.4,85.17,141.28022170419703,-56.11022170419703,56.11022170419703,Gradient Boosting
Azure,Functions,westeurope,295,189.57,501.38,85.12,86.79728536523425,-1.6772853652342405,1.6772853652342405,Gradient Boosting
GCP,Cloud SQL,asia-south1,167,168.2,272.57,85.08,139.96879447870862,-54.88879447870862,54.88879447870862,Gradient Boosting
GCP,Cloud Functions,us-west1,456,96.0,254.85,85.06,140.58636852684572,-55.526368526845715,55.526368526845715,Gradient Boosting
AWS,S3,us-west-2,564,179.86,337.08,84.92,104.14877159859712,-19.22877159859712,19.22877159859712,Gradient Boosting
AWS,S3,eu-west-1,685,184.38,343.61,84.9,120.49412703710536,-35.59412703710535,35.59412703710535,Gradient Boosting
GCP,Cloud Functions,us-central1,392,311.21,734.04,84.73,116.21655950975351,-31.486559509753505,31.486559509753505,Gradient Boosting
GCP,Cloud Storage,asia-south1,475,204.69,1055.2,84.72,97.59048429032238,-12.87048429032238,12.87048429032238,Gradient Boosting
AWS,S3,ap-south-1,250,183.57,70.79,84.61,48.93225501978589,35.67774498021411,35.67774498021411,Gradient Boosting
GCP,Compute Engine,asia-south1,169,423.88,154.04,84.58,127.15845168062384,-42.57845168062384,42.57845168062384,Gradient Boosting
Azure,Blob Storage,centralindia,570,315.48,160.47,84.5,93.41925219083784,-8.919252190837838,8.919252190837838,Gradient Boosting
GCP,Cloud Storage,europe-west1,653,240.19,456.21,84.43,120.78952456379524,-36.35952456379523,36.35952456379523,Gradient Boosting
Azure,Blob Storage,westeurope,644,161.42,578.94,84.39,112.69498364895405,-28.30498364895405,28.30498364895405,Gradient Boosting
AWS,S3,us-west-2,190,258.05,418.49,84.37,46.82558464908951,37.5444153509105,37.5444153509105,Gradient Boosting
Azure,Blob Storage,centralindia,571,88.4,846.79,84.29,107.66064721119736,-23.37064721119735,23.37064721119735,Gradient Boosting
Azure,Virtual Machines,centralindia,202,229.92,94.05,84.18,172.3701427350696,-88.1901427350696,88.1901427350696,Gradient Boosting
Azure,Blob Storage,eastus,586,98.17,167.61,84.14,95.12636631271157,-10.986366312711567,10.986366312711567,Gradient Boosting
AWS,S3,us-west-2,160,171.51,211.15,84.09,41.68395045847711,42.40604954152289,42.40604954152289,Gradient Boosting
AWS,RDS,eu-west-1,141,70.85,250.26,84.05,158.50349791177663,-74.45349791177664,74.45349791177664,Gradient Boosting
Azure,Blob Storage,eastus,663,71.63,565.63,84.01,112.2456295303256,-28.235629530325596,28.235629530325596,Gradient Boosting
GCP,Cloud Functions,asia-south1,319,154.79,1455.34,83.96,91.29221827702831,-7.332218277028318,7.332218277028318,Gradient Boosting
GCP,Cloud SQL,us-west1,163,147.39,268.75,83.89,139.96879447870862,-56.078794478708616,56.078794478708616,Gradient Boosting
AWS,Lambda,eu-west-1,282,73.0,655.87,83.87,95.57920678046224,-11.709206780462239,11.709206780462239,Gradient Boosting
GCP,Cloud Storage,us-west1,246,466.88,2044.65,83.87,94.92059402266356,-11.05059402266356,11.05059402266356,Gradient Boosting
AWS,Lambda,ap-south-1,269,304.48,98.98,83.86,97.69945805047426,-13.839458050474263,13.839458050474263,Gradient Boosting
AWS,S3,us-west-2,73,122.78,280.67,83.83,35.19639837316797,48.633601626832025,48.633601626832025,Gradient Boosting
AWS,S3,ap-south-1,502,388.1,291.81,83.75,91.99093009218508,-8.240930092185081,8.240930092185081,Gradient Boosting
GCP,Cloud Storage,europe-west1,181,87.51,439.87,83.7,48.896281075586444,34.80371892441356,34.80371892441356,Gradient Boosting
Azure,Blob Storage,eastus,304,202.42,1130.64,83.69,66.04434258742133,17.64565741257867,17.64565741257867,Gradient Boosting
AWS,RDS,eu-west-1,176,213.71,270.12,83.6,162.40432287577386,-78.80432287577386,78.80432287577386,Gradient Boosting
GCP,Cloud SQL,us-west1,215,366.94,292.55,83.51,147.03593344112508,-63.525933441125076,63.525933441125076,Gradient Boosting
AWS,S3,ap-south-1,577,293.44,325.02,83.48,104.14877159859712,-20.668771598597118,20.668771598597118,Gradient Boosting
Azure,Virtual Machines,centralindia,196,185.99,247.32,83.41,173.71840051649986,-90.30840051649986,90.30840051649986,Gradient Boosting
AWS,Lambda,us-east-1,67,162.64,375.3,83.38,82.58257361304014,0.7974263869598559,0.7974263869598559,Gradient Boosting
AWS,S3,us-west-2,133,150.88,283.76,83.38,43.032208239907376,40.34779176009262,40.34779176009262,Gradient Boosting
AWS,S3,us-east-1,460,191.56,420.46,83.32,92.39635047765586,-9.076350477655865,9.076350477655865,Gradient Boosting
AWS,EC2,ap-south-1,97,43.22,790.61,83.31,181.3250344318863,-98.0150344318863,98.0150344318863,Gradient Boosting
Azure,Functions,westus,277,235.2,2059.28,83.29,111.1981533823469,-27.908153382346896,27.908153382346896,Gradient Boosting
AWS,S3,us-east-1,481,267.61,332.14,83.11,91.99093009218508,-8.880930092185082,8.880930092185082,Gradient Boosting
GCP,Cloud Storage,europe-west1,272,160.54,1774.67,83.1,72.99809433498432,10.101905665015678,10.101905665015678,Gradient Boosting
Azure,Blob Storage,westus,637,96.74,320.43,83.09,100.36701493076725,-17.27701493076725,17.27701493076725,Gradient Boosting
GCP,Cloud SQL,europe-west1,205,106.47,915.14,83.05,147.97280219959498,-64.92280219959498,64.92280219959498,Gradient Boosting
GCP,Cloud Storage,europe-west1,145,99.77,614.73,82.93,54.328525017650804,28.601474982349202,28.601474982349202,Gradient Boosting
AWS,S3,eu-west-1,101,182.36,259.82,82.7,39.59476656587196,43.105233434128046,43.105233434128046,Gradient Boosting
GCP,Cloud Functions,us-west1,299,377.28,93.64,82.67,75.37665115040875,7.293348849591254,7.293348849591254,Gradient Boosting
GCP,Compute Engine,us-west1,51,163.0,453.61,82.66,123.5271200895529,-40.8671200895529,40.8671200895529,Gradient Boosting
Azure,Virtual Machines,centralindia,74,173.93,2336.51,82.58,178.03627710400028,-95.45627710400028,95.45627710400028,Gradient Boosting
Azure,Blob Storage,westus,652,95.44,74.3,82.58,100.34023657464012,-17.760236574640118,17.760236574640118,Gradient Boosting
Azure,Virtual Machines,westus,147,171.85,403.12,82.53,169.8850157954021,-87.3550157954021,87.3550157954021,Gradient Boosting
AWS,S3,us-east-1,193,149.08,192.95,82.52,46.009080083124495,36.5109199168755,36.5109199168755,Gradient Boosting
AWS,RDS,ap-south-1,20,100.24,1316.38,82.49,276.0998513700855,-193.6098513700855,193.6098513700855,Gradient Boosting
GCP,Cloud Storage,us-central1,543,358.53,469.13,82.27,105.25561933193634,-22.98561933193635,22.98561933193635,Gradient Boosting
GCP,Compute Engine,us-west1,170,299.18,190.36,82.25,132.47830475766773,-50.22830475766773,50.22830475766773,Gradient Boosting
AWS,S3,ap-south-1,115,605.68,157.49,82.14,37.605902576790115,44.534097423209886,44.534097423209886,Gradient Boosting
GCP,Cloud Functions,europe-west1,258,160.79,670.74,82.11,83.43400163719852,-1.3240016371985206,1.3240016371985206,Gradient Boosting
AWS,EC2,ap-south-1,241,143.85,262.84,82.0,199.88049482146127,-117.88049482146127,117.88049482146127,Gradient Boosting
Azure,Functions,westeurope,306,175.84,190.78,81.93,88.80135942542475,-6.8713594254247425,6.8713594254247425,Gradient Boosting
GCP,Cloud Functions,asia-south1,98,182.39,506.35,81.92,65.54088536548673,16.37911463451327,16.37911463451327,Gradient Boosting
Azure,Functions,westeurope,365,152.83,1054.73,81.84,108.29952161424963,-26.459521614249624,26.459521614249624,Gradient Boosting
GCP,Cloud Storage,us-west1,121,81.99,497.47,81.81,41.11690144149751,40.69309855850249,40.69309855850249,Gradient Boosting
GCP,Cloud Storage,us-west1,642,100.99,380.24,81.76,114.00500671313205,-32.24500671313204,32.24500671313204,Gradient Boosting
AWS,EC2,us-west-2,103,170.29,710.27,81.73,182.83498424632174,-101.10498424632173,101.10498424632173,Gradient Boosting
AWS,RDS,us-west-2,124,130.49,598.65,81.64,169.88258719374463,-88.24258719374463,88.24258719374463,Gradient Boosting
Azure,Functions,westeurope,29,174.99,152.52,81.6,116.68934481968591,-35.08934481968592,35.08934481968592,Gradient Boosting
Azure,Blob Storage,eastus,398,493.79,892.27,81.26,78.28112385164867,2.9788761483513326,2.9788761483513326,Gradient Boosting
AWS,S3,ap-south-1,573,409.55,374.11,81.23,104.5541919840679,-23.324191984067895,23.324191984067895,Gradient Boosting
Azure,Blob Storage,westeurope,580,158.78,276.33,81.14,94.7675099722681,-13.6275099722681,13.6275099722681,Gradient Boosting
GCP,Cloud SQL,asia-south1,137,197.9,816.09,80.98,143.73399709302643,-62.75399709302643,62.75399709302643,Gradient Boosting
AWS,S3,us-east-1,234,777.9,576.7,80.9,59.78155230523986,21.118447694760142,21.118447694760142,Gradient Boosting
GCP,Cloud Storage,us-central1,44,721.23,50.38,80.72,25.44914150919155,55.27085849080845,55.27085849080845,Gradient Boosting
Azure,Azure SQL,centralindia,90,172.08,639.29,80.25,182.42734641818404,-102.17734641818404,102.17734641818404,Gradient Boosting
GCP,Cloud Functions,us-central1,321,197.87,397.92,80.22,83.07749552915794,-2.8574955291579442,2.8574955291579442,Gradient Boosting
Azure,Virtual Machines,westus,100,379.46,1105.53,80.18,188.94067095305752,-108.76067095305751,108.76067095305751,Gradient Boosting
GCP,Cloud SQL,asia-south1,187,301.78,205.71,80.14,144.7407960034273,-64.6007960034273,64.6007960034273,Gradient Boosting
GCP,Cloud SQL,us-central1,150,191.9,574.83,79.89,142.70122953010758,-62.81122953010758,62.81122953010758,Gradient Boosting
GCP,Compute Engine,europe-west1,191,135.6,638.55,79.87,154.93029001252285,-75.06029001252284,75.06029001252284,Gradient Boosting
GCP,Compute Engine,us-central1,124,206.12,1913.03,79.78,155.98366472899468,-76.20366472899468,76.20366472899468,Gradient Boosting
AWS,S3,ap-south-1,572,176.98,422.24,79.76,104.5541919840679,-24.794191984067893,24.794191984067893,Gradient Boosting
AWS,S3,us-west-2,665,197.06,286.79,79.58,118.80474480776654,-39.22474480776654,39.22474480776654,Gradient Boosting
Azure,Functions,centralindia,311,66.5,357.64,79.55,90.77914792929295,-11.22914792929295,11.22914792929295,Gradient Boosting
Azure,Blob Storage,westeurope,690,130.69,601.98,79.49,119.60381369605078,-40.113813696050784,40.113813696050784,Gradient Boosting
GCP,Cloud Functions,us-central1,311,269.9,609.79,79.49,85.37964830804212,-5.889648308042126,5.889648308042126,Gradient Boosting
AWS,S3,us-east-1,560,149.78,244.38,79.43,104.14877159859712,-24.718771598597115,24.718771598597115,Gradient Boosting
GCP,Compute Engine,asia-south1,152,153.64,286.14,79.42,129.72270650203245,-50.30270650203245,50.30270650203245,Gradient Boosting
GCP,Cloud Functions,us-central1,306,55.72,503.68,79.41,79.89097702561116,-0.4809770256111676,0.4809770256111676,Gradient Boosting
Azure,Blob Storage,eastus,222,176.68,191.51,79.37,47.4416643856513,31.928335614348704,31.928335614348704,Gradient Boosting
GCP,Cloud Storage,europe-west1,566,271.7,408.24,79.3,107.26049524415761,-27.960495244157613,27.960495244157613,Gradient Boosting
Azure,Functions,westeurope,192,128.96,441.91,79.3,84.09822076554002,-4.798220765540023,4.798220765540023,Gradient Boosting
Azure,Virtual Machines,eastus,147,84.51,359.49,79.29,170.10912613236925,-90.81912613236925,90.81912613236925,Gradient Boosting
AWS,S3,us-east-1,616,180.96,273.46,79.25,114.98021567296976,-35.73021567296976,35.73021567296976,Gradient Boosting
GCP,Cloud SQL,asia-south1,182,145.39,749.94,79.21,146.34537842226464,-67.13537842226465,67.13537842226465,Gradient Boosting
AWS,Lambda,ap-south-1,287,175.78,263.27,78.84,99.04771583190453,-20.207715831904522,20.207715831904522,Gradient Boosting
Azure,Virtual Machines,centralindia,54,148.41,168.34,78.79,146.4204471836167,-67.63044718361668,67.63044718361668,Gradient Boosting
GCP,Cloud Functions,asia-south1,290,126.93,1707.16,78.66,90.2068643116582,-11.546864311658197,11.546864311658197,Gradient Boosting
AWS,RDS,eu-west-1,121,607.47,573.71,78.64,142.6414061178134,-64.0014061178134,64.0014061178134,Gradient Boosting
Azure,Virtual Machines,eastus,131,335.31,240.79,78.38,160.68482724950863,-82.30482724950863,82.30482724950863,Gradient Boosting
AWS,Lambda,ap-south-1,250,426.15,263.16,78.37,98.52001431448741,-20.150014314487407,20.150014314487407,Gradient Boosting
AWS,RDS,us-east-1,95,132.87,128.38,78.36,130.7601703781783,-52.40017037817829,52.40017037817829,Gradient Boosting
GCP,Cloud Storage,us-central1,579,75.61,271.52,78.34,107.07918519565399,-28.739185195653988,28.739185195653988,Gradient Boosting
GCP,Compute Engine,asia-south1,188,348.4,333.77,78.27,145.0001103411829,-66.73011034118291,66.73011034118291,Gradient Boosting
AWS,Lambda,us-west-2,261,97.84,894.21,78.22,95.57920678046224,-17.359206780462245,17.359206780462245,Gradient Boosting
GCP,Cloud Functions,europe-west1,272,276.5,311.99,78.2,76.72490893183901,1.4750910681609923,1.4750910681609923,Gradient Boosting
AWS,S3,us-east-1,192,65.92,158.29,78.17,46.23319042009165,31.93680957990835,31.93680957990835,Gradient Boosting
GCP,Cloud Functions,europe-west1,254,621.9,967.71,78.14,84.22593888707894,-6.085938887078939,6.085938887078939,Gradient Boosting
GCP,Cloud Storage,asia-south1,89,309.84,2082.73,78.02,80.14373304351332,-2.123733043513326,2.123733043513326,Gradient Boosting
Azure,Virtual Machines,westus,105,121.36,681.25,78.01,173.52649838428815,-95.51649838428814,95.51649838428814,Gradient Boosting
AWS,S3,us-east-1,639,164.4,315.76,77.92,116.54523578849539,-38.62523578849539,38.62523578849539,Gradient Boosting
Azure,Functions,westeurope,265,74.35,1939.81,77.9,110.35989085369523,-32.45989085369523,32.45989085369523,Gradient Boosting
AWS,S3,us-east-1,647,325.67,375.63,77.86,116.95065617396617,-39.09065617396617,39.09065617396617,Gradient Boosting
Azure,Azure SQL,westus,110,183.12,458.59,77.8,180.81448491751058,-103.01448491751059,103.01448491751059,Gradient Boosting
Azure,Functions,eastus,286,522.41,303.58,77.77,97.1153825912148,-19.3453825912148,19.3453825912148,Gradient Boosting
GCP,Cloud Storage,us-west1,652,319.67,255.17,77.66,114.69695541599725,-37.036955415997255,37.036955415997255,Gradient Boosting
AWS,RDS,us-east-1,116,157.57,493.3,77.62,141.79428763957318,-64.17428763957318,64.17428763957318,Gradient Boosting
AWS,RDS,eu-west-1,79,203.85,854.57,77.62,160.0209551084918,-82.40095510849179,82.40095510849179,Gradient Boosting
AWS,Lambda,ap-south-1,222,77.28,583.42,77.6,95.57920678046224,-17.97920678046225,17.97920678046225,Gradient Boosting
GCP,Cloud Functions,asia-south1,351,208.1,164.93,77.59,89.11069124566323,-11.52069124566323,11.52069124566323,Gradient Boosting
Azure,Virtual Machines,eastus,112,363.06,377.5,77.57,163.09227001514492,-85.52227001514493,85.52227001514493,Gradient Boosting
GCP,Cloud Functions,us-west1,106,271.07,1146.0,77.42,81.0009241780495,-3.5809241780495,3.5809241780495,Gradient Boosting
GCP,Cloud Storage,us-west1,244,26.57,1580.0,77.41,73.8583870404578,3.5516129595421972,3.5516129595421972,Gradient Boosting
AWS,S3,eu-west-1,343,187.47,1389.35,77.39,77.59070985003432,-0.20070985003431474,0.20070985003431474,Gradient Boosting
GCP,Cloud SQL,europe-west1,125,167.95,476.13,77.35,129.0231574611235,-51.67315746112351,51.67315746112351,Gradient Boosting
AWS,S3,us-east-1,190,322.09,327.33,77.26,44.82614247219002,32.433857527809984,32.433857527809984,Gradient Boosting
Azure,Virtual Machines,westus,151,389.19,301.17,77.23,166.3720196467764,-89.1420196467764,89.1420196467764,Gradient Boosting
AWS,Lambda,eu-west-1,264,46.09,138.66,77.16,97.92356838744142,-20.763568387441424,20.763568387441424,Gradient Boosting
GCP,Compute Engine,europe-west1,207,185.15,139.87,77.16,142.7281009081201,-65.5681009081201,65.5681009081201,Gradient Boosting
GCP,Cloud Functions,europe-west1,324,304.72,405.29,77.15,83.07749552915794,-5.927495529157937,5.927495529157937,Gradient Boosting
Azure,Functions,westus,206,285.5,553.21,77.04,84.50549128564694,-7.465491285646934,7.465491285646934,Gradient Boosting
GCP,Cloud Storage,europe-west1,622,97.17,213.32,77.0,109.20863595468002,-32.20863595468002,32.20863595468002,Gradient Boosting
Azure,Blob Storage,centralindia,582,246.64,256.64,76.98,96.25051375717467,-19.27051375717467,19.27051375717467,Gradient Boosting
Azure,Azure SQL,westus,94,149.55,1102.13,76.93,189.70092801581123,-112.77092801581122,112.77092801581122,Gradient Boosting
GCP,Cloud Storage,europe-west1,89,171.3,1652.27,76.9,68.53735526692468,8.362644733075328,8.362644733075328,Gradient Boosting
GCP,Compute Engine,europe-west1,144,154.35,968.16,76.88,144.4362657704117,-67.5562657704117,67.5562657704117,Gradient Boosting
GCP,Cloud Functions,us-central1,249,194.31,1138.68,76.87,89.47466470990206,-12.604664709902053,12.604664709902053,Gradient Boosting
AWS,S3,us-west-2,551,356.99,257.4,76.65,104.14877159859712,-27.498771598597116,27.498771598597116,Gradient Boosting
Azure,Functions,westus,251,76.35,350.08,76.51,86.8415915661715,-10.331591566171497,10.331591566171497,Gradient Boosting
GCP,Cloud Functions,us-central1,180,183.39,2582.43,76.46,93.95762909370364,-17.49762909370365,17.49762909370365,Gradient Boosting
Azure,Blob Storage,eastus,515,84.9,468.04,76.45,87.98843211759906,-11.538432117599058,11.538432117599058,Gradient Boosting
Azure,Blob Storage,westus,528,122.4,191.94,76.44,88.36910284781787,-11.929102847817873,11.929102847817873,Gradient Boosting
Azure,Functions,eastus,237,128.97,589.7,76.42,92.97748629971433,-16.557486299714327,16.557486299714327,Gradient Boosting
Azure,Functions,westeurope,204,163.44,255.96,76.42,83.46869004310209,-7.048690043102084,7.048690043102084,Gradient Boosting
GCP,Cloud Functions,us-west1,426,298.68,92.66,76.35,116.77580203877943,-40.42580203877944,40.42580203877944,Gradient Boosting
AWS,S3,eu-west-1,469,209.28,403.41,76.35,92.39635047765586,-16.046350477655864,16.046350477655864,Gradient Boosting
GCP,Cloud SQL,us-west1,194,175.91,307.22,76.34,147.3151753484321,-70.97517534843209,70.97517534843209,Gradient Boosting
GCP,Cloud Functions,europe-west1,240,238.67,808.18,76.3,83.43400163719852,-7.134001637198523,7.134001637198523,Gradient Boosting
GCP,Cloud Functions,europe-west1,268,324.91,872.29,76.26,83.43400163719852,-7.174001637198515,7.174001637198515,Gradient Boosting
Azure,Virtual Machines,eastus,110,129.61,423.11,76.25,163.31638035211208,-87.06638035211208,87.06638035211208,Gradient Boosting
AWS,Lambda,us-west-2,226,349.69,534.94,76.17,99.4531362173753,-23.2831362173753,23.2831362173753,Gradient Boosting
Azure,Blob Storage,eastus,551,166.77,142.95,76.14,93.41925219083784,-17.279252190837838,17.279252190837838,Gradient Boosting
Azure,Blob Storage,westeurope,594,105.75,410.04,76.04,96.3981991978004,-20.35819919780039,20.35819919780039,Gradient Boosting
AWS,S3,ap-south-1,195,351.05,645.8,75.98,59.16032978921989,16.819670210780117,16.819670210780117,Gradient Boosting
AWS,S3,eu-west-1,652,367.42,200.66,75.91,116.51845743236828,-40.60845743236828,40.60845743236828,Gradient Boosting
GCP,Compute Engine,asia-south1,83,98.15,310.49,75.89,113.30358200394357,-37.413582003943574,37.413582003943574,Gradient Boosting
GCP,Cloud Storage,asia-south1,544,460.96,499.41,75.77,104.72791781451923,-28.957917814519234,28.957917814519234,Gradient Boosting
GCP,Cloud Storage,europe-west1,391,148.39,678.93,75.76,73.38745353426386,2.37254646573615,2.37254646573615,Gradient Boosting
AWS,S3,us-east-1,682,187.96,664.19,75.53,130.82360009740535,-55.293600097405346,55.293600097405346,Gradient Boosting
AWS,EC2,eu-west-1,137,154.4,322.05,75.5,178.13282523532968,-102.63282523532968,102.63282523532968,Gradient Boosting
Azure,Blob Storage,westeurope,364,102.27,715.61,75.3,69.82100673618106,5.478993263818936,5.478993263818936,Gradient Boosting
AWS,S3,us-west-2,247,73.06,2830.13,75.25,108.41034709994906,-33.160347099949064,33.160347099949064,Gradient Boosting
AWS,S3,us-west-2,223,152.72,613.05,75.22,62.083504725881234,13.136495274118765,13.136495274118765,Gradient Boosting
GCP,Compute Engine,europe-west1,194,185.89,930.63,75.22,156.5577137898532,-81.33771378985321,81.33771378985321,Gradient Boosting
AWS,S3,us-west-2,535,503.94,284.48,75.15,98.68322710629869,-23.533227106298682,23.533227106298682,Gradient Boosting
AWS,Lambda,eu-west-1,272,144.55,466.04,75.1,99.4531362173753,-24.353136217375308,24.353136217375308,Gradient Boosting
Azure,Blob Storage,eastus,555,361.4,850.42,75.09,107.4365368742302,-32.346536874230196,32.346536874230196,Gradient Boosting
GCP,Cloud Functions,us-central1,282,286.3,306.19,75.01,76.72490893183901,-1.7149089318390054,1.7149089318390054,Gradient Boosting
AWS,EC2,eu-west-1,90,236.84,548.83,74.99,165.36293530190324,-90.37293530190324,90.37293530190324,Gradient Boosting
GCP,Cloud Functions,us-central1,149,306.5,213.57,74.87,66.88148651519738,7.988513484802624,7.988513484802624,Gradient Boosting
AWS,S3,us-east-1,391,227.79,989.05,74.83,88.7817240587439,-13.951724058743906,13.951724058743906,Gradient Boosting
GCP,Cloud Functions,us-central1,262,88.67,560.95,74.8,81.05224814594541,-6.252248145945416,6.252248145945416,Gradient Boosting
GCP,Cloud Functions,asia-south1,234,142.47,701.04,74.76,83.43400163719852,-8.674001637198515,8.674001637198515,Gradient Boosting
Azure,Functions,westeurope,115,151.31,273.57,74.76,69.32956339312143,5.4304366068785725,5.4304366068785725,Gradient Boosting
GCP,Cloud Storage,europe-west1,594,170.77,364.83,74.67,107.69015556970727,-33.02015556970727,33.02015556970727,Gradient Boosting
GCP,Cloud Storage,us-central1,220,122.32,71.18,74.66,47.81335347078492,26.84664652921508,26.84664652921508,Gradient Boosting
Azure,Blob Storage,westeurope,60,193.26,347.12,74.66,34.362076311819955,40.29792368818004,40.29792368818004,Gradient Boosting
GCP,Cloud Storage,us-central1,646,193.22,554.27,74.49,114.19061239900827,-39.70061239900828,39.70061239900828,Gradient Boosting
AWS,Lambda,ap-south-1,189,90.36,218.11,74.49,91.77894788202099,-17.28894788202099,17.28894788202099,Gradient Boosting
AWS,Lambda,eu-west-1,234,340.67,155.25,74.45,97.69945805047426,-23.24945805047426,23.24945805047426,Gradient Boosting
Azure,Blob Storage,eastus,510,236.87,199.13,74.42,84.0231929228193,-9.603192922819304,9.603192922819304,Gradient Boosting
Azure,Blob Storage,centralindia,693,414.91,131.45,74.28,108.15152409796573,-33.87152409796573,33.87152409796573,Gradient Boosting
Azure,Functions,westeurope,277,79.5,602.66,74.23,92.97748629971433,-18.747486299714325,18.747486299714325,Gradient Boosting
Azure,Functions,westus,210,371.06,1195.89,74.2,90.84130012370365,-16.641300123703644,16.641300123703644,Gradient Boosting
GCP,Cloud Functions,us-west1,275,388.99,223.55,74.18,75.37665115040875,-1.1966511504087407,1.1966511504087407,Gradient Boosting
AWS,S3,us-east-1,438,49.65,325.05,74.05,85.0370519154304,-10.9870519154304,10.9870519154304,Gradient Boosting
GCP,Cloud Functions,us-central1,259,139.06,724.11,73.92,83.43400163719852,-9.514001637198518,9.514001637198518,Gradient Boosting
AWS,S3,eu-west-1,164,164.15,246.31,73.87,43.032208239907376,30.837791760092628,30.837791760092628,Gradient Boosting
AWS,S3,ap-south-1,520,169.85,473.99,73.74,92.9301783493389,-19.190178349338908,19.190178349338908,Gradient Boosting
GCP,Cloud Storage,asia-south1,584,162.92,205.83,73.66,106.98982086216311,-33.32982086216312,33.32982086216312,Gradient Boosting
AWS,Lambda,ap-south-1,43,55.19,640.32,73.63,83.1613719608802,-9.531371960880207,9.531371960880207,Gradient Boosting
AWS,S3,us-west-2,488,220.73,670.09,73.61,104.65468162651734,-31.044681626517345,31.044681626517345,Gradient Boosting
AWS,S3,eu-west-1,495,454.51,564.28,73.59,90.53161650882598,-16.941616508825973,16.941616508825973,Gradient Boosting
Azure,Azure SQL,eastus,221,87.01,302.52,73.54,210.0717732419328,-136.5317732419328,136.5317732419328,Gradient Boosting
AWS,S3,ap-south-1,417,323.35,621.05,73.53,89.96024376037828,-16.430243760378275,16.430243760378275,Gradient Boosting
GCP,Cloud Functions,europe-west1,53,76.11,378.39,73.51,62.76943459856191,10.740565401438097,10.740565401438097,Gradient Boosting
AWS,S3,eu-west-1,537,213.32,671.97,73.46,113.85438088110033,-40.39438088110033,40.39438088110033,Gradient Boosting
Azure,Blob Storage,westus,546,187.57,228.84,73.4,91.41437627861657,-18.014376278616567,18.014376278616567,Gradient Boosting
Azure,Blob Storage,centralindia,553,181.58,389.88,73.29,95.17293035773888,-21.88293035773887,21.88293035773887,Gradient Boosting
AWS,RDS,ap-south-1,126,122.24,105.94,73.28,140.39769212646397,-67.11769212646396,67.11769212646396,Gradient Boosting
Azure,Functions,eastus,139,188.84,304.46,73.27,76.12230917337862,-2.8523091733786288,2.8523091733786288,Gradient Boosting
AWS,S3,eu-west-1,138,139.9,185.31,73.19,41.68395045847711,31.506049541522884,31.506049541522884,Gradient Boosting
Azure,Blob Storage,centralindia,431,129.29,868.05,73.17,78.86024021253472,-5.690240212534718,5.690240212534718,Gradient Boosting
GCP,Cloud Storage,asia-south1,123,98.29,589.6,72.85,53.22297163466139,19.627028365338603,19.627028365338603,Gradient Boosting
Azure,Blob Storage,westeurope,141,248.04,341.18,72.83,45.03168412699062,27.79831587300938,27.79831587300938,Gradient Boosting
Azure,Blob Storage,westeurope,461,196.12,549.22,72.8,86.11135983286654,-13.311359832866543,13.311359832866543,Gradient Boosting
AWS,S3,ap-south-1,500,348.41,208.33,72.75,90.64267231075482,-17.89267231075482,17.89267231075482,Gradient Boosting
Azure,Azure SQL,eastus,98,304.65,607.14,72.73,184.96779240957997,-112.23779240957997,112.23779240957997,Gradient Boosting
GCP,Cloud SQL,europe-west1,141,223.6,956.65,72.73,143.73399709302643,-71.00399709302643,71.00399709302643,Gradient Boosting
Azure,Blob Storage,westeurope,442,212.64,613.34,72.71,89.7000607780933,-16.99006077809331,16.99006077809331,Gradient Boosting
GCP,Compute Engine,us-west1,142,610.66,141.83,72.68,128.4780904479214,-55.798090447921396,55.798090447921396,Gradient Boosting
GCP,Cloud Storage,europe-west1,124,322.9,489.99,72.64,41.99834448751975,30.64165551248025,30.64165551248025,Gradient Boosting
AWS,S3,us-east-1,481,905.78,371.09,72.63,93.62452371384524,-20.99452371384524,20.99452371384524,Gradient Boosting
GCP,Cloud Functions,asia-south1,309,307.96,471.06,72.56,79.666866688644,-7.106866688644004,7.106866688644004,Gradient Boosting
GCP,Cloud Storage,us-central1,114,26.76,189.98,72.37,36.25564751144161,36.114352488558396,36.114352488558396,Gradient Boosting
GCP,Cloud Functions,us-west1,295,284.86,171.44,72.37,75.37665115040875,-3.006651150408743,3.006651150408743,Gradient Boosting
AWS,S3,eu-west-1,492,351.37,654.23,72.31,104.65468162651734,-32.34468162651734,32.34468162651734,Gradient Boosting
GCP,Cloud Functions,europe-west1,240,115.01,728.17,72.3,83.65811197416568,-11.35811197416568,11.35811197416568,Gradient Boosting
Azure,Blob Storage,eastus,205,421.82,152.19,72.28,47.054781373818635,25.225218626181366,25.225218626181366,Gradient Boosting
AWS,S3,us-west-2,23,144.08,340.66,72.17,90.05215402601479,-17.88215402601479,17.88215402601479,Gradient Boosting
Azure,Blob Storage,eastus,487,837.3,580.19,72.16,93.05231468845403,-20.892314688454036,20.892314688454036,Gradient Boosting
GCP,Cloud Storage,us-central1,194,325.35,235.03,72.14,48.02541217986771,24.114587820132293,24.114587820132293,Gradient Boosting
GCP,Compute Engine,us-west1,109,39.28,975.72,72.13,135.77326145752,-63.64326145752,63.64326145752,Gradient Boosting
Azure,Blob Storage,eastus,471,305.19,398.55,72.1,80.81760208339801,-8.71760208339802,8.71760208339802,Gradient Boosting
AWS,Lambda,eu-west-1,235,254.31,289.44,71.97,99.04771583190453,-27.077715831904527,27.077715831904527,Gradient Boosting
Azure,Blob Storage,westus,95,516.04,478.48,71.89,40.74346786749029,31.146532132509712,31.146532132509712,Gradient Boosting
Azure,Virtual Machines,eastus,45,82.27,918.2,71.88,170.61066160344012,-98.73066160344013,98.73066160344013,Gradient Boosting
AWS,EC2,eu-west-1,57,527.23,1972.06,71.81,193.97928167183292,-122.16928167183292,122.16928167183292,Gradient Boosting
GCP,Cloud Storage,asia-south1,192,304.05,681.7,71.71,56.968914907008866,14.741085092991128,14.741085092991128,Gradient Boosting
Azure,Blob Storage,centralindia,525,167.98,88.34,71.66,88.14499251085071,-16.484992510850716,16.484992510850716,Gradient Boosting
GCP,Cloud Storage,us-central1,147,475.89,287.0,71.64,43.64483921874479,27.99516078125521,27.99516078125521,Gradient Boosting
Azure,Blob Storage,centralindia,485,177.64,1027.36,71.62,94.93668184311244,-23.316681843112434,23.316681843112434,Gradient Boosting
Azure,Functions,westus,132,89.42,178.69,71.6,69.31096933164771,2.2890306683522823,2.2890306683522823,Gradient Boosting
AWS,S3,us-west-2,233,305.73,1304.42,71.54,66.1435695217781,5.396430478221902,5.396430478221902,Gradient Boosting
AWS,RDS,ap-south-1,126,110.51,158.16,71.53,140.39769212646397,-68.86769212646396,68.86769212646396,Gradient Boosting
GCP,Cloud Functions,asia-south1,315,133.05,217.11,71.39,77.5464081582195,-6.156408158219506,6.156408158219506,Gradient Boosting
GCP,Cloud Storage,europe-west1,590,278.6,263.32,71.36,107.2847351842365,-35.924735184236496,35.924735184236496,Gradient Boosting
GCP,Compute Engine,us-central1,149,120.32,193.84,71.29,120.81699779069983,-49.526997790699824,49.526997790699824,Gradient Boosting
AWS,Lambda,us-east-1,192,101.21,620.23,71.29,92.65603184380086,-21.366031843800855,21.366031843800855,Gradient Boosting
Azure,Azure SQL,eastus,88,489.3,254.07,71.2,167.2088201135941,-96.0088201135941,96.0088201135941,Gradient Boosting
GCP,Cloud SQL,europe-west1,121,162.61,484.13,71.11,127.91760407813408,-56.80760407813408,56.80760407813408,Gradient Boosting
GCP,Cloud Storage,us-central1,501,77.06,426.55,71.11,86.9768913770001,-15.866891377000101,15.866891377000101,Gradient Boosting
GCP,Cloud Storage,us-central1,534,83.79,194.06,70.91,97.57188865592164,-26.661888655921643,26.661888655921643,Gradient Boosting
GCP,Cloud Storage,asia-south1,224,341.71,564.93,70.82,48.005888849306025,22.814111150693968,22.814111150693968,Gradient Boosting
AWS,Lambda,eu-west-1,103,131.22,233.78,70.82,81.12756674778092,-10.307566747780925,10.307566747780925,Gradient Boosting
GCP,Cloud Storage,us-west1,475,54.27,289.62,70.79,86.57147099152932,-15.781470991529318,15.781470991529318,Gradient Boosting
AWS,S3,us-east-1,620,115.56,163.85,70.67,113.85606822850666,-43.186068228506656,43.186068228506656,Gradient Boosting
Azure,Functions,westeurope,193,46.97,317.28,70.44,83.69280038006924,-13.252800380069246,13.252800380069246,Gradient Boosting
Azure,Functions,eastus,208,239.16,986.13,70.43,89.83020102608579,-19.40020102608578,19.40020102608578,Gradient Boosting
AWS,S3,us-east-1,39,194.45,574.25,70.32,56.14853151595342,14.17146848404657,14.17146848404657,Gradient Boosting
AWS,S3,eu-west-1,466,289.73,183.53,70.32,90.64267231075482,-20.322672310754825,20.322672310754825,Gradient Boosting
AWS,S3,us-west-2,591,101.57,80.33,70.25,113.26029746296116,-43.01029746296116,43.01029746296116,Gradient Boosting
Azure,Blob Storage,eastus,449,39.57,1020.4,70.17,95.1607921800796,-24.990792180079595,24.990792180079595,Gradient Boosting
AWS,S3,us-east-1,523,135.89,207.76,70.15,90.83963093470055,-20.689630934700546,20.689630934700546,Gradient Boosting
GCP,Cloud SQL,europe-west1,113,78.58,178.34,70.04,124.14447775791287,-54.10447775791286,54.10447775791286,Gradient Boosting
Azure,Functions,eastus,276,467.37,173.66,69.93,84.51590568091609,-14.585905680916085,14.585905680916085,Gradient Boosting
GCP,Cloud Storage,us-central1,120,104.48,745.42,69.87,55.38053193487073,14.489468065129273,14.489468065129273,Gradient Boosting
GCP,Cloud Storage,us-central1,433,602.02,836.34,69.86,82.3265003408919,-12.466500340891898,12.466500340891898,Gradient Boosting
Azure,Blob Storage,eastus,395,99.05,1141.26,69.84,88.54896848007414,-18.708968480074134,18.708968480074134,Gradient Boosting
GCP,Cloud Storage,us-central1,577,330.67,613.01,69.79,115.63153123561389,-45.841531235613886,45.841531235613886,Gradient Boosting
GCP,Cloud Storage,us-central1,242,80.83,599.56,69.7,55.98590943358206,13.714090566417944,13.714090566417944,Gradient Boosting
Azure,Blob Storage,westus,585,69.5,356.6,69.65,96.88004447961261,-27.2300444796126,27.2300444796126,Gradient Boosting
Azure,Blob Storage,centralindia,77,215.68,1059.0,69.62,64.64378764757785,4.976212352422152,4.976212352422152,Gradient Boosting
AWS,S3,ap-south-1,172,233.52,210.35,69.62,41.68395045847711,27.93604954152289,27.93604954152289,Gradient Boosting
AWS,S3,us-east-1,476,81.36,644.22,69.54,104.8787919634845,-35.338791963484496,35.338791963484496,Gradient Boosting
GCP,Cloud Storage,us-central1,323,232.93,1102.43,69.53,76.28903570475167,-6.759035704751668,6.759035704751668,Gradient Boosting
GCP,Cloud Functions,europe-west1,231,209.79,154.84,69.51,75.37665115040875,-5.866651150408742,5.866651150408742,Gradient Boosting
Azure,Blob Storage,centralindia,293,388.8,1324.19,69.32,68.7659386210307,0.5540613789692941,0.5540613789692941,Gradient Boosting
Azure,Blob Storage,eastus,484,855.92,461.76,69.25,84.03322601049894,-14.783226010498936,14.783226010498936,Gradient Boosting
GCP,Cloud SQL,europe-west1,103,120.1,142.25,69.24,124.14447775791287,-54.90447775791287,54.90447775791287,Gradient Boosting
GCP,Cloud Functions,us-central1,207,478.17,333.54,69.2,73.27403247776051,-4.074032477760511,4.074032477760511,Gradient Boosting
GCP,Compute Engine,us-central1,126,66.76,846.09,69.19,136.87881484050934,-67.68881484050934,67.68881484050934,Gradient Boosting
AWS,S3,eu-west-1,547,150.36,116.69,69.12,100.79563790494555,-31.675637904945546,31.675637904945546,Gradient Boosting
Azure,Functions,centralindia,229,97.57,759.27,69.08,92.97748629971433,-23.89748629971433,23.89748629971433,Gradient Boosting
Azure,Functions,centralindia,174,228.47,283.19,68.94,76.12230917337862,-7.182309173378627,7.182309173378627,Gradient Boosting
AWS,S3,eu-west-1,82,60.74,1082.55,68.91,60.33467492897155,8.575325071028445,8.575325071028445,Gradient Boosting
Azure,Blob Storage,eastus,503,282.4,112.54,68.91,79.06392391649698,-10.153923916496979,10.153923916496979,Gradient Boosting
AWS,Lambda,us-east-1,116,195.55,186.17,68.88,80.63715646383223,-11.757156463832231,11.757156463832231,Gradient Boosting
GCP,Cloud Storage,us-central1,504,140.89,316.14,68.83,86.34736065456217,-17.517360654562168,17.517360654562168,Gradient Boosting
AWS,S3,us-east-1,508,171.88,439.12,68.83,92.39635047765586,-23.56635047765586,23.56635047765586,Gradient Boosting
Azure,Blob Storage,eastus,232,403.46,1427.62,68.8,68.24517401073531,0.5548259892646854,0.5548259892646854,Gradient Boosting
Azure,Blob Storage,westus,482,143.47,324.25,68.75,80.41218169792724,-11.662181697927238,11.662181697927238,Gradient Boosting
Azure,Functions,westeurope,249,149.05,205.35,68.74,85.0436071983332,-16.30360719833321,16.30360719833321,Gradient Boosting
AWS,RDS,us-west-2,208,281.0,399.02,68.7,170.91805684079372,-102.21805684079372,102.21805684079372,Gradient Boosting
GCP,Cloud Storage,asia-south1,350,122.95,892.1,68.65,72.03435779383335,-3.3843577938333453,3.3843577938333453,Gradient Boosting
AWS,S3,us-east-1,460,267.64,919.94,68.58,104.65468162651734,-36.074681626517346,36.074681626517346,Gradient Boosting
GCP,Cloud Storage,us-central1,489,113.39,388.19,68.55,86.9768913770001,-18.426891377000103,18.426891377000103,Gradient Boosting
GCP,Cloud Storage,asia-south1,129,108.26,903.03,68.51,58.95275257669323,9.557247423306777,9.557247423306777,Gradient Boosting
AWS,S3,us-west-2,573,102.71,297.35,68.48,104.37288193556428,-35.892881935564276,35.892881935564276,Gradient Boosting
GCP,Cloud Storage,europe-west1,159,256.96,1395.46,68.24,64.21349980250653,4.026500197493462,4.026500197493462,Gradient Boosting
Azure,Blob Storage,westeurope,409,158.46,1031.25,68.18,80.37607904230597,-12.196079042305968,12.196079042305968,Gradient Boosting
AWS,S3,us-east-1,416,329.29,612.96,68.16,89.96024376037828,-21.80024376037828,21.80024376037828,Gradient Boosting
AWS,EC2,eu-west-1,87,238.74,258.53,68.15,160.8889138992121,-92.7389138992121,92.7389138992121,Gradient Boosting
GCP,Cloud Functions,us-central1,293,296.46,638.65,68.14,83.43400163719852,-15.29400163719852,15.29400163719852,Gradient Boosting
GCP,Compute Engine,us-west1,83,215.99,2201.57,68.11,156.06550020268378,-87.95550020268378,87.95550020268378,Gradient Boosting
AWS,S3,ap-south-1,483,147.64,432.67,68.04,92.39635047765586,-24.35635047765585,24.35635047765585,Gradient Boosting
AWS,S3,us-east-1,441,330.57,617.34,68.02,102.53060095234596,-34.51060095234597,34.51060095234597,Gradient Boosting
AWS,S3,us-east-1,331,132.66,122.04,68.01,55.341493485208815,12.66850651479119,12.66850651479119,Gradient Boosting
GCP,Compute Engine,us-west1,118,116.06,442.86,67.97,118.88550594049853,-50.915505940498534,50.915505940498534,Gradient Boosting
GCP,Compute Engine,europe-west1,92,176.9,469.76,67.77,125.335054336537,-57.565054336537,57.565054336537,Gradient Boosting
GCP,Compute Engine,europe-west1,146,193.06,204.16,67.76,128.3744487206022,-60.6144487206022,60.6144487206022,Gradient Boosting
AWS,Lambda,eu-west-1,173,64.15,570.57,67.7,91.69406630969179,-23.99406630969179,23.99406630969179,Gradient Boosting
GCP,Cloud Functions,europe-west1,341,126.2,1234.5,67.52,103.2750341255157,-35.75503412551571,35.75503412551571,Gradient Boosting
Azure,Virtual Machines,westus,162,313.3,183.38,67.51,165.02376186534616,-97.51376186534615,97.51376186534615,Gradient Boosting
Azure,Functions,eastus,281,142.73,683.28,67.48,92.75337596274717,-25.273375962747167,25.273375962747167,Gradient Boosting
GCP,Cloud SQL,us-west1,137,425.87,202.85,67.4,140.0881591850458,-72.6881591850458,72.6881591850458,Gradient Boosting
Azure,Blob Storage,westeurope,597,349.03,91.45,67.35,95.01618145947772,-27.666181459477727,27.666181459477727,Gradient Boosting
Azure,Blob Storage,westeurope,24,88.17,531.4,67.32,66.20897559905022,1.1110244009497734,1.1110244009497734,Gradient Boosting
Azure,Virtual Machines,eastus,83,162.73,1351.42,67.24,175.8165120771736,-108.5765120771736,108.5765120771736,Gradient Boosting
AWS,RDS,eu-west-1,203,207.87,472.08,67.21,170.91805684079372,-103.70805684079373,103.70805684079373,Gradient Boosting
Azure,Blob Storage,westeurope,457,211.51,427.87,67.19,80.81760208339801,-13.627602083398017,13.627602083398017,Gradient Boosting
AWS,Lambda,ap-south-1,273,250.19,764.58,67.12,95.35509644349509,-28.23509644349508,28.23509644349508,Gradient Boosting
GCP,Cloud Functions,us-west1,224,142.62,327.94,67.01,76.72490893183901,-9.714908931839005,9.714908931839005,Gradient Boosting
AWS,S3,us-east-1,425,124.94,212.35,66.92,74.99859253823094,-8.078592538230936,8.078592538230936,Gradient Boosting
GCP,Cloud Storage,europe-west1,404,323.59,592.71,66.64,77.48274227109577,-10.842742271095773,10.842742271095773,Gradient Boosting
GCP,Cloud SQL,asia-south1,131,90.31,125.8,66.42,130.2120222853064,-63.7920222853064,63.7920222853064,Gradient Boosting
AWS,RDS,eu-west-1,203,419.92,713.0,66.4,184.56543444630847,-118.16543444630847,118.16543444630847,Gradient Boosting
GCP,Cloud SQL,europe-west1,195,246.43,1227.93,66.39,152.03286699549187,-85.64286699549187,85.64286699549187,Gradient Boosting
GCP,Cloud Functions,us-central1,278,545.16,309.45,66.33,77.51684618171943,-11.186846181719432,11.186846181719432,Gradient Boosting
Azure,Azure SQL,eastus,112,64.85,148.35,66.3,172.99814860326538,-106.69814860326538,106.69814860326538,Gradient Boosting
GCP,Cloud Storage,us-west1,491,160.85,213.95,66.27,84.9991028731319,-18.729102873131907,18.729102873131907,Gradient Boosting
GCP,Cloud Storage,us-central1,322,328.46,697.21,66.14,67.02278288772835,-0.8827828877283537,0.8827828877283537,Gradient Boosting
Azure,Functions,eastus,232,67.24,1039.96,66.13,92.97748629971433,-26.847486299714333,26.847486299714333,Gradient Boosting
GCP,Cloud SQL,europe-west1,66,200.29,1509.78,66.09,137.61951162966662,-71.52951162966662,71.52951162966662,Gradient Boosting
Azure,Blob Storage,westus,482,339.85,234.56,65.98,79.33022386347851,-13.350223863478504,13.350223863478504,Gradient Boosting
AWS,RDS,us-east-1,106,169.57,404.42,65.9,141.79428763957318,-75.89428763957318,75.89428763957318,Gradient Boosting
Azure,Functions,westus,33,159.56,505.87,65.81,118.75737148618724,-52.94737148618724,52.94737148618724,Gradient Boosting
AWS,Lambda,ap-south-1,190,226.27,104.66,65.78,91.55483754505383,-25.774837545053828,25.774837545053828,Gradient Boosting
GCP,Cloud Storage,europe-west1,93,320.24,376.7,65.63,39.78488857066645,25.845111429333542,25.845111429333542,Gradient Boosting
Azure,Blob Storage,centralindia,589,285.91,233.06,65.57,95.16855592272594,-29.59855592272595,29.59855592272595,Gradient Boosting
Azure,Blob Storage,centralindia,548,214.24,303.65,65.46,92.76263406004684,-27.30263406004684,27.30263406004684,Gradient Boosting
AWS,Lambda,eu-west-1,69,388.93,935.91,65.45,84.17172623642773,-18.721726236427727,18.721726236427727,Gradient Boosting
AWS,EC2,us-west-2,107,333.94,45.42,65.43,158.67741051548853,-93.24741051548853,93.24741051548853,Gradient Boosting
AWS,S3,eu-west-1,464,102.74,697.46,65.31,104.8787919634845,-39.5687919634845,39.5687919634845,Gradient Boosting
GCP,Compute Engine,asia-south1,144,164.03,512.41,65.16,133.23570265065814,-68.07570265065814,68.07570265065814,Gradient Boosting
AWS,RDS,us-west-2,28,309.28,430.65,65.1,193.36797908076144,-128.26797908076145,128.26797908076145,Gradient Boosting
AWS,RDS,ap-south-1,88,280.56,1752.84,65.09,164.50825211117507,-99.41825211117506,99.41825211117506,Gradient Boosting
Azure,Functions,centralindia,214,314.16,416.97,65.06,86.79728536523425,-21.737285365234243,21.737285365234243,Gradient Boosting
Azure,Virtual Machines,eastus,102,367.86,304.23,65.06,161.01181732405124,-95.95181732405123,95.95181732405123,Gradient Boosting
AWS,S3,eu-west-1,168,55.76,1923.9,65.05,74.0681987679868,-9.018198767986803,9.018198767986803,Gradient Boosting
GCP,Cloud SQL,asia-south1,129,199.61,140.07,65.04,127.35079072839481,-62.31079072839481,62.31079072839481,Gradient Boosting
Azure,Blob Storage,eastus,466,338.75,405.19,65.0,80.81760208339801,-15.817602083398015,15.817602083398015,Gradient Boosting
AWS,S3,us-east-1,403,106.63,499.85,64.92,77.92602294848398,-13.006022948483974,13.006022948483974,Gradient Boosting
AWS,S3,ap-south-1,338,153.35,908.31,64.89,68.26863285433703,-3.3786328543370274,3.3786328543370274,Gradient Boosting
AWS,Lambda,us-west-2,187,395.45,187.89,64.88,91.55483754505383,-26.674837545053833,26.674837545053833,Gradient Boosting
AWS,S3,ap-south-1,430,277.21,424.83,64.86,76.52816036816482,-11.66816036816482,11.66816036816482,Gradient Boosting
GCP,Cloud Storage,us-west1,476,261.48,278.85,64.85,86.34736065456217,-21.497360654562172,21.497360654562172,Gradient Boosting
AWS,S3,us-east-1,63,110.91,885.83,64.53,54.14549610085715,10.38450389914285,10.38450389914285,Gradient Boosting
Azure,Blob Storage,westus,217,114.97,209.76,64.51,47.66577472261846,16.844225277381547,16.844225277381547,Gradient Boosting
GCP,Cloud Functions,europe-west1,275,93.02,445.74,64.46,77.94533035476756,-13.48533035476757,13.48533035476757,Gradient Boosting
GCP,Cloud Storage,us-west1,400,253.16,461.59,64.35,71.0638644751997,-6.713864475199699,6.713864475199699,Gradient Boosting
AWS,S3,us-west-2,451,444.08,243.8,64.27,91.46322857476797,-27.19322857476797,27.19322857476797,Gradient Boosting
GCP,Cloud Storage,europe-west1,423,212.09,287.29,64.27,70.70115547809468,-6.431155478094681,6.431155478094681,Gradient Boosting
GCP,Cloud Functions,europe-west1,258,69.2,147.73,64.25,75.6007614873759,-11.350761487375905,11.350761487375905,Gradient Boosting
Azure,Azure SQL,westeurope,72,304.25,691.28,64.03,169.91762280492725,-105.88762280492725,105.88762280492725,Gradient Boosting
AWS,S3,ap-south-1,351,171.64,576.85,63.92,64.73850719750627,-0.8185071975062641,0.8185071975062641,Gradient Boosting
AWS,S3,us-west-2,377,242.88,518.13,63.64,66.92130803118648,-3.2813080311864837,3.2813080311864837,Gradient Boosting
Azure,Functions,westus,240,185.05,344.6,63.59,86.61748122920434,-23.02748122920434,23.02748122920434,Gradient Boosting
AWS,S3,us-west-2,304,152.57,1189.22,63.58,65.41597054248119,-1.835970542481192,1.835970542481192,Gradient Boosting
AWS,S3,eu-west-1,430,128.59,877.49,63.55,89.01060185399342,-25.460601853993424,25.460601853993424,Gradient Boosting
AWS,S3,ap-south-1,167,499.43,388.94,63.44,47.337141638413456,16.10285836158654,16.10285836158654,Gradient Boosting
AWS,S3,us-east-1,393,293.7,526.85,63.37,80.61868164671436,-17.248681646714367,17.248681646714367,Gradient Boosting
AWS,S3,eu-west-1,387,114.69,612.67,63.31,78.54298990734797,-15.23298990734797,15.23298990734797,Gradient Boosting
GCP,Cloud Storage,us-central1,554,128.98,185.03,63.31,105.73092741422373,-42.420927414223726,42.420927414223726,Gradient Boosting
GCP,Cloud Functions,us-west1,207,208.3,202.66,63.21,72.45347621374736,-9.243476213747364,9.243476213747364,Gradient Boosting
AWS,S3,ap-south-1,108,124.3,627.31,63.19,57.06133288170516,6.128667118294835,6.128667118294835,Gradient Boosting
GCP,Cloud Storage,us-west1,385,520.06,434.97,63.08,63.68821087562334,-0.6082108756233424,0.6082108756233424,Gradient Boosting
Azure,Blob Storage,eastus,539,97.61,242.8,63.08,92.986744397014,-29.906744397013995,29.906744397013995,Gradient Boosting
Azure,Functions,eastus,104,260.29,698.42,62.99,84.48584253652783,-21.495842536527825,21.495842536527825,Gradient Boosting
Azure,Functions,eastus,209,55.84,691.46,62.97,90.05431136305295,-27.084311363052947,27.084311363052947,Gradient Boosting
AWS,S3,us-west-2,383,111.18,225.73,62.87,65.3917402012526,-2.521740201252605,2.521740201252605,Gradient Boosting
AWS,Lambda,us-west-2,275,75.55,548.39,62.81,99.67724655434246,-36.86724655434246,36.86724655434246,Gradient Boosting
GCP,Cloud SQL,europe-west1,53,100.68,472.75,62.77,122.90100770979365,-60.13100770979364,60.13100770979364,Gradient Boosting
Azure,Functions,westus,326,172.41,164.44,62.75,92.21198826593867,-29.461988265938672,29.461988265938672,Gradient Boosting
Azure,Virtual Machines,westus,96,186.48,595.65,62.72,172.19448551345707,-109.47448551345707,109.47448551345707,Gradient Boosting
Azure,Blob Storage,centralindia,665,225.55,434.77,62.71,106.92467459448618,-44.214674594486176,44.214674594486176,Gradient Boosting
GCP,Cloud Functions,europe-west1,248,114.8,375.9,62.61,77.35443965427694,-14.744439654276945,14.744439654276945,Gradient Boosting
Azure,Blob Storage,westus,481,220.39,273.95,62.55,80.41218169792724,-17.86218169792724,17.86218169792724,Gradient Boosting
Azure,Blob Storage,westus,523,447.41,260.27,62.34,88.96554877486386,-26.62554877486386,26.62554877486386,Gradient Boosting
GCP,Cloud Functions,us-west1,266,146.64,232.31,62.18,75.64295109739028,-13.462951097390281,13.462951097390281,Gradient Boosting
AWS,S3,us-west-2,380,157.47,199.45,62.05,65.16762986428544,-3.1176298642854476,3.1176298642854476,Gradient Boosting
GCP,Compute Engine,asia-south1,110,188.16,636.55,61.99,143.3307123874223,-81.34071238742229,81.34071238742229,Gradient Boosting
AWS,Lambda,us-west-2,179,394.5,136.47,61.91,91.55483754505383,-29.644837545053832,29.644837545053832,Gradient Boosting
GCP,Compute Engine,asia-south1,131,160.94,239.86,61.89,123.58683741231866,-61.69683741231866,61.69683741231866,Gradient Boosting
Azure,Blob Storage,centralindia,439,405.92,274.31,61.73,75.93143485249182,-14.201434852491822,14.201434852491822,Gradient Boosting
AWS,Lambda,ap-south-1,29,160.27,329.44,61.7,136.44618114876016,-74.74618114876016,74.74618114876016,Gradient Boosting
AWS,Lambda,ap-south-1,199,238.05,167.22,61.69,94.77628311381288,-33.08628311381288,33.08628311381288,Gradient Boosting
AWS,S3,us-east-1,55,428.35,302.39,61.66,33.75765955600938,27.902340443990617,27.902340443990617,Gradient Boosting
AWS,S3,eu-west-1,405,418.28,339.84,61.64,77.52210847548692,-15.882108475486916,15.882108475486916,Gradient Boosting
Azure,Blob Storage,eastus,406,243.63,400.13,61.57,66.887535409723,-5.317535409723,5.317535409723,Gradient Boosting
GCP,Cloud Storage,europe-west1,181,743.31,424.75,61.42,49.900343974808656,11.519656025191345,11.519656025191345,Gradient Boosting
Azure,Blob Storage,westeurope,382,385.94,559.29,61.42,70.5399230945902,-9.119923094590192,9.119923094590192,Gradient Boosting
GCP,Cloud Functions,us-central1,317,294.23,1227.14,61.3,90.62634799563133,-29.326347995631338,29.326347995631338,Gradient Boosting
AWS,S3,ap-south-1,331,56.26,912.35,61.29,68.49274319130419,-7.202743191304187,7.202743191304187,Gradient Boosting
Azure,Virtual Machines,westus,212,304.48,100.03,61.23,172.3701427350696,-111.14014273506962,111.14014273506962,Gradient Boosting
AWS,Lambda,ap-south-1,217,471.66,344.81,61.22,98.74563056392829,-37.52563056392829,37.52563056392829,Gradient Boosting
Azure,Virtual Machines,westus,83,215.49,275.16,61.21,157.51034607858986,-96.30034607858985,96.30034607858985,Gradient Boosting
GCP,Cloud Functions,us-west1,200,49.11,1855.0,61.2,86.09705448330445,-24.897054483304444,24.897054483304444,Gradient Boosting
GCP,Cloud Storage,us-west1,422,111.08,569.63,61.18,71.74368829544864,-10.563688295448635,10.563688295448635,Gradient Boosting
GCP,Cloud Functions,asia-south1,197,346.02,144.76,61.16,72.45347621374736,-11.293476213747368,11.293476213747368,Gradient Boosting
AWS,Lambda,us-east-1,193,77.64,666.64,61.15,92.65603184380086,-31.506031843800862,31.506031843800862,Gradient Boosting
AWS,S3,us-east-1,447,108.03,239.78,61.08,91.76636373670631,-30.686363736706312,30.686363736706312,Gradient Boosting
AWS,Lambda,us-east-1,190,202.49,538.73,61.06,94.90253750338357,-33.84253750338357,33.84253750338357,Gradient Boosting
AWS,RDS,us-west-2,247,335.27,343.67,60.99,190.92427423008306,-129.93427423008305,129.93427423008305,Gradient Boosting
GCP,Cloud SQL,europe-west1,71,414.36,496.95,60.98,122.90100770979365,-61.92100770979365,61.92100770979365,Gradient Boosting
Azure,Blob Storage,westeurope,195,242.01,558.57,60.94,52.29066217748238,8.649337822517616,8.649337822517616,Gradient Boosting
Azure,Blob Storage,eastus,109,54.88,285.98,60.93,36.64341064283102,24.286589357168978,24.286589357168978,Gradient Boosting
GCP,Cloud SQL,europe-west1,139,166.23,317.57,60.91,139.96879447870862,-79.05879447870862,79.05879447870862,Gradient Boosting
GCP,Cloud Storage,us-west1,444,167.44,366.8,60.91,86.75278104003294,-25.842781040032946,25.842781040032946,Gradient Boosting
AWS,EC2,ap-south-1,69,254.06,1415.2,60.9,183.3811964691315,-122.4811964691315,122.4811964691315,Gradient Boosting
AWS,S3,eu-west-1,428,102.39,110.07,60.88,74.99859253823094,-14.118592538230935,14.118592538230935,Gradient Boosting
Azure,Azure SQL,centralindia,115,200.53,279.49,60.74,174.12229604772847,-113.38229604772846,113.38229604772846,Gradient Boosting
Azure,Functions,centralindia,147,124.23,185.94,60.73,74.99816172891552,-14.268161728915523,14.268161728915523,Gradient Boosting
AWS,S3,ap-south-1,355,136.8,621.15,60.69,68.26863285433703,-7.57863285433703,7.57863285433703,Gradient Boosting
GCP,Cloud Storage,asia-south1,123,245.82,1014.93,60.64,57.62308885673669,3.0169111432633073,3.0169111432633073,Gradient Boosting
GCP,Compute Engine,europe-west1,72,487.83,338.45,60.51,122.02083904419865,-61.510839044198654,61.510839044198654,Gradient Boosting
AWS,S3,ap-south-1,385,166.84,465.3,60.48,66.92130803118648,-6.441308031186487,6.441308031186487,Gradient Boosting
AWS,Lambda,eu-west-1,163,56.13,1709.24,60.46,96.77962673976901,-36.319626739769014,36.319626739769014,Gradient Boosting
GCP,Cloud Functions,europe-west1,212,152.02,1104.43,60.24,86.55148977324068,-26.311489773240673,26.311489773240673,Gradient Boosting
Azure,Azure SQL,westeurope,233,286.99,1107.11,60.14,224.1974020285534,-164.05740202855338,164.05740202855338,Gradient Boosting
AWS,S3,eu-west-1,513,288.83,253.87,60.13,92.52475796386813,-32.39475796386812,32.39475796386812,Gradient Boosting
GCP,Cloud Storage,us-west1,266,213.2,361.27,60.11,49.34292130071881,10.767078699281193,10.767078699281193,Gradient Boosting
GCP,Cloud SQL,us-central1,101,119.15,546.62,60.02,127.24938794817363,-67.22938794817364,67.22938794817364,Gradient Boosting
AWS,S3,us-east-1,315,155.39,707.99,59.96,60.16927085489199,-0.20927085489199015,0.20927085489199015,Gradient Boosting
Azure,Azure SQL,eastus,84,63.91,217.72,59.89,165.12364741506556,-105.23364741506556,105.23364741506556,Gradient Boosting
GCP,Cloud SQL,europe-west1,46,175.94,398.45,59.79,122.90100770979365,-63.11100770979365,63.11100770979365,Gradient Boosting
AWS,S3,us-east-1,411,151.11,154.58,59.73,75.94823444461578,-16.21823444461578,16.21823444461578,Gradient Boosting
Azure,Blob Storage,westeurope,53,250.52,664.77,59.69,51.37093480965301,8.31906519034699,8.31906519034699,Gradient Boosting
AWS,S3,us-east-1,43,165.02,199.97,59.65,25.003396425437437,34.64660357456256,34.64660357456256,Gradient Boosting
AWS,S3,ap-south-1,64,176.53,121.42,59.63,23.76893181292275,35.86106818707725,35.86106818707725,Gradient Boosting
Azure,Blob Storage,centralindia,490,186.44,205.04,59.55,79.06392391649698,-19.513923916496978,19.513923916496978,Gradient Boosting
AWS,S3,eu-west-1,237,661.12,396.84,59.47,51.91410642287631,7.55589357712369,7.55589357712369,Gradient Boosting
Azure,Blob Storage,centralindia,527,63.86,203.58,59.44,88.36910284781787,-28.929102847817873,28.929102847817873,Gradient Boosting
AWS,S3,eu-west-1,268,180.29,838.72,59.35,62.083504725881234,-2.7335047258812324,2.7335047258812324,Gradient Boosting
AWS,S3,ap-south-1,201,82.9,1091.13,59.32,63.16894855090003,-3.848948550900033,3.848948550900033,Gradient Boosting
AWS,S3,us-east-1,131,77.81,292.44,59.26,39.4918868282965,19.768113171703497,19.768113171703497,Gradient Boosting
Azure,Virtual Machines,eastus,80,123.9,490.32,59.24,162.20847781824816,-102.96847781824815,102.96847781824815,Gradient Boosting
Azure,Virtual Machines,eastus,35,176.84,144.21,59.13,238.96818036043823,-179.83818036043823,179.83818036043823,Gradient Boosting
GCP,Cloud Functions,us-central1,116,95.01,957.84,58.82,77.16496971911981,-18.34496971911981,18.34496971911981,Gradient Boosting
GCP,Cloud Storage,europe-west1,81,35.94,246.49,58.8,35.53497750494251,23.265022495057487,23.265022495057487,Gradient Boosting
GCP,Cloud Storage,us-central1,411,243.13,341.19,58.63,70.88406033916979,-12.25406033916979,12.25406033916979,Gradient Boosting
GCP,Cloud Functions,us-west1,205,125.39,190.39,58.63,72.67758655071452,-14.04758655071452,14.04758655071452,Gradient Boosting
AWS,Lambda,ap-south-1,174,403.0,278.79,58.54,88.77816002551968,-30.238160025519683,30.238160025519683,Gradient Boosting
Azure,Blob Storage,centralindia,411,126.93,753.7,58.5,77.32971384049995,-18.82971384049995,18.82971384049995,Gradient Boosting
Azure,Blob Storage,westeurope,223,89.94,528.05,58.46,50.546589586503764,7.913410413496237,7.913410413496237,Gradient Boosting
AWS,S3,ap-south-1,380,101.61,82.9,58.45,65.3917402012526,-6.9417402012526,6.9417402012526,Gradient Boosting
Azure,Virtual Machines,westus,90,506.85,312.07,58.18,159.26330858253576,-101.08330858253575,101.08330858253575,Gradient Boosting
Azure,Blob Storage,westus,476,103.38,366.9,58.15,81.04171242036517,-22.891712420365174,22.891712420365174,Gradient Boosting
AWS,EC2,ap-south-1,135,67.14,195.7,58.12,173.45034678310523,-115.33034678310523,115.33034678310523,Gradient Boosting
Azure,Virtual Machines,westeurope,86,734.08,237.1,57.94,157.65656148033057,-99.71656148033057,99.71656148033057,Gradient Boosting
Azure,Functions,westus,259,225.02,435.42,57.93,86.79728536523425,-28.867285365234245,28.867285365234245,Gradient Boosting
AWS,S3,us-west-2,395,107.01,531.19,57.84,80.84279198368152,-23.00279198368152,23.00279198368152,Gradient Boosting
Azure,Functions,eastus,105,304.04,429.01,57.82,72.8425595417471,-15.022559541747093,15.022559541747093,Gradient Boosting
GCP,Cloud Storage,europe-west1,358,523.35,430.59,57.69,63.716639652017435,-6.026639652017437,6.026639652017437,Gradient Boosting
AWS,RDS,eu-west-1,94,246.63,451.7,57.63,140.68638510570926,-83.05638510570927,83.05638510570927,Gradient Boosting
AWS,Lambda,us-east-1,204,176.06,462.61,57.59,96.52996128071392,-38.939961280713916,38.939961280713916,Gradient Boosting
Azure,Blob Storage,eastus,410,366.52,101.61,57.58,64.56726145633607,-6.987261456336071,6.987261456336071,Gradient Boosting
GCP,Cloud Storage,us-west1,360,190.91,362.27,57.47,62.924702402137015,-5.454702402137016,5.454702402137016,Gradient Boosting
Azure,Blob Storage,eastus,500,256.74,240.88,57.27,80.41218169792724,-23.142181697927235,23.142181697927235,Gradient Boosting
AWS,EC2,eu-west-1,72,110.54,442.01,57.26,163.7791113918863,-106.5191113918863,106.5191113918863,Gradient Boosting
Azure,Blob Storage,centralindia,65,140.18,297.02,57.21,32.542438270950385,24.667561729049616,24.667561729049616,Gradient Boosting
Azure,Functions,eastus,215,259.35,232.73,57.17,85.30990714531474,-28.139907145314737,28.139907145314737,Gradient Boosting
AWS,S3,ap-south-1,364,167.14,481.33,57.09,56.871061315142704,0.2189386848572994,0.2189386848572994,Gradient Boosting
AWS,EC2,ap-south-1,79,486.25,652.26,56.89,178.97454254051812,-122.08454254051811,122.08454254051811,Gradient Boosting
AWS,RDS,eu-west-1,89,715.04,211.57,56.79,131.40641241084433,-74.61641241084433,74.61641241084433,Gradient Boosting
GCP,Cloud Storage,us-west1,113,143.71,318.09,56.5,37.379794955904714,19.120205044095286,19.120205044095286,Gradient Boosting
GCP,Cloud Storage,europe-west1,405,170.82,200.05,56.47,69.31018630829865,-12.840186308298655,12.840186308298655,Gradient Boosting
Azure,Blob Storage,westeurope,215,328.68,1041.1,56.36,59.99647475102216,-3.6364747510221633,3.6364747510221633,Gradient Boosting
Azure,Blob Storage,centralindia,352,48.02,778.66,56.31,69.82100673618106,-13.51100673618106,13.51100673618106,Gradient Boosting
GCP,Cloud Functions,europe-west1,194,328.64,388.13,56.25,74.79804508113902,-18.548045081139023,18.548045081139023,Gradient Boosting
AWS,S3,us-west-2,379,271.14,519.29,56.1,66.92130803118648,-10.821308031186483,10.821308031186483,Gradient Boosting
AWS,S3,us-east-1,230,1019.3,326.62,56.07,51.508686037405525,4.561313962594475,4.561313962594475,Gradient Boosting
GCP,Cloud Storage,us-west1,43,343.93,239.3,56.05,29.246762333214804,26.803237666785193,26.803237666785193,Gradient Boosting
Azure,Functions,westus,194,350.34,1378.6,55.85,91.50717040510062,-35.65717040510062,35.65717040510062,Gradient Boosting
Azure,Blob Storage,westeurope,468,326.02,570.3,55.74,86.52436192778256,-30.784361927782562,30.784361927782562,Gradient Boosting
Azure,Functions,eastus,254,288.84,296.03,55.68,86.39186497976347,-30.71186497976347,30.71186497976347,Gradient Boosting
AWS,Lambda,us-east-1,188,79.77,160.43,55.35,91.77894788202099,-36.428947882020985,36.428947882020985,Gradient Boosting
GCP,Cloud Storage,europe-west1,439,170.84,69.1,55.32,80.53358775569932,-25.213587755699315,25.213587755699315,Gradient Boosting
Azure,Blob Storage,westeurope,321,421.65,337.84,55.23,52.29064783337004,2.939352166629959,2.939352166629959,Gradient Boosting
AWS,Lambda,eu-west-1,177,125.72,630.26,55.2,91.02860806647051,-35.82860806647051,35.82860806647051,Gradient Boosting
Azure,Blob Storage,westeurope,431,126.52,322.03,55.16,66.45200689932936,-11.292006899329365,11.292006899329365,Gradient Boosting
Azure,Functions,westeurope,183,378.99,243.73,55.02,80.24724447434303,-25.22724447434303,25.22724447434303,Gradient Boosting
Azure,Functions,centralindia,162,148.03,839.46,54.95,85.59139591951721,-30.64139591951721,30.64139591951721,Gradient Boosting
AWS,EC2,us-east-1,66,462.42,1035.06,54.78,178.76528833051793,-123.98528833051793,123.98528833051793,Gradient Boosting
AWS,RDS,us-east-1,93,295.76,392.73,54.73,140.68638510570926,-85.95638510570927,85.95638510570927,Gradient Boosting
GCP,Cloud Functions,us-central1,227,156.29,498.62,54.6,77.7212200178004,-23.121220017800404,23.121220017800404,Gradient Boosting
AWS,S3,eu-west-1,309,274.77,689.82,54.57,60.16927085489199,-5.599270854891991,5.599270854891991,Gradient Boosting
AWS,Lambda,us-west-2,150,271.77,138.35,54.56,87.42990224408942,-32.86990224408942,32.86990224408942,Gradient Boosting
Azure,Blob Storage,westeurope,254,186.2,878.2,54.52,57.862625291296055,-3.342625291296052,3.342625291296052,Gradient Boosting
GCP,Cloud SQL,asia-south1,109,179.85,157.7,54.5,124.14447775791287,-69.64447775791287,69.64447775791287,Gradient Boosting
GCP,Cloud Storage,us-central1,225,389.63,1596.55,54.45,71.81145944329195,-17.36145944329195,17.36145944329195,Gradient Boosting
GCP,Cloud Storage,us-west1,325,247.48,835.82,54.38,69.48945014656147,-15.109450146561464,15.109450146561464,Gradient Boosting
Azure,Functions,westus,209,251.1,56.23,54.36,82.12043226167182,-27.760432261671824,27.760432261671824,Gradient Boosting
AWS,RDS,us-west-2,45,439.56,1026.97,54.3,157.30907053362105,-103.00907053362106,103.00907053362106,Gradient Boosting
AWS,Lambda,us-east-1,167,254.38,513.5,54.24,92.29115617414534,-38.05115617414534,38.05115617414534,Gradient Boosting
GCP,Cloud Functions,asia-south1,188,69.41,231.71,54.19,70.3499880906931,-16.159988090693105,16.159988090693105,Gradient Boosting
GCP,Cloud SQL,us-west1,52,528.07,334.7,54.19,119.44453980642373,-65.25453980642374,65.25453980642374,Gradient Boosting
AWS,S3,ap-south-1,341,67.48,772.78,54.09,68.49274319130419,-14.402743191304182,14.402743191304182,Gradient Boosting
AWS,S3,us-east-1,294,130.66,598.52,54.07,62.30761506284839,-8.237615062848391,8.237615062848391,Gradient Boosting
GCP,Cloud SQL,asia-south1,104,301.87,397.64,54.05,125.81684449064166,-71.76684449064166,71.76684449064166,Gradient Boosting
Azure,Blob Storage,eastus,104,205.21,522.37,54.01,41.05943315147377,12.950566848526229,12.950566848526229,Gradient Boosting
Azure,Blob Storage,westeurope,363,60.78,316.05,53.96,59.88798961803933,-5.927989618039327,5.927989618039327,Gradient Boosting
GCP,Compute Engine,asia-south1,224,106.02,478.03,53.88,146.35316780083446,-92.47316780083446,92.47316780083446,Gradient Boosting
Azure,Functions,centralindia,195,79.68,756.33,53.88,90.05431136305295,-36.174311363052944,36.174311363052944,Gradient Boosting
GCP,Compute Engine,asia-south1,111,413.53,50.04,53.72,120.89340741778382,-67.17340741778382,67.17340741778382,Gradient Boosting
AWS,S3,us-west-2,24,531.36,333.73,53.63,92.00685418662668,-38.37685418662668,38.37685418662668,Gradient Boosting
AWS,EC2,us-east-1,105,27.63,986.91,53.61,183.0590945832889,-129.4490945832889,129.4490945832889,Gradient Boosting
GCP,Cloud Storage,us-central1,322,563.18,191.13,53.48,59.642164174811676,-6.162164174811679,6.162164174811679,Gradient Boosting
Azure,Functions,westus,55,116.06,495.65,53.46,70.15083309786624,-16.69083309786624,16.69083309786624,Gradient Boosting
AWS,S3,eu-west-1,502,95.5,317.46,53.41,92.21504042915224,-38.80504042915224,38.80504042915224,Gradient Boosting
AWS,S3,us-east-1,198,91.53,109.99,53.36,46.23319042009165,7.126809579908347,7.126809579908347,Gradient Boosting
AWS,Lambda,eu-west-1,185,240.86,149.02,53.33,91.55483754505383,-38.22483754505383,38.22483754505383,Gradient Boosting
GCP,Cloud SQL,asia-south1,61,181.54,900.34,53.15,132.29684039595548,-79.14684039595548,79.14684039595548,Gradient Boosting
Azure,Functions,westus,143,128.15,1537.54,53.03,88.12865800400553,-35.09865800400553,35.09865800400553,Gradient Boosting
GCP,Cloud Functions,us-central1,54,165.24,762.09,52.99,74.53618897875128,-21.54618897875128,21.54618897875128,Gradient Boosting
Azure,Azure SQL,westeurope,80,100.78,111.14,52.89,171.2529420570732,-118.3629420570732,118.3629420570732,Gradient Boosting
Azure,Functions,westeurope,206,316.51,834.23,52.76,89.83020102608579,-37.07020102608579,37.07020102608579,Gradient Boosting
Azure,Blob Storage,westeurope,285,162.87,429.85,52.74,49.19534255255235,3.544657447447655,3.544657447447655,Gradient Boosting
GCP,Cloud Storage,us-central1,275,334.43,653.09,52.47,55.7617990966149,-3.291799096614902,3.291799096614902,Gradient Boosting
GCP,Cloud Functions,us-central1,205,154.3,292.59,52.42,73.80173399517763,-21.381733995177626,21.381733995177626,Gradient Boosting
AWS,Lambda,us-west-2,166,329.85,695.12,52.42,88.19311640026513,-35.773116400265124,35.773116400265124,Gradient Boosting
AWS,S3,us-east-1,434,86.39,151.1,52.4,74.99859253823094,-22.59859253823094,22.59859253823094,Gradient Boosting
GCP,Cloud SQL,europe-west1,110,71.5,113.75,52.39,124.14447775791287,-71.75447775791287,71.75447775791287,Gradient Boosting
GCP,Cloud Storage,us-central1,346,135.21,445.73,52.27,62.924702402137015,-10.654702402137012,10.654702402137012,Gradient Boosting
GCP,Cloud Storage,europe-west1,193,218.43,1090.02,52.22,65.09932666492541,-12.879326664925415,12.879326664925415,Gradient Boosting
GCP,Compute Engine,europe-west1,115,186.82,185.75,52.1,117.62358179247072,-65.52358179247071,65.52358179247071,Gradient Boosting
AWS,S3,eu-west-1,381,41.2,631.69,52.08,78.54298990734797,-26.462989907347975,26.462989907347975,Gradient Boosting
AWS,S3,us-west-2,348,153.48,232.61,52.07,55.383683095223184,-3.3136830952231833,3.3136830952231833,Gradient Boosting
Azure,Blob Storage,westus,409,283.75,357.98,52.03,66.32093962323711,-14.290939623237108,14.290939623237108,Gradient Boosting
Azure,Functions,westeurope,208,152.44,247.62,51.91,83.46869004310209,-31.55869004310209,31.55869004310209,Gradient Boosting
Azure,Functions,westus,155,479.97,410.77,51.79,87.19235962267871,-35.40235962267871,35.40235962267871,Gradient Boosting
GCP,Cloud Storage,europe-west1,499,151.52,169.19,51.79,84.9991028731319,-33.209102873131904,33.209102873131904,Gradient Boosting
AWS,RDS,eu-west-1,97,145.85,340.36,51.72,138.30308648278165,-86.58308648278165,86.58308648278165,Gradient Boosting
GCP,Cloud Storage,us-central1,351,481.65,314.95,51.63,61.991580499249096,-10.361580499249094,10.361580499249094,Gradient Boosting
AWS,S3,us-west-2,257,133.41,475.84,51.46,50.910043523654096,0.5499564763459048,0.5499564763459048,Gradient Boosting
GCP,Cloud Storage,us-central1,116,57.0,188.48,51.38,36.25564751144161,15.124352488558394,15.124352488558394,Gradient Boosting
Azure,Blob Storage,eastus,308,60.19,386.74,51.38,47.36995406876001,4.010045931239993,4.010045931239993,Gradient Boosting
AWS,S3,us-east-1,355,77.24,165.73,51.31,55.341493485208815,-4.031493485208813,4.031493485208813,Gradient Boosting
Azure,Blob Storage,westus,332,141.99,824.53,51.25,69.5968963992139,-18.346896399213904,18.346896399213904,Gradient Boosting
Azure,Virtual Machines,centralindia,82,209.19,304.19,51.12,157.51034607858986,-106.39034607858986,106.39034607858986,Gradient Boosting
GCP,Cloud Functions,asia-south1,206,70.4,505.97,50.86,75.02215541810618,-24.16215541810618,24.16215541810618,Gradient Boosting
AWS,S3,ap-south-1,378,44.78,161.91,50.81,65.3917402012526,-14.5817402012526,14.5817402012526,Gradient Boosting
GCP,Cloud Storage,us-west1,355,284.97,525.68,50.65,62.924702402137015,-12.274702402137017,12.274702402137017,Gradient Boosting
Azure,Blob Storage,westeurope,316,321.42,403.83,50.65,47.14584373179285,3.504156268207147,3.504156268207147,Gradient Boosting
Azure,Azure SQL,westeurope,72,131.44,223.54,50.6,144.68021693524994,-94.08021693524995,94.08021693524995,Gradient Boosting
GCP,Cloud Storage,us-central1,173,82.9,1330.36,50.52,64.40792222658304,-13.887922226583036,13.887922226583036,Gradient Boosting
GCP,Cloud Storage,us-west1,350,369.93,373.4,50.51,62.924702402137015,-12.414702402137017,12.414702402137017,Gradient Boosting
AWS,S3,ap-south-1,275,98.58,322.39,50.42,50.50462313818331,-0.08462313818331069,0.08462313818331069,Gradient Boosting
Azure,Blob Storage,westus,196,98.29,1504.07,50.41,69.24628522179324,-18.836285221793247,18.836285221793247,Gradient Boosting
GCP,Cloud Functions,us-central1,185,227.87,166.91,50.37,69.85957780674441,-19.489577806744414,19.489577806744414,Gradient Boosting
GCP,Cloud Storage,asia-south1,312,132.19,231.38,50.27,50.02530008861007,0.24469991138993663,0.24469991138993663,Gradient Boosting
GCP,Cloud Storage,europe-west1,279,223.54,335.54,50.21,48.93750091524802,1.2724990847519777,1.2724990847519777,Gradient Boosting
Azure,Functions,westeurope,177,278.64,121.4,50.19,78.89898669291277,-28.708986692912774,28.708986692912774,Gradient Boosting
GCP,Cloud SQL,us-west1,120,47.9,341.88,50.12,127.1921929130799,-77.0721929130799,77.0721929130799,Gradient Boosting
AWS,Lambda,eu-west-1,228,212.67,168.62,50.07,97.69945805047426,-47.62945805047426,47.62945805047426,Gradient Boosting
GCP,Cloud Storage,us-west1,316,260.34,401.29,50.02,51.28856797156243,-1.268567971562426,1.268567971562426,Gradient Boosting
AWS,S3,us-west-2,148,240.54,231.34,49.96,41.95025040545864,8.009749594541361,8.009749594541361,Gradient Boosting
AWS,S3,us-west-2,183,111.97,739.37,49.95,58.44726652525102,-8.497266525251014,8.497266525251014,Gradient Boosting
AWS,Lambda,us-west-2,224,97.64,427.57,49.94,99.67724655434246,-49.73724655434246,49.73724655434246,Gradient Boosting
GCP,Cloud Storage,europe-west1,365,127.29,749.49,49.8,69.56769053500024,-19.76769053500024,19.76769053500024,Gradient Boosting
GCP,Cloud Storage,us-central1,272,124.09,581.18,49.63,55.279813257084086,-5.649813257084084,5.649813257084084,Gradient Boosting
Azure,Blob Storage,eastus,303,143.78,529.28,49.58,48.27298042877711,1.307019571222888,1.307019571222888,Gradient Boosting
AWS,EC2,eu-west-1,66,104.43,408.74,49.57,163.7791113918863,-114.2091113918863,114.2091113918863,Gradient Boosting
Azure,Functions,eastus,186,93.27,845.13,49.56,88.4268875857226,-38.866887585722594,38.866887585722594,Gradient Boosting
AWS,S3,eu-west-1,279,156.77,487.94,49.53,50.68593318668694,-1.1559331866869371,1.1559331866869371,Gradient Boosting
AWS,Lambda,ap-south-1,97,234.6,1854.44,49.44,94.3026142738595,-44.862614273859506,44.862614273859506,Gradient Boosting
GCP,Cloud Functions,europe-west1,215,202.47,129.16,49.43,75.37665115040875,-25.946651150408748,25.946651150408748,Gradient Boosting
AWS,S3,us-east-1,217,365.87,702.47,49.43,62.083504725881234,-12.653504725881234,12.653504725881234,Gradient Boosting
Azure,Functions,eastus,163,100.19,738.64,49.42,85.81550625648437,-36.39550625648437,36.39550625648437,Gradient Boosting
GCP,Cloud Storage,asia-south1,92,83.44,1412.39,49.41,63.457072747543975,-14.047072747543979,14.047072747543979,Gradient Boosting
GCP,Cloud Storage,us-west1,49,154.67,831.36,49.34,54.707252075888675,-5.367252075888672,5.367252075888672,Gradient Boosting
AWS,S3,us-east-1,132,225.72,106.82,49.34,37.91951870989908,11.420481290100923,11.420481290100923,Gradient Boosting
GCP,Compute Engine,europe-west1,93,162.01,161.81,49.3,116.51567925860681,-67.21567925860681,67.21567925860681,Gradient Boosting
AWS,RDS,ap-south-1,53,328.9,891.65,49.24,156.6023074385235,-107.36230743852349,107.36230743852349,Gradient Boosting
Azure,Functions,westus,179,336.89,1232.59,49.24,89.2138763463733,-39.973876346373295,39.973876346373295,Gradient Boosting
GCP,Cloud Storage,asia-south1,301,114.12,229.85,49.19,50.02530008861007,-0.8353000886100688,0.8353000886100688,Gradient Boosting
GCP,Compute Engine,asia-south1,86,130.51,275.06,49.12,119.9172857474737,-70.7972857474737,70.7972857474737,Gradient Boosting
AWS,RDS,eu-west-1,68,527.68,254.17,49.05,133.7723565137172,-84.7223565137172,84.7223565137172,Gradient Boosting
GCP,Cloud Storage,asia-south1,175,161.82,1118.93,49.0,65.52822779791624,-16.528227797916244,16.528227797916244,Gradient Boosting
GCP,Cloud Functions,us-central1,158,303.52,1043.47,48.95,78.04641276514204,-29.096412765142034,29.096412765142034,Gradient Boosting
Azure,Functions,eastus,152,325.87,729.24,48.94,85.59139591951721,-36.65139591951721,36.65139591951721,Gradient Boosting
GCP,Cloud Storage,us-central1,124,194.84,109.75,48.93,37.137090557463836,11.792909442536164,11.792909442536164,Gradient Boosting
Azure,Functions,eastus,187,134.42,400.03,48.82,82.24668665124251,-33.42668665124251,33.42668665124251,Gradient Boosting
AWS,S3,eu-west-1,383,87.87,251.34,48.69,66.73999798268287,-18.049997982682868,18.049997982682868,Gradient Boosting
GCP,Compute Engine,us-central1,94,323.56,346.1,48.62,126.91152185409399,-78.29152185409399,78.29152185409399,Gradient Boosting
GCP,Cloud Functions,us-central1,25,166.87,435.71,48.61,119.73456505367875,-71.12456505367875,71.12456505367875,Gradient Boosting
AWS,S3,us-west-2,205,684.42,676.84,48.57,60.38850302540926,-11.818503025409257,11.818503025409257,Gradient Boosting
AWS,S3,eu-west-1,22,303.34,280.5,48.47,91.21491693674626,-42.744916936746264,42.744916936746264,Gradient Boosting
GCP,Compute Engine,europe-west1,96,200.95,974.17,48.42,142.22280985355837,-93.80280985355837,93.80280985355837,Gradient Boosting
Azure,Blob Storage,westeurope,435,292.32,405.36,48.4,66.63331694783298,-18.233316947832982,18.233316947832982,Gradient Boosting
AWS,S3,us-east-1,238,234.91,726.97,48.34,62.083504725881234,-13.74350472588123,13.74350472588123,Gradient Boosting
Azure,Blob Storage,centralindia,161,247.13,194.2,48.28,41.863788304690765,6.4162116953092365,6.4162116953092365,Gradient Boosting
Azure,Blob Storage,centralindia,439,97.33,93.41,48.15,74.80728740802871,-26.657287408028715,26.657287408028715,Gradient Boosting
AWS,RDS,us-east-1,101,123.61,94.59,48.12,133.30061636957421,-85.18061636957421,85.18061636957421,Gradient Boosting
GCP,Cloud Functions,us-central1,188,126.73,188.57,48.1,70.08368814371157,-21.983688143711568,21.983688143711568,Gradient Boosting
AWS,S3,eu-west-1,288,83.87,316.22,48.06,50.50462313818331,-2.44462313818331,2.44462313818331,Gradient Boosting
Azure,Functions,centralindia,57,586.37,2981.49,48.06,110.84898055780982,-62.78898055780982,62.78898055780982,Gradient Boosting
GCP,Cloud Functions,asia-south1,200,158.07,219.6,47.9,72.45347621374736,-24.553476213747366,24.553476213747366,Gradient Boosting
AWS,S3,eu-west-1,360,103.85,447.07,47.86,57.09517165210986,-9.235171652109862,9.235171652109862,Gradient Boosting
AWS,S3,ap-south-1,209,428.99,750.2,47.69,58.63262827180277,-10.942628271802775,10.942628271802775,Gradient Boosting
Azure,Functions,eastus,115,132.39,155.24,47.69,68.20541594865833,-20.51541594865833,20.51541594865833,Gradient Boosting
AWS,S3,us-east-1,356,208.2,633.05,47.68,68.26863285433703,-20.58863285433703,20.58863285433703,Gradient Boosting
GCP,Cloud Functions,us-west1,181,807.78,307.31,47.51,72.43600882436405,-24.926008824364054,24.926008824364054,Gradient Boosting
Azure,Blob Storage,westeurope,142,450.31,1051.77,47.45,56.99847291579939,-9.548472915799387,9.548472915799387,Gradient Boosting
Azure,Azure SQL,eastus,49,455.95,502.71,47.38,159.5059674634025,-112.1259674634025,112.1259674634025,Gradient Boosting
Azure,Blob Storage,eastus,354,196.29,254.69,47.31,59.66387928107217,-12.353879281072167,12.353879281072167,Gradient Boosting
AWS,Lambda,eu-west-1,124,81.35,231.13,47.25,82.2331201307703,-34.9831201307703,34.9831201307703,Gradient Boosting
Azure,Blob Storage,westus,359,286.36,439.31,47.18,60.06929966654295,-12.889299666542954,12.889299666542954,Gradient Boosting
GCP,Cloud SQL,us-central1,31,395.94,406.1,47.01,167.99670694399197,-120.98670694399198,120.98670694399198,Gradient Boosting
GCP,Cloud SQL,asia-south1,58,226.55,657.34,46.99,132.29684039595548,-85.30684039595548,85.30684039595548,Gradient Boosting
GCP,Cloud SQL,europe-west1,93,217.76,1174.51,46.96,138.76157559525376,-91.80157559525375,91.80157559525375,Gradient Boosting
GCP,Cloud SQL,asia-south1,95,313.17,360.37,46.93,124.70894195677769,-77.77894195677769,77.77894195677769,Gradient Boosting
Azure,Blob Storage,westeurope,321,186.16,190.25,46.89,51.47009156935689,-4.580091569356888,4.580091569356888,Gradient Boosting
AWS,S3,us-east-1,311,62.12,387.0,46.83,48.99580965266479,-2.165809652664791,2.165809652664791,Gradient Boosting
AWS,RDS,us-west-2,66,404.75,180.68,46.82,119.45714486313318,-72.63714486313319,72.63714486313319,Gradient Boosting
GCP,Cloud Functions,europe-west1,149,335.07,534.69,46.72,72.33363114574392,-25.613631145743923,25.613631145743923,Gradient Boosting
GCP,Cloud Storage,asia-south1,243,525.97,587.44,46.69,56.55373634649532,-9.863736346495322,9.863736346495322,Gradient Boosting
Azure,Blob Storage,centralindia,366,106.45,342.32,46.63,60.11360586748021,-13.483605867480208,13.483605867480208,Gradient Boosting
AWS,Lambda,us-west-2,235,163.98,608.96,46.59,95.35509644349509,-48.76509644349508,48.76509644349508,Gradient Boosting
Azure,Virtual Machines,westus,42,84.95,435.73,46.58,160.40054357126405,-113.82054357126405,113.82054357126405,Gradient Boosting
AWS,S3,ap-south-1,308,241.21,466.83,46.55,48.77169931569763,-2.2216993156976343,2.2216993156976343,Gradient Boosting
GCP,Cloud Functions,europe-west1,193,146.64,147.08,46.51,72.45347621374736,-25.943476213747367,25.943476213747367,Gradient Boosting
GCP,Cloud Storage,us-central1,123,638.32,126.53,46.47,36.82347442435487,9.646525575645128,9.646525575645128,Gradient Boosting
AWS,S3,us-east-1,315,285.23,234.1,46.47,47.28432109577811,-0.8143210957781122,0.8143210957781122,Gradient Boosting
GCP,Compute Engine,europe-west1,80,145.4,117.79,46.34,110.12620631537777,-63.78620631537777,63.78620631537777,Gradient Boosting
Azure,Functions,centralindia,168,56.81,201.9,46.33,74.99816172891552,-28.66816172891552,28.66816172891552,Gradient Boosting
Azure,Virtual Machines,eastus,43,1167.23,205.1,46.31,147.6486204198061,-101.33862041980609,101.33862041980609,Gradient Boosting
GCP,Cloud SQL,europe-west1,112,48.77,171.56,46.3,124.14447775791287,-77.84447775791287,77.84447775791287,Gradient Boosting
AWS,EC2,us-east-1,67,120.3,557.95,46.27,163.7791113918863,-117.50911139188628,117.50911139188628,Gradient Boosting
GCP,Compute Engine,europe-west1,62,287.68,505.0,46.22,126.796945714866,-80.576945714866,80.576945714866,Gradient Boosting
AWS,Lambda,us-west-2,121,191.12,353.78,46.21,85.49841039388815,-39.28841039388815,39.28841039388815,Gradient Boosting
AWS,Lambda,us-west-2,148,175.26,1253.21,46.21,92.25318119616198,-46.043181196161974,46.043181196161974,Gradient Boosting
Azure,Blob Storage,eastus,281,95.73,421.68,46.15,49.419452889519505,-3.2694528895195063,3.2694528895195063,Gradient Boosting
Azure,Virtual Machines,westeurope,96,180.79,391.14,46.1,161.984367481281,-115.884367481281,115.884367481281,Gradient Boosting
GCP,Cloud Storage,us-west1,185,291.95,1134.11,46.06,66.51486165174796,-20.45486165174796,20.45486165174796,Gradient Boosting
Azure,Blob Storage,westeurope,178,369.75,189.41,46.03,44.361037322476705,1.6689626775232966,1.6689626775232966,Gradient Boosting
AWS,S3,eu-west-1,224,170.95,443.84,46.03,50.68593318668694,-4.655933186686937,4.655933186686937,Gradient Boosting
GCP,Cloud Functions,us-west1,132,375.63,1309.27,46.01,82.10647756103889,-36.09647756103889,36.09647756103889,Gradient Boosting
AWS,S3,eu-west-1,345,230.55,220.74,45.96,55.11738314824166,-9.157383148241657,9.157383148241657,Gradient Boosting
AWS,S3,us-west-2,145,186.67,499.43,45.95,46.54520438853304,-0.595204388533034,0.595204388533034,Gradient Boosting
Azure,Blob Storage,westus,259,217.45,173.45,45.93,47.4416643856513,-1.5116643856513008,1.5116643856513008,Gradient Boosting
GCP,Cloud Functions,us-west1,138,779.91,828.01,45.85,79.27458600133141,-33.42458600133141,33.42458600133141,Gradient Boosting
Azure,Functions,centralindia,183,527.2,416.85,45.79,92.97020426269384,-47.18020426269384,47.18020426269384,Gradient Boosting
AWS,EC2,ap-south-1,175,261.75,780.15,45.73,188.74829155438758,-143.0182915543876,143.0182915543876,Gradient Boosting
Azure,Blob Storage,eastus,405,313.66,507.8,45.63,68.87498610063454,-23.24498610063454,23.24498610063454,Gradient Boosting
AWS,EC2,us-west-2,139,185.34,401.89,45.52,181.64582138395537,-136.12582138395535,136.12582138395535,Gradient Boosting
GCP,Cloud Storage,us-west1,285,172.72,524.52,45.51,49.34292130071881,-3.8329213007188088,3.8329213007188088,Gradient Boosting
GCP,Compute Engine,europe-west1,86,102.03,279.94,45.5,113.30358200394357,-67.80358200394357,67.80358200394357,Gradient Boosting
Azure,Virtual Machines,westus,51,204.39,1021.64,45.48,170.38655126647296,-124.90655126647297,124.90655126647297,Gradient Boosting
AWS,S3,us-west-2,197,222.92,173.14,45.47,46.009080083124495,-0.539080083124496,0.539080083124496,Gradient Boosting
GCP,Cloud Storage,us-west1,205,373.88,657.92,45.27,55.93166819568332,-10.661668195683319,10.661668195683319,Gradient Boosting
GCP,Compute Engine,asia-south1,93,97.57,1812.54,45.24,138.8048958507539,-93.56489585075389,93.56489585075389,Gradient Boosting
Azure,Functions,centralindia,153,295.55,409.68,45.2,79.63530532200429,-34.43530532200428,34.43530532200428,Gradient Boosting
GCP,Cloud Functions,asia-south1,150,388.26,1240.88,45.15,82.10647756103889,-36.95647756103889,36.95647756103889,Gradient Boosting
AWS,S3,ap-south-1,284,294.29,592.45,45.03,62.083504725881234,-17.053504725881233,17.053504725881233,Gradient Boosting
GCP,Cloud Functions,us-central1,184,260.14,369.6,44.88,73.20727776507415,-28.32727776507415,28.32727776507415,Gradient Boosting
GCP,Compute Engine,us-central1,237,160.05,207.28,44.86,152.15694056383572,-107.29694056383572,107.29694056383572,Gradient Boosting
GCP,Cloud SQL,europe-west1,69,280.96,366.78,44.86,122.90100770979365,-78.04100770979365,78.04100770979365,Gradient Boosting
AWS,S3,ap-south-1,404,140.13,303.84,44.78,77.29649222604604,-32.51649222604604,32.51649222604604,Gradient Boosting
Azure,Virtual Machines,westeurope,44,310.29,1011.89,44.78,170.38655126647296,-125.60655126647296,125.60655126647296,Gradient Boosting
Azure,Blob Storage,westeurope,328,145.46,163.36,44.76,51.47009156935689,-6.710091569356891,6.710091569356891,Gradient Boosting
Azure,Virtual Machines,westus,62,158.68,1057.98,44.62,178.7975428922796,-134.1775428922796,134.1775428922796,Gradient Boosting
AWS,S3,us-east-1,37,279.95,609.53,44.6,87.58986124260002,-42.98986124260002,42.98986124260002,Gradient Boosting
GCP,Cloud Functions,us-central1,76,186.04,171.21,44.54,58.430976126793276,-13.890976126793277,13.890976126793277,Gradient Boosting
AWS,S3,us-west-2,157,213.46,659.39,44.48,57.94277592772739,-13.462775927727392,13.462775927727392,Gradient Boosting
Azure,Blob Storage,westus,113,196.98,367.48,44.42,39.93229645448952,4.487703545510485,4.487703545510485,Gradient Boosting
Azure,Functions,eastus,151,222.97,447.94,44.37,79.63530532200429,-35.26530532200429,35.26530532200429,Gradient Boosting
Azure,Blob Storage,centralindia,284,69.8,567.85,44.3,52.7869561037811,-8.486956103781104,8.486956103781104,Gradient Boosting
GCP,Cloud SQL,europe-west1,92,87.03,448.34,44.3,124.70894195677769,-80.4089419567777,80.4089419567777,Gradient Boosting
GCP,Cloud Storage,asia-south1,365,157.57,146.45,44.24,61.17102423523594,-16.931024235235938,16.931024235235938,Gradient Boosting
GCP,Cloud SQL,us-west1,132,264.65,367.26,44.22,131.88438901803514,-87.66438901803514,87.66438901803514,Gradient Boosting
Azure,Functions,westeurope,76,134.81,207.07,44.19,65.81237462609758,-21.62237462609758,21.62237462609758,Gradient Boosting
AWS,S3,eu-west-1,59,285.93,203.45,44.15,25.003396425437437,19.146603574562562,19.146603574562562,Gradient Boosting
Azure,Blob Storage,centralindia,303,52.01,659.8,44.07,56.0372368075037,-11.967236807503703,11.967236807503703,Gradient Boosting
AWS,S3,ap-south-1,209,215.97,616.99,44.03,59.16032978921989,-15.130329789219886,15.130329789219886,Gradient Boosting
GCP,Cloud Storage,us-west1,83,435.62,973.79,44.01,55.98748480545568,-11.977484805455681,11.977484805455681,Gradient Boosting
AWS,Lambda,eu-west-1,39,359.0,594.53,44.0,86.85924985387794,-42.85924985387794,42.85924985387794,Gradient Boosting
GCP,Cloud Storage,asia-south1,315,138.02,711.49,43.97,59.86500606766781,-15.895006067667808,15.895006067667808,Gradient Boosting
GCP,Cloud Functions,us-west1,173,116.04,137.76,43.89,67.10559685216454,-23.215596852164538,23.215596852164538,Gradient Boosting
GCP,Cloud Storage,europe-west1,148,263.61,714.9,43.76,56.261974980892965,-12.501974980892967,12.501974980892967,Gradient Boosting
Azure,Blob Storage,eastus,99,319.72,290.43,43.63,37.85184376339586,5.77815623660414,5.77815623660414,Gradient Boosting
Azure,Blob Storage,westus,243,138.93,857.86,43.61,57.862625291296055,-14.252625291296056,14.252625291296056,Gradient Boosting
Azure,Blob Storage,westus,300,71.38,516.76,43.59,50.546589586503764,-6.95658958650376,6.95658958650376,Gradient Boosting
GCP,Cloud Storage,asia-south1,225,115.06,498.6,43.54,49.567031637685965,-6.027031637685965,6.027031637685965,Gradient Boosting
AWS,Lambda,eu-west-1,31,44.54,430.01,43.41,124.81298151115942,-81.40298151115942,81.40298151115942,Gradient Boosting
AWS,Lambda,ap-south-1,78,154.48,214.34,43.4,73.13978098673928,-29.739780986739284,29.739780986739284,Gradient Boosting
AWS,S3,ap-south-1,131,286.85,828.35,43.39,57.94277592772739,-14.552775927727389,14.552775927727389,Gradient Boosting
Azure,Blob Storage,westeurope,337,230.45,130.4,43.35,58.31562149964191,-14.965621499641905,14.965621499641905,Gradient Boosting
Azure,Blob Storage,westus,199,290.59,572.35,43.34,52.7036642723984,-9.363664272398395,9.363664272398395,Gradient Boosting
GCP,Cloud Functions,us-west1,185,182.86,399.43,43.33,73.79816846556477,-30.468168465564773,30.468168465564773,Gradient Boosting
Azure,Blob Storage,westus,235,239.81,308.35,43.31,48.78992216708156,-5.479922167081561,5.479922167081561,Gradient Boosting
GCP,Cloud Functions,us-central1,115,70.26,1370.04,43.26,82.52708716491996,-39.267087164919964,39.267087164919964,Gradient Boosting
GCP,Cloud SQL,asia-south1,98,106.55,182.86,43.24,125.57702121544486,-82.33702121544485,82.33702121544485,Gradient Boosting
GCP,Cloud Functions,europe-west1,169,187.43,167.84,43.24,66.88148651519738,-23.64148651519738,23.64148651519738,Gradient Boosting
GCP,Cloud Functions,us-west1,187,572.01,829.28,43.23,80.3028873348433,-37.07288733484331,37.07288733484331,Gradient Boosting
GCP,Cloud Storage,europe-west1,140,223.61,751.93,43.21,56.261974980892965,-13.051974980892965,13.051974980892965,Gradient Boosting
GCP,Cloud Functions,asia-south1,238,400.84,1097.9,43.14,89.47466470990206,-46.33466470990206,46.33466470990206,Gradient Boosting
Azure,Functions,westus,234,288.9,353.87,43.09,86.79728536523425,-43.70728536523424,43.70728536523424,Gradient Boosting
Azure,Blob Storage,centralindia,223,578.59,386.97,43.07,49.98727980243277,-6.917279802432766,6.917279802432766,Gradient Boosting
AWS,Lambda,us-east-1,34,123.93,973.0,43.05,131.34249004223886,-88.29249004223887,88.29249004223887,Gradient Boosting
Azure,Blob Storage,westus,254,159.65,755.49,42.93,57.862625291296055,-14.932625291296056,14.932625291296056,Gradient Boosting
GCP,Cloud Storage,us-west1,365,304.89,120.03,42.91,61.17102423523594,-18.261024235235944,18.261024235235944,Gradient Boosting
Azure,Blob Storage,westus,157,150.38,833.67,42.79,55.392324973490396,-12.602324973490397,12.602324973490397,Gradient Boosting
Azure,Virtual Machines,centralindia,53,203.0,208.96,42.79,146.4204471836167,-103.6304471836167,103.6304471836167,Gradient Boosting
AWS,S3,ap-south-1,289,71.79,194.25,42.7,49.15636535675305,-6.456365356753047,6.456365356753047,Gradient Boosting
GCP,Cloud Functions,us-central1,159,342.3,1046.18,42.7,78.04641276514204,-35.346412765142034,35.346412765142034,Gradient Boosting
AWS,S3,ap-south-1,178,354.47,136.3,42.66,43.47788469075976,-0.8178846907597617,0.8178846907597617,Gradient Boosting
Azure,Blob Storage,westeurope,271,176.88,538.87,42.64,52.149843671897926,-9.509843671897926,9.509843671897926,Gradient Boosting
Azure,Blob Storage,westus,373,387.45,190.73,42.63,61.864512023238476,-19.234512023238473,19.234512023238473,Gradient Boosting
Azure,Blob Storage,westus,383,213.53,267.39,42.56,63.212769804668746,-20.652769804668743,20.652769804668743,Gradient Boosting
GCP,Cloud Storage,us-west1,316,333.65,775.33,42.55,59.86500606766781,-17.31500606766781,17.31500606766781,Gradient Boosting
GCP,Cloud Functions,us-west1,140,275.66,375.66,42.52,71.7427404452533,-29.2227404452533,29.2227404452533,Gradient Boosting
GCP,Compute Engine,asia-south1,74,96.15,717.63,42.51,133.5443516394463,-91.0343516394463,91.0343516394463,Gradient Boosting
AWS,S3,ap-south-1,253,333.66,353.51,42.47,50.68593318668694,-8.21593318668694,8.21593318668694,Gradient Boosting
GCP,Cloud Storage,asia-south1,259,194.85,184.25,42.44,47.58924313381776,-5.149243133817762,5.149243133817762,Gradient Boosting
AWS,S3,us-west-2,274,204.41,574.79,42.38,52.08345397287199,-9.70345397287199,9.70345397287199,Gradient Boosting
AWS,S3,us-east-1,289,225.57,304.61,42.34,50.280512801216155,-7.940512801216151,7.940512801216151,Gradient Boosting
AWS,S3,eu-west-1,304,118.42,228.67,42.05,47.24213148576374,-5.1921314857637455,5.1921314857637455,Gradient Boosting
AWS,EC2,eu-west-1,65,177.25,120.0,41.98,137.97881154441518,-95.99881154441519,95.99881154441519,Gradient Boosting
Azure,Functions,eastus,119,199.14,384.35,41.98,72.8425595417471,-30.862559541747096,30.862559541747096,Gradient Boosting
AWS,S3,ap-south-1,250,77.93,166.39,41.95,49.15636535675305,-7.206365356753047,7.206365356753047,Gradient Boosting
GCP,Cloud Storage,us-west1,233,230.47,483.1,41.95,49.34292130071881,-7.392921300718804,7.392921300718804,Gradient Boosting
AWS,EC2,eu-west-1,55,446.49,241.76,41.84,156.5711141489169,-114.7311141489169,114.7311141489169,Gradient Boosting
AWS,S3,ap-south-1,301,228.99,298.82,41.83,48.36627893022685,-6.53627893022685,6.53627893022685,Gradient Boosting
AWS,Lambda,us-east-1,134,176.19,206.73,41.82,87.42990224408942,-45.60990224408942,45.60990224408942,Gradient Boosting
AWS,EC2,ap-south-1,62,44.99,435.63,41.82,162.54464677937162,-120.72464677937162,120.72464677937162,Gradient Boosting
Azure,Azure SQL,westeurope,57,155.32,427.29,41.8,159.5059674634025,-117.7059674634025,117.7059674634025,Gradient Boosting
AWS,Lambda,eu-west-1,167,272.6,252.69,41.73,88.77816002551968,-47.048160025519685,47.048160025519685,Gradient Boosting
AWS,S3,us-west-2,345,51.1,168.6,41.55,55.341493485208815,-13.791493485208818,13.791493485208818,Gradient Boosting
Azure,Blob Storage,eastus,139,83.68,889.35,41.5,55.616435310457554,-14.116435310457554,14.116435310457554,Gradient Boosting
AWS,S3,eu-west-1,205,128.65,610.29,41.48,59.384440126187044,-17.904440126187048,17.904440126187048,Gradient Boosting
GCP,Cloud Functions,us-west1,156,381.55,311.18,41.47,68.22974429662764,-26.759744296627645,26.759744296627645,Gradient Boosting
Azure,Blob Storage,westeurope,43,306.49,194.15,41.45,23.260473622961335,18.189526377038668,18.189526377038668,Gradient Boosting
AWS,S3,us-west-2,84,333.02,1046.98,41.39,55.729320010874105,-14.339320010874104,14.339320010874104,Gradient Boosting
AWS,EC2,eu-west-1,60,251.75,306.35,41.28,159.080979652228,-117.800979652228,117.800979652228,Gradient Boosting
AWS,S3,us-west-2,172,171.85,845.62,41.2,57.94277592772739,-16.742775927727386,16.742775927727386,Gradient Boosting
Azure,Blob Storage,westus,261,259.31,563.17,41.13,50.812811220485145,-9.682811220485142,9.682811220485142,Gradient Boosting
AWS,S3,eu-west-1,234,71.69,457.37,41.11,50.910043523654096,-9.800043523654097,9.800043523654097,Gradient Boosting
AWS,Lambda,us-east-1,44,216.11,388.51,41.0,82.58257361304014,-41.58257361304014,41.58257361304014,Gradient Boosting
Azure,Virtual Machines,eastus,221,182.4,256.01,40.97,176.64157545316124,-135.67157545316124,135.67157545316124,Gradient Boosting
GCP,Cloud Functions,us-central1,166,264.63,61.33,40.82,66.88148651519738,-26.06148651519738,26.06148651519738,Gradient Boosting
AWS,Lambda,us-west-2,109,199.17,320.42,40.81,81.98541424526249,-41.17541424526249,41.17541424526249,Gradient Boosting
GCP,Cloud Functions,europe-west1,226,242.03,717.42,40.72,83.43400163719852,-42.71400163719852,42.71400163719852,Gradient Boosting
GCP,Cloud Storage,us-west1,291,115.35,454.11,40.67,49.567031637685965,-8.897031637685963,8.897031637685963,Gradient Boosting
GCP,Cloud Storage,asia-south1,307,696.63,109.34,40.57,50.76306304085075,-10.193063040850753,10.193063040850753,Gradient Boosting
AWS,Lambda,eu-west-1,64,863.44,96.58,40.51,70.05476079854932,-29.544760798549326,29.544760798549326,Gradient Boosting
GCP,Compute Engine,us-west1,49,335.24,824.59,40.42,146.34214689377464,-105.92214689377464,105.92214689377464,Gradient Boosting
GCP,Compute Engine,us-west1,88,254.37,84.5,40.37,119.78550488391991,-79.41550488391991,79.41550488391991,Gradient Boosting
AWS,S3,us-west-2,42,98.55,175.34,40.36,25.227506762404595,15.132493237595405,15.132493237595405,Gradient Boosting
GCP,Cloud Storage,us-central1,52,317.74,84.9,40.35,24.22096827300217,16.12903172699783,16.12903172699783,Gradient Boosting
GCP,Cloud Functions,us-central1,174,218.96,1784.48,40.31,82.77234784243586,-42.46234784243586,42.46234784243586,Gradient Boosting
AWS,Lambda,us-west-2,141,570.87,384.18,40.27,93.08309342402576,-52.81309342402576,52.81309342402576,Gradient Boosting
GCP,Compute Engine,europe-west1,61,153.58,430.59,40.23,123.5271200895529,-83.29712008955289,83.29712008955289,Gradient Boosting
GCP,Cloud Storage,us-west1,258,68.07,450.19,40.12,49.567031637685965,-9.447031637685967,9.447031637685967,Gradient Boosting
AWS,Lambda,us-west-2,120,201.53,167.21,40.11,80.63715646383223,-40.52715646383223,40.52715646383223,Gradient Boosting
Azure,Blob Storage,eastus,170,119.57,1227.59,40.05,65.96929611700615,-25.919296117006155,25.919296117006155,Gradient Boosting
GCP,Cloud Storage,asia-south1,204,64.04,421.36,40.04,49.736900736754386,-9.696900736754387,9.696900736754387,Gradient Boosting
Azure,Blob Storage,westeurope,123,174.05,880.8,40.01,54.28677159050102,-14.27677159050102,14.27677159050102,Gradient Boosting
Azure,Blob Storage,centralindia,254,82.24,146.74,39.98,47.66577472261846,-7.685774722618461,7.685774722618461,Gradient Boosting
Azure,Blob Storage,westus,378,72.47,152.43,39.85,62.08862236020563,-22.238622360205632,22.238622360205632,Gradient Boosting
GCP,Cloud Storage,asia-south1,303,167.0,313.21,39.67,50.883147586091646,-11.213147586091644,11.213147586091644,Gradient Boosting
AWS,Lambda,ap-south-1,103,441.08,374.02,39.56,84.97070887647104,-45.410708876471034,45.410708876471034,Gradient Boosting
GCP,Cloud SQL,asia-south1,58,97.52,588.69,39.53,132.29684039595548,-92.76684039595548,92.76684039595548,Gradient Boosting
GCP,Cloud Functions,us-central1,71,427.97,2014.5,39.51,84.06850841543009,-44.55850841543009,44.55850841543009,Gradient Boosting
AWS,Lambda,us-east-1,142,124.26,413.38,39.38,92.5152665111125,-53.1352665111125,53.1352665111125,Gradient Boosting
GCP,Cloud Functions,us-west1,176,72.17,623.92,39.33,79.73506042193004,-40.405060421930045,40.405060421930045,Gradient Boosting
AWS,Lambda,us-east-1,148,96.06,112.68,39.25,87.65401258105658,-48.40401258105658,48.40401258105658,Gradient Boosting
AWS,S3,us-east-1,124,285.56,708.59,39.2,57.94277592772739,-18.742775927727386,18.742775927727386,Gradient Boosting
Azure,Blob Storage,westeurope,222,234.22,381.86,39.12,49.19534255255235,-10.07534255255235,10.07534255255235,Gradient Boosting
Azure,Blob Storage,centralindia,133,85.26,903.82,39.06,55.616435310457554,-16.55643531045755,16.55643531045755,Gradient Boosting
GCP,Cloud Functions,us-west1,183,200.56,130.26,38.97,69.85957780674441,-30.889577806744413,30.889577806744413,Gradient Boosting
Azure,Blob Storage,eastus,271,31.25,102.5,38.93,47.66577472261846,-8.735774722618459,8.735774722618459,Gradient Boosting
Azure,Blob Storage,eastus,29,293.85,319.99,38.92,86.26988978487668,-47.34988978487668,47.34988978487668,Gradient Boosting
AWS,S3,us-west-2,123,104.33,706.16,38.87,57.06133288170516,-18.191332881705165,18.191332881705165,Gradient Boosting
GCP,Cloud Functions,europe-west1,153,180.5,396.28,38.71,72.33363114574392,-33.62363114574392,33.62363114574392,Gradient Boosting
GCP,Cloud SQL,us-central1,67,330.29,547.07,38.68,122.90100770979365,-84.22100770979364,84.22100770979364,Gradient Boosting
AWS,S3,us-west-2,61,272.31,312.75,38.66,34.28536107342649,4.374638926573503,4.374638926573503,Gradient Boosting
GCP,Cloud Functions,us-west1,145,189.88,379.2,38.62,71.7427404452533,-33.12274044525331,33.12274044525331,Gradient Boosting
GCP,Cloud Storage,europe-west1,186,499.14,311.31,38.46,47.46466581160021,-9.004665811600212,9.004665811600212,Gradient Boosting
GCP,Cloud Functions,asia-south1,87,151.66,1787.78,38.44,82.3029768279528,-43.86297682795281,43.86297682795281,Gradient Boosting
AWS,S3,eu-west-1,224,217.79,202.91,38.43,48.93225501978589,-10.502255019785892,10.502255019785892,Gradient Boosting
Azure,Azure SQL,westeurope,41,150.98,269.49,38.23,189.49514416653932,-151.26514416653933,151.26514416653933,Gradient Boosting
AWS,EC2,us-west-2,224,166.46,311.87,38.23,199.88049482146127,-161.65049482146128,161.65049482146128,Gradient Boosting
Azure,Blob Storage,westeurope,198,212.36,385.56,38.21,49.336161058136796,-11.126161058136795,11.126161058136795,Gradient Boosting
Azure,Functions,centralindia,27,323.5,523.82,38.19,115.54787138816913,-77.35787138816913,77.35787138816913,Gradient Boosting
AWS,Lambda,eu-west-1,151,108.85,593.34,38.12,88.41722673723228,-50.297226737232286,50.297226737232286,Gradient Boosting
GCP,Cloud Storage,us-central1,136,387.55,387.63,38.07,47.68553688478756,-9.61553688478756,9.61553688478756,Gradient Boosting
AWS,S3,ap-south-1,125,661.42,541.69,38.03,44.00894587614437,-5.9789458761443655,5.9789458761443655,Gradient Boosting
AWS,RDS,ap-south-1,74,129.78,390.79,37.98,139.78948815846664,-101.80948815846665,101.80948815846665,Gradient Boosting
AWS,S3,ap-south-1,260,188.3,363.65,37.94,50.68593318668694,-12.74593318668694,12.74593318668694,Gradient Boosting
Azure,Blob Storage,westeurope,99,371.16,701.49,37.88,55.71931504803302,-17.839315048033015,17.839315048033015,Gradient Boosting
AWS,S3,ap-south-1,222,316.71,338.33,37.87,50.50612905065704,-12.63612905065704,12.63612905065704,Gradient Boosting
Azure,Functions,westeurope,126,116.09,301.09,37.79,70.65922711307797,-32.869227113077976,32.869227113077976,Gradient Boosting
GCP,Cloud Storage,us-central1,69,122.78,763.99,37.75,52.46469515402272,-14.71469515402272,14.71469515402272,Gradient Boosting
Azure,Virtual Machines,westus,249,356.42,345.13,37.69,176.86719170260213,-139.17719170260213,139.17719170260213,Gradient Boosting
Azure,Blob Storage,westus,261,117.31,416.43,37.68,49.419452889519505,-11.739452889519505,11.739452889519505,Gradient Boosting
Azure,Functions,eastus,144,80.84,282.02,37.62,76.34641951034578,-38.726419510345785,38.726419510345785,Gradient Boosting
Azure,Blob Storage,eastus,207,222.04,767.93,37.59,58.003443796880504,-20.4134437968805,20.4134437968805,Gradient Boosting
GCP,Cloud Storage,us-central1,116,265.85,397.04,37.57,40.89279110453035,-3.322791104530353,3.322791104530353,Gradient Boosting
GCP,Cloud Storage,europe-west1,310,184.77,163.61,37.52,49.53488980466138,-12.01488980466138,12.01488980466138,Gradient Boosting
GCP,Cloud Storage,asia-south1,300,460.45,109.45,37.5,47.061541616400646,-9.561541616400646,9.561541616400646,Gradient Boosting
AWS,S3,us-east-1,186,296.21,432.7,37.49,46.82558464908951,-9.335584649089505,9.335584649089505,Gradient Boosting
Azure,Blob Storage,eastus,22,113.78,740.4,37.47,74.90812789869602,-37.438127898696024,37.438127898696024,Gradient Boosting
GCP,Compute Engine,asia-south1,63,107.66,310.94,37.46,111.49564775695947,-74.03564775695946,74.03564775695946,Gradient Boosting
AWS,S3,ap-south-1,231,354.13,217.65,37.26,48.93225501978589,-11.672255019785894,11.672255019785894,Gradient Boosting
GCP,Cloud Functions,us-west1,233,298.44,291.38,37.15,76.72490893183901,-39.57490893183901,39.57490893183901,Gradient Boosting
GCP,Cloud Functions,europe-west1,139,146.06,254.83,37.04,68.22974429662764,-31.189744296627644,31.189744296627644,Gradient Boosting
GCP,Cloud Storage,asia-south1,102,153.81,929.56,37.01,59.05563231426869,-22.045632314268694,22.045632314268694,Gradient Boosting
Azure,Blob Storage,westus,243,774.27,249.72,37.01,50.018095403270934,-13.008095403270936,13.008095403270936,Gradient Boosting
Azure,Functions,westeurope,121,222.2,255.99,36.93,69.32956339312143,-32.39956339312143,32.39956339312143,Gradient Boosting
GCP,Cloud Storage,us-west1,171,92.16,527.42,36.89,47.90964722175472,-11.019647221754717,11.019647221754717,Gradient Boosting
Azure,Virtual Machines,eastus,244,86.72,162.06,36.83,175.51742800869815,-138.68742800869813,138.68742800869813,Gradient Boosting
Azure,Blob Storage,eastus,168,168.12,534.25,36.83,48.78578698892947,-11.955786988929475,11.955786988929475,Gradient Boosting
AWS,Lambda,ap-south-1,141,81.02,234.13,36.76,87.92031252803811,-51.16031252803811,51.16031252803811,Gradient Boosting
GCP,Cloud Functions,asia-south1,108,936.88,308.24,36.69,62.66517175255982,-25.975171752559824,25.975171752559824,Gradient Boosting
Azure,Azure SQL,westus,65,50.87,477.73,36.68,159.73007780036966,-123.05007780036965,123.05007780036965,Gradient Boosting
Azure,Blob Storage,westeurope,257,91.3,443.5,36.62,49.419452889519505,-12.799452889519507,12.799452889519507,Gradient Boosting
Azure,Blob Storage,westeurope,279,510.59,274.95,36.62,49.58185941696198,-12.961859416961985,12.961859416961985,Gradient Boosting
GCP,Cloud Storage,us-central1,169,198.0,205.07,36.6,42.82428295473164,-6.224282954731642,6.224282954731642,Gradient Boosting
Azure,Functions,westus,154,147.4,330.46,36.54,76.12230917337862,-39.582309173378626,39.582309173378626,Gradient Boosting
Azure,Blob Storage,westeurope,121,258.2,760.79,36.32,54.28677159050102,-17.96677159050102,17.96677159050102,Gradient Boosting
AWS,RDS,ap-south-1,58,132.91,143.91,36.26,118.44679058758565,-82.18679058758565,82.18679058758565,Gradient Boosting
Azure,Blob Storage,westus,240,251.68,243.65,36.18,48.78992216708156,-12.609922167081564,12.609922167081564,Gradient Boosting
GCP,Cloud Functions,us-central1,127,147.08,126.76,35.97,61.194294117929566,-25.224294117929567,25.224294117929567,Gradient Boosting
GCP,Cloud Functions,us-west1,146,202.69,610.9,35.96,78.04641276514204,-42.086412765142036,42.086412765142036,Gradient Boosting
GCP,Cloud Storage,us-west1,122,537.31,900.69,35.94,58.41502610661711,-22.475026106617115,22.475026106617115,Gradient Boosting
Azure,Blob Storage,westeurope,195,86.74,311.04,35.94,49.15485100963317,-13.214851009633172,13.214851009633172,Gradient Boosting
GCP,Cloud Storage,europe-west1,208,127.48,234.14,35.82,48.249522516834865,-12.429522516834865,12.429522516834865,Gradient Boosting
Azure,Functions,westus,59,115.81,451.91,35.8,70.15083309786624,-34.35083309786624,34.35083309786624,Gradient Boosting
Azure,Functions,westeurope,59,124.67,307.55,35.75,65.67681169517512,-29.926811695175118,29.926811695175118,Gradient Boosting
Azure,Blob Storage,westus,276,111.1,188.11,35.73,47.66577472261846,-11.935774722618461,11.935774722618461,Gradient Boosting
GCP,Cloud SQL,asia-south1,56,567.25,276.69,35.65,119.44453980642373,-83.79453980642373,83.79453980642373,Gradient Boosting
Azure,Blob Storage,westeurope,335,113.76,369.02,35.62,60.29341000351011,-24.673410003510114,24.673410003510114,Gradient Boosting
GCP,Cloud Functions,europe-west1,147,278.63,299.87,35.56,68.22974429662764,-32.66974429662764,32.66974429662764,Gradient Boosting
AWS,Lambda,us-west-2,113,265.46,533.15,35.4,85.49841039388815,-50.09841039388815,50.09841039388815,Gradient Boosting
GCP,Cloud Storage,us-central1,196,245.77,475.07,35.38,49.51279039978723,-14.132790399787226,14.132790399787226,Gradient Boosting
GCP,Cloud Storage,asia-south1,236,97.52,255.73,35.37,49.16161125221518,-13.791611252215183,13.791611252215183,Gradient Boosting
GCP,Cloud Functions,us-west1,57,106.03,417.73,35.33,63.36032529905254,-28.030325299052542,28.030325299052542,Gradient Boosting
GCP,Cloud Storage,us-west1,126,214.95,216.82,35.31,37.137090557463836,-1.8270905574638334,1.8270905574638334,Gradient Boosting
Azure,Virtual Machines,westeurope,48,329.44,324.5,35.3,155.70241183160576,-120.40241183160576,120.40241183160576,Gradient Boosting
Azure,Blob Storage,westus,226,64.73,1174.05,35.3,66.78403334457133,-31.48403334457133,31.48403334457133,Gradient Boosting
GCP,Cloud SQL,us-west1,52,205.47,599.57,35.06,132.29684039595548,-97.23684039595548,97.23684039595548,Gradient Boosting
Azure,Functions,westus,103,808.59,136.6,34.98,79.14105920945146,-44.16105920945146,44.16105920945146,Gradient Boosting
AWS,S3,us-east-1,88,375.27,613.57,34.98,55.729320010874105,-20.749320010874108,20.749320010874108,Gradient Boosting
Azure,Blob Storage,eastus,132,198.75,576.19,34.95,53.616159655164495,-18.666159655164492,18.666159655164492,Gradient Boosting
AWS,S3,eu-west-1,192,301.35,384.12,34.94,47.76275825002554,-12.822758250025544,12.822758250025544,Gradient Boosting
Azure,Blob Storage,westeurope,206,459.09,334.62,34.82,48.4030391552489,-13.583039155248898,13.583039155248898,Gradient Boosting
Azure,Blob Storage,centralindia,80,199.58,840.88,34.77,53.17886905663712,-18.408869056637116,18.408869056637116,Gradient Boosting
GCP,Cloud Functions,europe-west1,109,351.35,444.23,34.75,65.54088536548673,-30.79088536548673,30.79088536548673,Gradient Boosting
Azure,Virtual Machines,centralindia,247,153.2,381.63,34.75,177.04699583863203,-142.29699583863203,142.29699583863203,Gradient Boosting
Azure,Functions,westus,146,499.78,93.34,34.74,85.49756900339969,-50.75756900339969,50.75756900339969,Gradient Boosting
GCP,Cloud Functions,us-west1,75,137.26,1812.04,34.72,82.3029768279528,-47.582976827952805,47.582976827952805,Gradient Boosting
GCP,Compute Engine,us-west1,59,205.65,270.86,34.32,120.20821438208186,-85.88821438208186,85.88821438208186,Gradient Boosting
AWS,S3,eu-west-1,201,141.13,242.82,34.31,47.35733786455476,-13.047337864554756,13.047337864554756,Gradient Boosting
GCP,Cloud Storage,europe-west1,220,119.35,79.81,34.28,47.81335347078492,-13.533353470784917,13.533353470784917,Gradient Boosting
AWS,S3,ap-south-1,85,213.11,390.9,34.16,40.5673167231017,-6.407316723101701,6.407316723101701,Gradient Boosting
GCP,Cloud Storage,us-central1,48,223.68,418.87,34.15,37.976954323682335,-3.8269543236823367,3.8269543236823367,Gradient Boosting
AWS,S3,us-west-2,193,574.76,164.81,34.13,46.801017333004914,-12.671017333004912,12.671017333004912,Gradient Boosting
AWS,S3,ap-south-1,68,220.01,417.99,34.05,37.52491786360291,-3.4749178636029114,3.4749178636029114,Gradient Boosting
AWS,S3,ap-south-1,47,65.3,1115.08,34.02,60.18461308596957,-26.16461308596957,26.16461308596957,Gradient Boosting
GCP,Cloud Functions,asia-south1,120,191.58,172.15,34.02,60.088740734940195,-26.068740734940192,26.068740734940192,Gradient Boosting
AWS,S3,ap-south-1,183,140.71,1043.72,33.97,58.22315618828386,-24.25315618828386,24.25315618828386,Gradient Boosting
AWS,S3,eu-west-1,246,236.74,165.6,33.95,48.93225501978589,-14.982255019785889,14.982255019785889,Gradient Boosting
AWS,EC2,eu-west-1,42,598.83,109.1,33.93,138.77074879429563,-104.84074879429562,104.84074879429562,Gradient Boosting
GCP,Cloud Storage,europe-west1,224,74.92,474.21,33.86,49.567031637685965,-15.707031637685965,15.707031637685965,Gradient Boosting
AWS,S3,eu-west-1,50,200.36,997.83,33.75,53.921385763889994,-20.171385763889994,20.171385763889994,Gradient Boosting
GCP,Compute Engine,europe-west1,184,181.15,262.0,33.74,141.7302847158698,-107.99028471586979,107.99028471586979,Gradient Boosting
AWS,EC2,eu-west-1,57,589.49,167.71,33.58,138.77074879429563,-105.19074879429563,105.19074879429563,Gradient Boosting
GCP,Cloud Storage,us-west1,234,125.12,166.61,33.58,47.81335347078492,-14.23335347078492,14.23335347078492,Gradient Boosting
GCP,Cloud SQL,asia-south1,82,47.05,263.09,33.57,120.46053680352742,-86.89053680352743,86.89053680352743,Gradient Boosting
AWS,Lambda,us-east-1,47,541.17,2020.66,33.53,107.45018677302521,-73.92018677302521,73.92018677302521,Gradient Boosting
Azure,Blob Storage,eastus,71,141.5,675.88,33.46,51.37093480965301,-17.910934809653007,17.910934809653007,Gradient Boosting
Azure,Functions,centralindia,152,147.59,324.5,33.44,76.12230917337862,-42.68230917337863,42.68230917337863,Gradient Boosting
GCP,Cloud Functions,asia-south1,99,158.25,297.3,33.4,61.43699851637045,-28.036998516370453,28.036998516370453,Gradient Boosting
Azure,Blob Storage,eastus,167,23.09,472.46,33.34,48.07628926869812,-14.736289268698116,14.736289268698116,Gradient Boosting
AWS,Lambda,eu-west-1,99,330.3,565.71,33.28,80.35988400154709,-47.079884001547086,47.079884001547086,Gradient Boosting
Azure,Functions,eastus,132,95.25,392.97,32.97,74.17222326170364,-41.20222326170364,41.20222326170364,Gradient Boosting
AWS,Lambda,eu-west-1,126,161.47,93.1,32.94,81.74270984682161,-48.802709846821614,48.802709846821614,Gradient Boosting
Azure,Blob Storage,westus,246,193.87,181.22,32.88,47.4416643856513,-14.561664385651298,14.561664385651298,Gradient Boosting
AWS,S3,ap-south-1,158,224.77,147.48,32.87,41.68395045847711,-8.813950458477116,8.813950458477116,Gradient Boosting
GCP,Cloud Storage,us-central1,151,232.42,457.07,32.76,47.68553688478756,-14.925536884787562,14.925536884787562,Gradient Boosting
GCP,Compute Engine,us-central1,241,303.85,72.22,32.68,151.46864504127453,-118.78864504127452,118.78864504127452,Gradient Boosting
GCP,Cloud Functions,europe-west1,153,151.26,554.14,32.63,72.33363114574392,-39.70363114574392,39.70363114574392,Gradient Boosting
AWS,Lambda,us-east-1,137,221.08,94.06,32.6,87.42990224408942,-54.82990224408942,54.82990224408942,Gradient Boosting
Azure,Blob Storage,westus,227,68.88,403.31,32.58,49.419452889519505,-16.839452889519507,16.839452889519507,Gradient Boosting
GCP,Compute Engine,asia-south1,161,244.93,347.64,32.56,134.81217016821515,-102.25217016821514,102.25217016821514,Gradient Boosting
GCP,Cloud Storage,europe-west1,208,229.27,152.96,32.41,47.75911223288618,-15.349112232886185,15.349112232886185,Gradient Boosting
AWS,S3,us-west-2,227,34.72,140.52,32.37,49.15636535675305,-16.786365356753052,16.786365356753052,Gradient Boosting
GCP,Cloud Functions,asia-south1,114,50.78,434.22,32.16,65.76499570245389,-33.60499570245389,33.60499570245389,Gradient Boosting
Azure,Functions,centralindia,83,488.3,288.96,31.98,76.66451444934586,-44.684514449345855,44.684514449345855,Gradient Boosting
Azure,Blob Storage,westeurope,129,766.77,696.84,31.96,56.620498209679766,-24.660498209679766,24.660498209679766,Gradient Boosting
AWS,Lambda,us-west-2,63,199.68,796.79,31.84,84.17172623642773,-52.33172623642773,52.33172623642773,Gradient Boosting
Azure,Functions,centralindia,123,730.38,649.0,31.79,95.64559613428811,-63.85559613428811,63.85559613428811,Gradient Boosting
GCP,Cloud Storage,us-west1,64,392.84,1098.84,31.77,62.10357379049614,-30.333573790496143,30.333573790496143,Gradient Boosting
GCP,Cloud Storage,europe-west1,198,160.61,158.14,31.68,47.75911223288618,-16.07911223288618,16.07911223288618,Gradient Boosting
GCP,Cloud Storage,europe-west1,183,130.2,449.07,31.67,48.896281075586444,-17.226281075586442,17.226281075586442,Gradient Boosting
Azure,Functions,centralindia,119,100.19,598.01,31.6,84.70995287349498,-53.10995287349498,53.10995287349498,Gradient Boosting
AWS,S3,eu-west-1,231,275.06,223.57,31.59,48.93225501978589,-17.342255019785892,17.342255019785892,Gradient Boosting
GCP,Compute Engine,us-west1,65,200.05,187.2,31.33,105.81301289099844,-74.48301289099844,74.48301289099844,Gradient Boosting
Azure,Blob Storage,eastus,97,98.05,899.28,31.3,53.40297939360428,-22.102979393604276,22.102979393604276,Gradient Boosting
AWS,S3,us-west-2,213,628.68,123.75,31.29,46.801017333004914,-15.511017333004915,15.511017333004915,Gradient Boosting
GCP,Cloud Functions,asia-south1,99,956.07,264.23,31.18,62.66517175255982,-31.485171752559822,31.485171752559822,Gradient Boosting
Azure,Blob Storage,westus,112,123.92,449.83,31.16,40.156406791456675,-8.996406791456675,8.996406791456675,Gradient Boosting
AWS,S3,ap-south-1,46,166.17,1227.84,30.97,57.343722103689416,-26.373722103689417,26.373722103689417,Gradient Boosting
AWS,Lambda,us-east-1,96,142.0,307.83,30.9,80.87751171139858,-49.977511711398584,49.977511711398584,Gradient Boosting
AWS,S3,ap-south-1,242,232.61,208.8,30.84,48.93225501978589,-18.092255019785892,18.092255019785892,Gradient Boosting
GCP,Cloud Storage,us-west1,86,157.36,318.66,30.69,35.31086716797535,-4.6208671679753515,4.6208671679753515,Gradient Boosting
Azure,Blob Storage,westeurope,236,137.95,326.58,30.47,48.78992216708156,-18.319922167081565,18.319922167081565,Gradient Boosting
GCP,Cloud Functions,europe-west1,242,65.81,745.85,30.44,83.65811197416568,-53.21811197416568,53.21811197416568,Gradient Boosting
AWS,Lambda,ap-south-1,94,144.33,99.24,30.36,79.52925392996832,-49.16925392996832,49.16925392996832,Gradient Boosting
GCP,Cloud Storage,us-west1,122,598.64,553.69,30.31,41.68472835441077,-11.374728354410774,11.374728354410774,Gradient Boosting
GCP,Cloud Functions,europe-west1,148,194.69,355.06,30.21,71.7427404452533,-41.5327404452533,41.5327404452533,Gradient Boosting
Azure,Azure SQL,westeurope,52,63.3,250.95,30.17,153.96218158323902,-123.79218158323901,123.79218158323901,Gradient Boosting
Azure,Blob Storage,westus,99,180.86,361.85,30.08,41.364839912021516,-11.284839912021518,11.284839912021518,Gradient Boosting
GCP,Cloud Functions,us-west1,115,307.24,208.87,30.06,60.088740734940195,-30.028740734940197,30.028740734940197,Gradient Boosting
AWS,Lambda,eu-west-1,95,83.01,148.04,30.03,79.75336426693548,-49.72336426693548,49.72336426693548,Gradient Boosting
GCP,Cloud Functions,europe-west1,99,102.16,656.18,29.99,77.16496971911981,-47.174969719119815,47.174969719119815,Gradient Boosting
GCP,Compute Engine,us-west1,77,257.13,197.66,29.96,117.35415308856516,-87.39415308856516,87.39415308856516,Gradient Boosting
GCP,Cloud Storage,us-west1,151,267.64,538.77,29.89,47.68553688478756,-17.79553688478756,17.79553688478756,Gradient Boosting
GCP,Cloud Storage,asia-south1,201,156.86,114.27,29.83,47.75911223288618,-17.929112232886183,17.929112232886183,Gradient Boosting
AWS,RDS,us-west-2,41,196.84,233.91,29.83,116.77674646119388,-86.94674646119388,86.94674646119388,Gradient Boosting
Azure,Blob Storage,eastus,121,270.52,629.44,29.82,54.28677159050102,-24.46677159050102,24.46677159050102,Gradient Boosting
AWS,S3,ap-south-1,163,169.91,251.87,29.78,43.032208239907376,-13.252208239907375,13.252208239907375,Gradient Boosting
AWS,Lambda,eu-west-1,72,245.81,452.24,29.74,82.58257361304014,-52.842573613040145,52.842573613040145,Gradient Boosting
GCP,Cloud Storage,us-west1,49,131.35,1066.97,29.7,64.1012765241491,-34.4012765241491,34.4012765241491,Gradient Boosting
Azure,Functions,eastus,105,121.08,355.63,29.58,73.06666987871425,-43.48666987871425,43.48666987871425,Gradient Boosting
Azure,Functions,westeurope,96,199.19,974.16,29.51,83.37794000266392,-53.867940002663914,53.867940002663914,Gradient Boosting
GCP,Cloud Storage,europe-west1,103,99.46,590.11,29.24,53.22297163466139,-23.982971634661393,23.982971634661393,Gradient Boosting
AWS,S3,us-east-1,70,200.33,775.79,29.19,53.921385763889994,-24.731385763889993,24.731385763889993,Gradient Boosting
AWS,Lambda,eu-west-1,92,131.95,591.61,29.02,86.20377082037899,-57.183770820378996,57.183770820378996,Gradient Boosting
AWS,Lambda,eu-west-1,66,101.03,463.52,29.0,82.8066839500073,-53.8066839500073,53.8066839500073,Gradient Boosting
Azure,Blob Storage,westeurope,79,526.01,797.13,28.62,53.97080630651754,-25.350806306517537,25.350806306517537,Gradient Boosting
AWS,Lambda,eu-west-1,46,191.18,2289.28,28.5,108.1081012879114,-79.6081012879114,79.6081012879114,Gradient Boosting
AWS,S3,us-west-2,102,263.39,582.71,28.45,58.26976600227,-29.819766002270004,29.819766002270004,Gradient Boosting
Azure,Blob Storage,centralindia,188,564.37,65.17,28.41,45.152974572357124,-16.742974572357124,16.742974572357124,Gradient Boosting
Azure,Blob Storage,centralindia,140,877.75,558.2,28.25,50.90771659028165,-22.65771659028165,22.65771659028165,Gradient Boosting
Azure,Blob Storage,eastus,108,204.58,614.73,28.14,54.28677159050102,-26.146771590501018,26.146771590501018,Gradient Boosting
AWS,Lambda,us-west-2,21,547.29,901.14,28.06,121.75910195120132,-93.69910195120131,93.69910195120131,Gradient Boosting
Azure,Blob Storage,centralindia,120,79.57,635.17,27.95,54.510881927468176,-26.560881927468177,26.560881927468177,Gradient Boosting
Azure,Blob Storage,eastus,177,159.61,184.62,27.74,44.361037322476705,-16.621037322476706,16.621037322476706,Gradient Boosting
AWS,S3,us-east-1,183,267.58,138.55,27.63,43.47788469075976,-15.84788469075976,15.84788469075976,Gradient Boosting
AWS,Lambda,us-west-2,59,465.5,1564.62,27.53,91.96697850945829,-64.43697850945829,64.43697850945829,Gradient Boosting
AWS,Lambda,ap-south-1,48,335.59,225.96,27.49,67.59212294984526,-40.10212294984527,40.10212294984527,Gradient Boosting
GCP,Cloud Functions,europe-west1,114,59.91,593.56,27.44,77.16496971911981,-49.72496971911981,49.72496971911981,Gradient Boosting
AWS,Lambda,us-west-2,96,75.06,470.24,27.41,84.6146181969914,-57.204618196991404,57.204618196991404,Gradient Boosting
Azure,Functions,westeurope,105,65.83,303.7,27.26,69.55367373008859,-42.293673730088585,42.293673730088585,Gradient Boosting
GCP,Cloud Functions,us-west1,209,216.49,190.82,27.26,72.45347621374736,-45.19347621374736,45.19347621374736,Gradient Boosting
GCP,Cloud Storage,us-central1,160,146.97,450.97,27.17,47.68553688478756,-20.515536884787558,20.515536884787558,Gradient Boosting
Azure,Blob Storage,westeurope,46,390.36,759.27,27.07,51.37093480965301,-24.300934809653008,24.300934809653008,Gradient Boosting
Azure,Blob Storage,eastus,151,240.06,389.83,27.07,46.7250422347467,-19.655042234746702,19.655042234746702,Gradient Boosting
AWS,S3,us-west-2,108,253.12,491.77,27.04,41.6752192569656,-14.635219256965598,14.635219256965598,Gradient Boosting
GCP,Compute Engine,europe-west1,43,75.77,430.25,27.02,115.96966915965052,-88.94966915965053,88.94966915965053,Gradient Boosting
GCP,Cloud Storage,us-central1,159,473.36,416.04,27.02,47.157835367370446,-20.137835367370446,20.137835367370446,Gradient Boosting
GCP,Cloud Storage,us-west1,136,265.02,374.14,26.95,47.68553688478756,-20.73553688478756,20.73553688478756,Gradient Boosting
AWS,S3,us-east-1,150,176.96,228.56,26.88,41.68395045847711,-14.803950458477114,14.803950458477114,Gradient Boosting
Azure,Blob Storage,centralindia,76,161.98,650.68,26.82,53.17886905663712,-26.35886905663712,26.35886905663712,Gradient Boosting
Azure,Azure SQL,westus,148,190.31,158.39,26.81,179.5667840465554,-152.7567840465554,152.7567840465554,Gradient Boosting
Azure,Virtual Machines,eastus,171,565.23,158.71,26.72,165.8156991152266,-139.0956991152266,139.0956991152266,Gradient Boosting
GCP,Cloud Storage,us-central1,134,81.65,456.41,26.67,47.90964722175472,-21.239647221754716,21.239647221754716,Gradient Boosting
Azure,Blob Storage,westeurope,84,96.31,389.11,26.6,39.048504257592775,-12.448504257592774,12.448504257592774,Gradient Boosting
GCP,Cloud Functions,us-west1,95,162.88,558.52,26.58,64.94414920906947,-38.36414920906947,38.36414920906947,Gradient Boosting
Azure,Blob Storage,centralindia,209,1101.2,82.9,26.48,48.81065612742512,-22.33065612742512,22.33065612742512,Gradient Boosting
Azure,Functions,centralindia,93,143.24,91.78,26.47,66.87340307782726,-40.403403077827264,40.403403077827264,Gradient Boosting
GCP,Cloud Storage,us-central1,113,303.57,228.93,26.42,36.03153717447445,-9.61153717447445,9.61153717447445,Gradient Boosting
Azure,Functions,westeurope,93,90.35,119.46,26.37,67.09751341479442,-40.727513414794416,40.727513414794416,Gradient Boosting
Azure,Blob Storage,westeurope,41,88.86,747.36,26.33,51.595045146620166,-25.265045146620167,25.265045146620167,Gradient Boosting
GCP,Cloud Storage,europe-west1,105,122.34,678.47,26.22,54.26021834598697,-28.040218345986972,28.040218345986972,Gradient Boosting
AWS,Lambda,us-east-1,80,50.37,787.96,26.09,86.20377082037899,-60.11377082037899,60.11377082037899,Gradient Boosting
Azure,Blob Storage,centralindia,47,325.3,801.42,26.09,51.37093480965301,-25.280934809653008,25.280934809653008,Gradient Boosting
GCP,Cloud Storage,us-west1,133,106.0,317.02,25.93,44.396651073129064,-18.466651073129064,18.466651073129064,Gradient Boosting
GCP,Cloud Functions,us-central1,114,310.77,251.2,25.88,61.43699851637045,-35.556998516370456,35.556998516370456,Gradient Boosting
GCP,Cloud Storage,us-central1,150,171.99,419.55,25.86,47.68553688478756,-21.82553688478756,21.82553688478756,Gradient Boosting
Azure,Functions,centralindia,88,577.98,206.03,25.8,77.59692068927859,-51.79692068927859,51.79692068927859,Gradient Boosting
Azure,Blob Storage,westus,71,202.27,669.99,25.75,51.37093480965301,-25.620934809653008,25.620934809653008,Gradient Boosting
GCP,Cloud Storage,us-west1,156,75.25,128.8,25.74,43.0483932916988,-17.308393291698803,17.308393291698803,Gradient Boosting
GCP,Cloud Functions,us-central1,108,357.99,313.74,25.7,61.43699851637045,-35.73699851637045,35.73699851637045,Gradient Boosting
GCP,Cloud Functions,us-central1,108,57.21,339.45,25.58,63.48074689420721,-37.90074689420721,37.90074689420721,Gradient Boosting
AWS,S3,us-west-2,121,301.67,242.5,25.53,38.16222310833996,-12.632223108339957,12.632223108339957,Gradient Boosting
GCP,Cloud Functions,europe-west1,95,195.86,216.26,25.51,59.49200457852294,-33.98200457852293,33.98200457852293,Gradient Boosting
Azure,Blob Storage,westus,203,271.56,124.25,25.51,47.58248289123575,-22.072482891235747,22.072482891235747,Gradient Boosting
AWS,S3,us-west-2,207,97.45,127.03,25.3,46.23319042009165,-20.933190420091652,20.933190420091652,Gradient Boosting
AWS,S3,ap-south-1,173,81.01,172.45,25.17,41.90806079544427,-16.73806079544427,16.73806079544427,Gradient Boosting
AWS,Lambda,ap-south-1,59,760.84,341.21,24.97,79.92189887489329,-54.95189887489329,54.95189887489329,Gradient Boosting
AWS,Lambda,eu-west-1,83,81.68,375.15,24.95,84.6146181969914,-59.6646181969914,59.6646181969914,Gradient Boosting
AWS,Lambda,us-west-2,82,306.83,319.28,24.85,79.91648645733312,-55.06648645733312,55.06648645733312,Gradient Boosting
AWS,Lambda,us-east-1,52,221.35,742.22,24.83,84.17172623642773,-59.34172623642773,59.34172623642773,Gradient Boosting
Azure,Blob Storage,westus,100,276.47,439.14,24.83,41.364839912021516,-16.534839912021518,16.534839912021518,Gradient Boosting
GCP,Cloud SQL,europe-west1,41,148.79,274.11,24.82,118.65260255654331,-93.83260255654332,93.83260255654332,Gradient Boosting
Azure,Virtual Machines,westeurope,56,161.52,222.56,24.81,146.4204471836167,-121.61044718361669,121.61044718361669,Gradient Boosting
GCP,Cloud Storage,us-west1,29,151.0,218.34,24.7,83.35725940863753,-58.65725940863753,58.65725940863753,Gradient Boosting
GCP,Cloud Storage,europe-west1,71,80.53,524.93,24.66,38.20106466064949,-13.541064660649493,13.541064660649493,Gradient Boosting
GCP,Cloud SQL,us-central1,60,154.74,218.81,24.64,109.63693785553578,-84.99693785553578,84.99693785553578,Gradient Boosting
AWS,Lambda,ap-south-1,75,265.38,543.52,24.45,84.39050786002424,-59.94050786002424,59.94050786002424,Gradient Boosting
GCP,Cloud Storage,us-central1,88,201.23,266.9,24.17,36.271892422040814,-12.101892422040812,12.101892422040812,Gradient Boosting
Azure,Functions,eastus,28,124.22,92.53,24.1,125.65659708551267,-101.55659708551266,101.55659708551266,Gradient Boosting
GCP,Cloud Storage,us-west1,178,206.63,349.02,23.98,48.492366602589385,-24.512366602589385,24.512366602589385,Gradient Boosting
GCP,Cloud Storage,us-west1,134,91.6,203.92,23.95,43.0483932916988,-19.0983932916988,19.0983932916988,Gradient Boosting
GCP,Cloud Storage,asia-south1,127,556.61,137.67,23.9,37.929027807344255,-14.029027807344256,14.029027807344256,Gradient Boosting
Azure,Functions,westeurope,78,167.27,531.35,23.71,71.73465700788319,-48.024657007883185,48.024657007883185,Gradient Boosting
GCP,Cloud Functions,europe-west1,83,103.89,419.18,23.68,65.16825954603662,-41.48825954603662,41.48825954603662,Gradient Boosting
GCP,Cloud Functions,us-central1,51,461.91,569.09,23.64,63.02151553958428,-39.38151553958428,39.38151553958428,Gradient Boosting
Azure,Functions,westus,69,155.52,199.42,23.42,56.1707367102189,-32.750736710218895,32.750736710218895,Gradient Boosting
AWS,Lambda,ap-south-1,187,66.56,838.49,23.36,91.02860806647051,-67.66860806647051,67.66860806647051,Gradient Boosting
Azure,Blob Storage,westeurope,63,278.2,639.98,23.35,51.37093480965301,-28.020934809653006,28.020934809653006,Gradient Boosting
GCP,Cloud Functions,asia-south1,70,234.98,655.5,22.98,74.53618897875128,-51.55618897875128,51.55618897875128,Gradient Boosting
AWS,S3,us-east-1,111,40.71,330.63,22.62,38.386333445307116,-15.766333445307115,15.766333445307115,Gradient Boosting
Azure,Blob Storage,westus,50,353.79,587.73,22.61,51.37093480965301,-28.76093480965301,28.76093480965301,Gradient Boosting
Azure,Blob Storage,westeurope,109,119.28,221.68,22.61,35.29515286140076,-12.68515286140076,12.68515286140076,Gradient Boosting
Azure,Functions,eastus,138,885.66,514.63,22.58,90.79505891976457,-68.21505891976457,68.21505891976457,Gradient Boosting
AWS,S3,ap-south-1,120,253.78,234.09,22.48,37.08026527389122,-14.600265273891221,14.600265273891221,Gradient Boosting
GCP,Cloud Storage,us-west1,70,174.22,587.09,22.45,50.08302451684622,-27.633024516846223,27.633024516846223,Gradient Boosting
AWS,S3,eu-west-1,161,534.88,77.95,22.38,42.47588770835753,-20.095887708357534,20.095887708357534,Gradient Boosting
AWS,Lambda,eu-west-1,64,156.54,567.78,22.06,81.76137341161943,-59.70137341161943,59.70137341161943,Gradient Boosting
GCP,Cloud Functions,us-central1,53,218.4,968.21,21.98,74.53618897875128,-52.55618897875128,52.55618897875128,Gradient Boosting
AWS,S3,ap-south-1,70,83.45,512.83,21.68,37.749028200570066,-16.069028200570067,16.069028200570067,Gradient Boosting
Azure,Blob Storage,westus,161,368.05,111.05,21.66,41.863788304690765,-20.203788304690764,20.203788304690764,Gradient Boosting
GCP,Cloud Storage,us-west1,221,166.74,247.46,21.63,48.93750091524802,-27.307500915248024,27.307500915248024,Gradient Boosting
AWS,S3,us-west-2,127,433.75,245.51,21.57,38.74007497391223,-17.17007497391223,17.17007497391223,Gradient Boosting
GCP,Cloud Storage,europe-west1,122,410.56,235.34,21.52,36.29783712145598,-14.777837121455978,14.777837121455978,Gradient Boosting
Azure,Functions,westeurope,44,168.02,558.76,21.51,70.55810361797316,-49.048103617973155,49.048103617973155,Gradient Boosting
Azure,Blob Storage,centralindia,150,177.28,379.27,21.5,46.7250422347467,-25.225042234746702,25.225042234746702,Gradient Boosting
GCP,Cloud Storage,us-central1,107,472.49,402.79,21.41,40.36508958711324,-18.95508958711324,18.95508958711324,Gradient Boosting
AWS,S3,eu-west-1,144,372.26,368.6,21.33,46.54520438853304,-25.21520438853304,25.21520438853304,Gradient Boosting
GCP,Cloud Functions,asia-south1,96,231.61,709.29,21.21,76.34412322573539,-55.13412322573539,55.13412322573539,Gradient Boosting
Azure,Functions,centralindia,81,135.61,68.04,21.06,65.9123778237618,-44.8523778237618,44.8523778237618,Gradient Boosting
GCP,Cloud Storage,us-central1,136,218.85,162.07,21.02,42.82428295473164,-21.804282954731644,21.804282954731644,Gradient Boosting
GCP,Cloud Storage,us-central1,97,160.3,358.83,20.96,39.78488857066645,-18.824888570666452,18.824888570666452,Gradient Boosting
Azure,Blob Storage,westus,103,623.23,365.23,20.91,40.72423370436994,-19.814233704369936,19.814233704369936,Gradient Boosting
AWS,Lambda,ap-south-1,65,95.07,267.22,20.71,77.09819793480149,-56.38819793480149,56.38819793480149,Gradient Boosting
GCP,Cloud Functions,europe-west1,96,237.81,432.69,20.64,64.94414920906947,-44.304149209069465,44.304149209069465,Gradient Boosting
GCP,Cloud Storage,us-west1,64,108.92,479.98,20.49,38.20106466064949,-17.711064660649495,17.711064660649495,Gradient Boosting
AWS,S3,us-east-1,113,137.63,279.54,20.37,38.16222310833996,-17.792223108339957,17.792223108339957,Gradient Boosting
Azure,Functions,westeurope,76,253.11,270.55,20.33,67.26063560519206,-46.930635605192066,46.930635605192066,Gradient Boosting
Azure,Blob Storage,westeurope,137,686.54,119.21,20.3,43.091961540880135,-22.791961540880134,22.791961540880134,Gradient Boosting
Azure,Blob Storage,westeurope,45,179.91,616.8,20.16,51.37093480965301,-31.210934809653008,31.210934809653008,Gradient Boosting
Azure,Functions,westeurope,50,235.96,286.97,20.09,65.45270135820796,-45.36270135820796,45.36270135820796,Gradient Boosting
GCP,Cloud Storage,europe-west1,102,210.64,182.59,20.09,37.46408063200645,-17.37408063200645,17.37408063200645,Gradient Boosting
AWS,Lambda,us-west-2,54,343.61,443.37,20.06,82.58257361304014,-62.52257361304014,62.52257361304014,Gradient Boosting
Azure,Blob Storage,westeurope,180,232.0,215.48,19.91,44.361037322476705,-24.451037322476704,24.451037322476704,Gradient Boosting
GCP,Cloud Functions,europe-west1,73,144.86,318.94,19.59,58.75822982167797,-39.16822982167797,39.16822982167797,Gradient Boosting
AWS,S3,us-east-1,135,350.3,311.64,19.52,43.032208239907376,-23.512208239907377,23.512208239907377,Gradient Boosting
Azure,Blob Storage,westus,131,303.15,325.84,19.49,37.52485368885322,-18.03485368885322,18.03485368885322,Gradient Boosting
AWS,S3,us-west-2,71,154.64,388.72,19.39,38.759382476117594,-19.369382476117593,19.369382476117593,Gradient Boosting
GCP,Cloud Functions,us-west1,49,200.8,339.36,19.38,59.890940899773206,-40.5109408997732,40.5109408997732,Gradient Boosting
AWS,Lambda,ap-south-1,192,127.51,339.99,19.27,96.57426748165118,-77.30426748165118,77.30426748165118,Gradient Boosting
Azure,Blob Storage,westus,149,213.31,167.29,18.83,41.863788304690765,-23.033788304690766,23.033788304690766,Gradient Boosting
AWS,Lambda,us-east-1,160,499.25,77.85,18.53,88.22183949396984,-69.69183949396984,69.69183949396984,Gradient Boosting
AWS,S3,us-east-1,88,70.73,330.27,18.17,37.278430911443216,-19.108430911443214,19.108430911443214,Gradient Boosting
AWS,S3,us-east-1,63,308.39,582.27,18.13,53.921385763889994,-35.79138576388999,35.79138576388999,Gradient Boosting
Azure,Blob Storage,westeurope,105,558.12,114.46,17.95,35.86297977431402,-17.91297977431402,17.91297977431402,Gradient Boosting
Azure,Blob Storage,centralindia,82,65.32,294.36,17.75,34.57448285490166,-16.82448285490166,16.82448285490166,Gradient Boosting
AWS,S3,eu-west-1,100,235.74,215.0,17.73,38.246508784441694,-20.516508784441694,20.516508784441694,Gradient Boosting
GCP,Cloud Functions,asia-south1,64,52.69,221.79,17.44,49.01344854788174,-31.573448547881735,31.573448547881735,Gradient Boosting
AWS,S3,ap-south-1,222,53.53,234.62,17.39,49.422665303734576,-32.032665303734575,32.032665303734575,Gradient Boosting
AWS,Lambda,us-east-1,48,94.88,147.05,17.14,69.0506978993271,-51.910697899327104,51.910697899327104,Gradient Boosting
Azure,Blob Storage,eastus,84,190.19,271.11,17.08,34.3503725179345,-17.270372517934504,17.270372517934504,Gradient Boosting
AWS,S3,us-west-2,22,161.18,226.43,16.87,86.7908989107099,-69.9208989107099,69.9208989107099,Gradient Boosting
Azure,Functions,westeurope,47,282.07,508.04,16.82,69.92672276089908,-53.10672276089908,53.10672276089908,Gradient Boosting
AWS,S3,ap-south-1,56,297.84,390.06,16.74,37.52491786360291,-20.78491786360291,20.78491786360291,Gradient Boosting
AWS,S3,us-west-2,202,181.09,295.15,16.73,47.35733786455476,-30.627337864554757,30.627337864554757,Gradient Boosting
AWS,Lambda,ap-south-1,60,325.58,254.53,16.69,76.87408759783433,-60.184087597834335,60.184087597834335,Gradient Boosting
AWS,S3,us-east-1,96,118.53,265.51,16.59,37.278430911443216,-20.688430911443216,20.688430911443216,Gradient Boosting
AWS,S3,ap-south-1,101,94.22,167.66,16.56,38.47061912140885,-21.910619121408853,21.910619121408853,Gradient Boosting
GCP,Cloud Storage,us-central1,87,124.15,258.14,16.33,35.53497750494251,-19.204977504942512,19.204977504942512,Gradient Boosting
Azure,Functions,westeurope,37,343.23,166.26,16.11,112.44099449793609,-96.33099449793609,96.33099449793609,Gradient Boosting
AWS,S3,ap-south-1,89,65.75,136.74,16.03,35.93017313001295,-19.900173130012952,19.900173130012952,Gradient Boosting
GCP,Cloud Storage,us-west1,81,122.11,107.34,15.88,34.18671972351225,-18.306719723512245,18.306719723512245,Gradient Boosting
Azure,Blob Storage,westus,35,204.17,191.78,15.87,79.65446469270881,-63.784464692708816,63.784464692708816,Gradient Boosting
Azure,Blob Storage,westeurope,108,363.04,170.66,15.39,35.0710425244336,-19.6810425244336,19.6810425244336,Gradient Boosting
GCP,Cloud Storage,asia-south1,57,104.02,298.18,15.37,33.72704325795839,-18.357043257958395,18.357043257958395,Gradient Boosting
Azure,Functions,westus,43,143.99,258.7,15.01,65.45270135820796,-50.44270135820796,50.44270135820796,Gradient Boosting
Azure,Blob Storage,westeurope,72,206.08,253.85,15.0,32.542438270950385,-17.542438270950385,17.542438270950385,Gradient Boosting
AWS,S3,us-east-1,166,332.72,144.73,14.99,41.68395045847711,-26.69395045847711,26.69395045847711,Gradient Boosting
Azure,Functions,centralindia,57,161.73,83.71,14.46,56.1707367102189,-41.710736710218896,41.710736710218896,Gradient Boosting
GCP,Cloud Storage,us-central1,73,201.01,214.58,14.34,25.932250579524617,-11.592250579524617,11.592250579524617,Gradient Boosting
GCP,Cloud Storage,europe-west1,42,87.72,125.65,14.28,24.44507860996933,-10.16507860996933,10.16507860996933,Gradient Boosting
GCP,Cloud Functions,us-west1,55,135.0,104.93,14.23,48.78933821091458,-34.559338210914575,34.559338210914575,Gradient Boosting
GCP,Cloud Storage,europe-west1,199,269.3,552.35,13.85,49.51279039978723,-35.66279039978723,35.66279039978723,Gradient Boosting
AWS,S3,ap-south-1,192,105.99,241.89,13.41,47.581448201521916,-34.17144820152191,34.17144820152191,Gradient Boosting
Azure,Functions,westus,43,64.06,161.91,13.33,56.394847047186055,-43.064847047186056,43.064847047186056,Gradient Boosting
Azure,Blob Storage,westus,44,159.54,345.71,13.14,34.362076311819955,-21.222076311819954,21.222076311819954,Gradient Boosting
AWS,S3,us-east-1,86,593.91,157.25,13.11,35.53697478886075,-22.426974788860754,22.426974788860754,Gradient Boosting
GCP,Cloud Storage,us-west1,66,104.23,236.73,13.08,21.764680208030022,-8.684680208030022,8.684680208030022,Gradient Boosting
Azure,Blob Storage,westeurope,32,186.46,148.15,12.95,81.84587175884032,-68.89587175884031,68.89587175884031,Gradient Boosting
Azure,Blob Storage,westus,104,307.11,154.09,12.64,35.0710425244336,-22.4310425244336,22.4310425244336,Gradient Boosting
GCP,Cloud Storage,asia-south1,92,162.92,97.87,12.56,34.92363464061055,-22.36363464061055,22.36363464061055,Gradient Boosting
GCP,Cloud Storage,europe-west1,188,376.7,101.55,12.55,45.32447078028953,-32.77447078028953,32.77447078028953,Gradient Boosting
Azure,Blob Storage,centralindia,43,403.35,147.86,12.24,23.260473622961335,-11.020473622961335,11.020473622961335,Gradient Boosting
GCP,Cloud Functions,asia-south1,145,264.72,221.42,12.09,66.88148651519738,-54.79148651519738,54.79148651519738,Gradient Boosting
AWS,S3,us-west-2,45,241.35,272.95,11.76,34.28536107342649,-22.525361073426495,22.525361073426495,Gradient Boosting
GCP,Cloud Storage,us-central1,46,254.72,221.31,11.76,24.22096827300217,-12.460968273002171,12.460968273002171,Gradient Boosting
GCP,Cloud Functions,asia-south1,46,321.65,138.55,11.65,48.78933821091458,-37.13933821091458,37.13933821091458,Gradient Boosting
AWS,S3,eu-west-1,46,420.2,194.3,11.39,25.003396425437437,-13.613396425437436,13.613396425437436,Gradient Boosting
AWS,S3,us-east-1,72,91.19,248.21,11.25,34.50947141039365,-23.25947141039365,23.25947141039365,Gradient Boosting
AWS,S3,ap-south-1,56,119.15,116.07,11.06,23.99304214988991,-12.933042149889909,12.933042149889909,Gradient Boosting
GCP,Cloud Storage,asia-south1,63,77.63,206.4,10.62,24.44507860996933,-13.82507860996933,13.82507860996933,Gradient Boosting
Azure,Blob Storage,centralindia,48,190.28,159.54,10.53,23.260473622961335,-12.730473622961336,12.730473622961336,Gradient Boosting
Azure,Blob Storage,westus,45,65.61,178.43,9.91,23.484583959928493,-13.574583959928493,13.574583959928493,Gradient Boosting
Azure,Blob Storage,westus,84,232.43,150.79,9.71,33.00211473650424,-23.29211473650424,23.29211473650424,Gradient Boosting
AWS,S3,eu-west-1,41,185.27,151.83,7.99,25.003396425437437,-17.013396425437435,17.013396425437435,Gradient Boosting
AWS,S3,us-east-1,164,72.96,129.1,7.68,41.90806079544427,-34.22806079544427,34.22806079544427,Gradient Boosting
